OBJECTID,solute,beta_drought_like,beta_non_drought_highflow,beta_normal,beta_post_drought_rewetting,alpha_drought_like,alpha_non_drought_highflow,alpha_normal,alpha_post_drought_rewetting,n_obs_drought_like,n_obs_non_drought_highflow,n_obs_normal,n_obs_post_drought_rewetting,cv_c_drought_like,cv_c_non_drought_highflow,cv_c_normal,cv_c_post_drought_rewetting,cv_q_drought_like,cv_q_non_drought_highflow,cv_q_normal,cv_q_post_drought_rewetting,cv_ratio_drought_like,cv_ratio_non_drought_highflow,cv_ratio_normal,cv_ratio_post_drought_rewetting,delta_beta_drought_like,delta_cv_ratio_drought_like,delta_beta_post_drought_rewetting,delta_cv_ratio_post_drought_rewetting,delta_beta_non_drought_highflow,delta_cv_ratio_non_drought_highflow
193,DOC,0.13584393771596023,0.2563035367338389,0.2441206032408914,0.23604553298481212,1.0832632480723463,1.2431904057068717,1.1306871297054015,1.2191044056941784,65.0,32.0,100.0,31.0,0.09235108990456158,0.13151237325167314,0.11751551166837826,0.13688912633686806,0.25808535991283665,0.32878569840887745,0.3070828768639817,0.33622479933681565,0.35783157144501093,0.3999942025705891,0.3826833748220686,0.4071357217161676,-0.10827666552493118,-0.02485180337705767,-0.008075070256079286,0.024452346894098975,0.012182933492947468,0.017310827748520496
193,NO3N,-0.15276917838631096,-0.09478460584195583,-0.0904205344856216,-0.04154011334838865,1.69491472961325,1.6050172164478167,1.6304659089241709,1.5849199328053278,72.0,56.0,148.0,36.0,0.07242686183347165,0.08069461393897732,0.06735609799805789,0.08592271175340811,0.25690259553096595,0.3300716690026287,0.30803144199413635,0.33863250513389836,0.28192343360245115,0.24447603813684074,0.21866630744578364,0.2537343889046726,-0.062348643900689366,0.06325712615666751,0.04888042113723295,0.035068081458888956,-0.004364071356334237,0.025809730691057103
193,PO4P,-0.6286015298201665,-0.4155935750232192,-0.522044331413105,-0.45367641267898917,-1.8570725935145822,-1.7104670602019523,-1.763090657966241,-1.7100089609829765,72.0,56.0,148.0,36.0,0.20239041421477896,0.1961127653314997,0.18886429710245597,0.19831439692327948,0.25690259553096595,0.3300716690026287,0.30803144199413635,0.33863250513389836,0.787809923821434,0.5941520698340755,0.6131331784826407,0.5856330798629746,-0.10655719840706146,0.1746767453387933,0.06836791873411585,-0.02750009861966607,0.10645075638988583,-0.01898110864856517
194,DOC,0.04333733839946131,0.10243516795528033,0.030910745079585134,0.13596221080559018,1.4520943718616,1.4347971657522312,1.4520339604674122,1.465005213238681,54.0,36.0,113.0,25.0,0.04001555155887681,0.12886021609496426,0.049356369064989324,0.09171521808293495,0.293641212176667,0.37601271178266404,0.3745458254353064,0.3659882427342141,0.13627362202415155,0.34270175464026775,0.1317765830325999,0.2505960776164601,0.012426593319876174,0.004497038991551655,0.10505146572600504,0.11881949458386018,0.0715244228756952,0.21092517160766786
194,NO3N,0.04991968519288089,-0.1373033335920167,-0.03715630488556928,-0.19861940613249798,1.7213858260220156,1.5616717871136516,1.5791489872480289,1.6457589046912358,67.0,56.0,148.0,29.0,0.2245614695016301,0.1772282759017614,0.18231742310116575,0.20387850967618726,0.3046314131066866,0.3744301640763486,0.3740786157337732,0.36700610910565845,0.7371579549578008,0.4733279871800699,0.4873772929883772,0.5555180271331454,0.08707599007845017,0.2497806619694236,-0.1614631012469287,0.06814073414476818,-0.10014702870644743,-0.014049305808307266
194,PO4P,-0.2638706911224016,-0.6193818256488249,-0.5159800348457442,-0.6718495404486968,-1.6330801365189518,-1.2954030657880145,-1.588959175916861,-1.3054300602938667,67.0,56.0,148.0,29.0,0.573185413410654,0.4994576919441057,0.4753415975167597,0.6173383329564239,0.3046314131066866,0.3744301640763486,0.3740786157337732,0.36700610910565845,1.8815702805078596,1.3339141443803744,1.2706997340234332,1.6820927980212357,0.2521093437233426,0.6108705464844264,-0.15586950560295265,0.4113930639978025,-0.10340179080308076,0.0632144103569412
198,DOC,-0.012541835261898136,0.07533431319968889,-0.027596260986224082,0.4645223577414071,0.9043242691781991,0.9194041550676708,0.9108694613339821,0.853588893531494,60.0,44.0,119.0,5.0,0.06491134827872322,0.06429953468163394,0.07536055868158574,0.08844020233225702,0.29364816061088034,0.19142832904703194,0.2558781323265672,0.16370077280308573,0.2210514383733487,0.3358935169195162,0.29451738605550715,0.5402552524210804,0.015054425724325946,-0.07346594768215844,0.4921186187276312,0.24573786636557327,0.10293057418591298,0.04137613086400904
198,NO3N,-0.2246844066046367,0.011163625628775556,-0.08859748463910026,0.7523408699929046,1.9385753359730469,1.8886452507460423,1.9616667236999368,2.030157106615993,60.0,71.0,151.0,5.0,0.1644501272965028,0.08572182732603369,0.10638890595957362,0.13155078864769795,0.30287570807108843,0.22927129043549307,0.24998559438815768,0.16370077280308573,0.5429624196137396,0.3738881879332034,0.42558014680790535,0.8036051778811043,-0.13608692196553646,0.11738227280583424,0.8409383546320048,0.37802503107319896,0.09976111026787582,-0.05169195887470196
198,PO4P,-0.09194743888574128,0.009948249185985206,-0.100298305477766,-1.6677148830977815,-1.929970294034076,-1.6253256996264953,-1.7946303623083741,-1.543636610220677,60.0,71.0,151.0,5.0,0.35128413929020563,0.23312989058697792,0.3524784273821392,0.3315786951718754,0.30287570807108843,0.22927129043549307,0.24998559438815768,0.16370077280308573,1.159829362108351,1.016829844435191,1.409994956888751,2.025516981344545,0.00835086659202472,-0.2501655947804,-1.5674165776200155,0.6155220244557937,0.1102465546637512,-0.39316511245356
199,NO3N,0.45265011733309307,0.12809583255968132,0.1824175857488256,0.29133820859355514,-0.3431021295060127,0.17602637051667042,0.1559322871486163,-0.3011153576497002,72.0,57.0,153.0,42.0,0.2541903228571901,0.16287340526172356,0.17792644474652541,0.2122791141822899,0.37250728505674474,0.26715516040745707,0.3275815674470129,0.3043733719801809,0.6823767830969234,0.6096584659390966,0.5431515763636654,0.6974299781917597,0.27023253158426747,0.139225206733258,0.10892062284472953,0.15427840182809427,-0.054321753189144284,0.06650688957543116
199,PO4P,0.6263423658286498,0.4738247152694882,0.4655913488727344,0.56718284608014,-6.082342646408875,-5.460949084331894,-5.550391399394352,-5.777496851599859,72.0,57.0,153.0,42.0,0.35620576337817406,0.2942547285952069,0.3351406980541332,0.36873949506162396,0.37250728505674474,0.26715516040745707,0.3275815674470129,0.3043733719801809,0.9562383815498067,1.101437562150843,1.0230755676091057,1.2114709399928527,0.16075101695591537,-0.066837186059299,0.10159149720740562,0.18839537238374704,0.008233366396753816,0.07836199454173731
200,NO3N,0.3384897834967587,0.1902072081372809,0.23252330979748476,0.2618222161168757,0.8595242802792707,0.8072961988144279,0.8459421825397069,0.7605886362545873,72.0,63.0,161.0,28.0,0.12376362169766329,0.12914230294887583,0.1163308403998001,0.12215922396007513,0.2620234871217501,0.32009228607830664,0.31287440799673616,0.3295572320565106,0.4723378925193683,0.40345334319391485,0.3718132177848616,0.3706768114229335,0.10596647369927392,0.10052467473450671,0.029298906319390916,-0.0011364063619280773,-0.04231610166020386,0.031640125409053255
200,PO4P,-0.22947397347728987,0.1803869797941585,-0.1162785634465649,-0.008721418422480741,-3.596640086365463,-3.5102569663666996,-3.428440634718444,-3.4032663460484174,72.0,63.0,161.0,28.0,0.36498710445755145,0.3481744072823577,0.34048788247026995,0.38067011029964615,0.2620234871217501,0.32009228607830664,0.31287440799673616,0.3295572320565106,1.3929556791523767,1.0877313275746392,1.0882573766590136,1.155095604864077,-0.11319541003072497,0.30469830249336316,0.10755714502408416,0.06683822820506347,0.29666554324072336,-0.0005260490843743693
201,NO3N,0.14648648470773734,-0.0025640704503927837,0.2140274291678446,0.08918525075920068,0.8363555241902487,1.1058741174865871,0.6480079628285567,0.8678151850580192,72.0,66.0,148.0,26.0,0.1252380789725454,0.12580747965371217,0.11670299014688136,0.1328978174274651,0.2568450886085443,0.15591984026829156,0.18360355950197613,0.1934086731068439,0.48760161095943644,0.8068728100108042,0.63562487820736,0.6871347354420292,-0.06754094446010725,-0.14802326724792358,-0.12484217840864391,0.051509857234669165,-0.21659149961823737,0.17124793180344422
201,PO4P,-0.18438074181975464,-0.15269221186254198,-0.25672291431582955,-0.32721066787496783,-2.974811594473937,-2.7227641233922335,-2.6022298751053468,-2.4426829769025336,72.0,66.0,148.0,26.0,0.3284707363377434,0.21429821844099417,0.2365028013125942,0.21800347047336274,0.2568450886085443,0.15591984026829156,0.18360355950197613,0.1934086731068439,1.278867110588839,1.374412762816142,1.2881166462900122,1.1271649144344837,0.07234217249607491,-0.009249535701173262,-0.07048775355913828,-0.16095173185552847,0.10403070245328758,0.08629611652612978
212,NO3N,-0.11166862460763047,0.16897102868038574,-0.01654942852574141,0.5706244193500757,0.7913310822581723,0.22888109052012562,0.6643585253032253,-0.6559016511374969,60.0,53.0,128.0,23.0,0.14975910615914703,0.08465836018056308,0.11572439736389041,0.11667188931036347,0.5191235852247817,0.08449525018324543,0.2204538196406343,0.11847678375271845,0.28848449660460135,1.0019304043359114,0.5249371390005164,0.9847658386294306,-0.09511919608188905,-0.23645264239591507,0.5871738478758171,0.45982869962891415,0.18552045720612714,0.476993265335395
212,PO4P,-0.19645843947901973,-1.225856536667687,-0.39749105317761796,-1.2426348154761941,-2.785850244618028,-0.24810535073531126,-2.229281377507293,-0.36878512934302776,60.0,53.0,128.0,23.0,0.2709400279639581,0.17582880302329215,0.23901853648469212,0.2053035387442922,0.5191235852247817,0.08449525018324543,0.2204538196406343,0.11847678375271845,0.5219181629874136,2.080931207872289,1.0842113639687465,1.7328588120082347,0.20103261369859823,-0.562293200981333,-0.8451437622985762,0.6486474480394882,-0.8283654834900691,0.9967198439035423
218,DOC,-0.07126828653882139,0.060579812021797234,-0.018067420446681123,-0.05149891016821327,1.2648003556067244,1.2800553285090175,1.2885907217703372,1.3882099360136415,54.0,47.0,134.0,17.0,0.0726641881190853,0.08711736077971077,0.056754654501933274,0.07912427003281365,0.25984113929352315,0.3289202736607196,0.3043511095947474,0.22387867353551308,0.2796485126129392,0.26485859266179534,0.18647756723313344,0.3534247759434864,-0.05320086609214027,0.09317094537980578,-0.03343148972153215,0.16694720871035298,0.07864723246847835,0.0783810254286619
218,NO3N,0.1534105122855727,-0.019773858376879467,0.06007799439182687,-0.05759558778535029,1.706623891700791,1.6957769371343838,1.694587516055744,1.7482167041514503,72.0,61.0,169.0,22.0,0.20590522965168356,0.14267800706530123,0.1782211093042353,0.12842443574867562,0.25771099518794405,0.33019675803229565,0.30800359262782395,0.23593298283178943,0.7989772787983708,0.4320999634143782,0.5786332158780652,0.5443259107194732,0.09333251789374583,0.22034406292030562,-0.11767358217717716,-0.03430730515859193,-0.07985185276870634,-0.14653325246368698
218,PO4P,-0.11527159766092225,-0.3648528508829302,-0.3785081240009189,-0.12154725902641544,-1.673488411144547,-1.1757274626937486,-1.345266691008894,-1.6771870890279479,72.0,61.0,169.0,22.0,0.384156636862034,0.259242279603943,0.2974120727542451,0.3234446707713975,0.25771099518794405,0.33019675803229565,0.30800359262782395,0.23593298283178943,1.4906489984328197,0.7851145515444075,0.9656123495728924,1.3709175668838143,0.2632365263399966,0.5250366488599273,0.25696086497450343,0.40530521731092184,0.013655273117988698,-0.18049779802848498
220,DOC,0.18920457056980558,0.025747103608118837,-0.011417610631604746,0.012751280285625602,1.6723148327758182,1.5013984429520852,1.514110643090229,1.5766608979258092,44.0,39.0,112.0,15.0,0.09053094654673897,0.060329679467246045,0.05662113464211589,0.06512602195356455,0.14115507369696573,0.24654673533881372,0.22986140489507226,0.1965389975518851,0.6413580764450059,0.24469875613781197,0.24632727998840195,0.3313643743215475,0.20062218120141032,0.3950307964566039,0.024168890917230346,0.08503709433314552,0.03716471423972358,-0.0016285238505899802
220,NO3N,0.27315990122358097,-0.1162608451226652,0.07855052730833027,-0.385895399114076,2.1622686817447274,1.8035676120977302,1.9017500999484913,1.8755017677849461,60.0,54.0,137.0,20.0,0.21585059986174657,0.20937290594183547,0.19280050927573164,0.21210819964927985,0.15158850398721743,0.24707644723170177,0.2265134194654614,0.1897052743189429,1.423924599717324,0.8474013135921898,0.8511659473893983,1.118093318231479,0.19460937391525068,0.5727586523279257,-0.4644459264224063,0.2669273708420806,-0.19481137243099547,-0.003764633797208483
220,PO4P,0.23373440120823955,0.10965856615701883,-0.000312653561684381,-0.3332836096714296,-1.1989818667138357,-1.3159598987149095,-1.3420862708431032,-1.421431802264482,60.0,54.0,137.0,20.0,0.2317654393031587,0.2547338482237649,0.1813613330874223,0.2412253271652,0.15158850398721743,0.24707644723170177,0.2265134194654614,0.1897052743189429,1.5289117130062986,1.030992031324144,0.8006648503007396,1.2715794435933223,0.23404705476992393,0.7282468627055589,-0.33297095610974525,0.4709145932925827,0.1099712197187032,0.23032718102340444
221,NO3N,-0.09371086028555518,-0.1113712139628911,-0.058190038148184464,-0.07105109450402602,1.6253155717946612,1.6319786454161636,1.4861516228885294,1.502771818897364,56.0,49.0,125.0,18.0,0.09143733979676967,0.07503034761193425,0.07120075800270437,0.07321657252685852,0.3795218221054296,0.5044282539090928,0.43182292139202155,0.3940578123503123,0.24092775295373858,0.14874334859414137,0.16488415615637556,0.1858016012680138,-0.03552082213737072,0.07604359679736303,-0.01286105635584156,0.020917445111638233,-0.05318117581470663,-0.016140807562234183
221,PO4P,-0.4284946009533777,-0.498367885175503,-0.4438476548877558,-0.5113691216997416,-0.9533802849190605,-0.30920324400564936,-0.7186316573015723,-0.3463461607510758,56.0,49.0,125.0,18.0,0.27904854100958565,0.25376580258261205,0.27777618703921486,0.28607370864878634,0.3795218221054296,0.5044282539090928,0.43182292139202155,0.3940578123503123,0.735263494103027,0.503076107684375,0.6432641096118227,0.7259688799025015,0.01535305393437808,0.09199938449120437,-0.06752146681198579,0.0827047702906788,-0.05452023028774722,-0.14018800192744763
224,DOC,-0.005521409086105394,0.1008307507468953,0.07869513257255618,0.09304592420034533,1.0987120428770738,1.2262290084338594,1.1425628373402028,1.1834311856636248,54.0,37.0,125.0,36.0,0.08863469811425433,0.07075992286001949,0.08978538853654622,0.09294713114428697,0.4295954517456947,0.3870971174263888,0.47217136961833317,0.551174281546053,0.2063213140504172,0.18279630530567137,0.19015424126439895,0.168634739058522,-0.08421654165866158,0.016167072786018255,0.014350791627789142,-0.02151950220587695,0.022135618174339122,-0.0073579359587275794
224,NO3N,-0.007671486728862114,-0.03762393760251263,-0.036239820828286085,-0.12740011692155018,1.3334326912834242,1.2159515051814935,1.2706027970804175,1.402704422806674,72.0,54.0,158.0,40.0,0.19445806884431632,0.1608367274315506,0.15662664759170872,0.18808472652850886,0.45121944213089177,0.3753771345790398,0.47542717058823586,0.5257389542372322,0.43096119246543246,0.4284670338589434,0.3294440395527204,0.35775307310334536,0.02856833409942397,0.10151715291271207,-0.09116029609326409,0.028309033550624974,-0.0013841167742265487,0.09902299430622302
224,PO4P,-0.12888025836723188,-0.3135367149768932,-0.20231833998547624,-0.36107513717136763,-2.570612021351274,-2.1273536111575426,-2.4668894352268738,-2.10222770940106,72.0,54.0,158.0,40.0,0.3048132166314125,0.24690779577641583,0.2798061082591955,0.26653394032070465,0.45121944213089177,0.3753771345790398,0.47542717058823586,0.5257389542372322,0.6755320985104868,0.6577592853472716,0.5885362166259817,0.5069701192436942,0.07343808161824436,0.08699588188450513,-0.1587567971858914,-0.08156609738228748,-0.11121837499141699,0.06922306872128992
226,NO3N,-0.04295147655018834,-0.10857542654491636,-0.0688989202365121,-0.047218743933006,1.6202474041945187,1.7456583615490864,1.6865161483808722,1.5771788440636583,64.0,56.0,172.0,32.0,0.13547440495423682,0.12234987981801865,0.13004543668968577,0.09215138503072,0.4491326138107322,0.434881841312954,0.5054907843329639,0.5178533187266404,0.30163564343453964,0.2813405118241578,0.2572656925116672,0.17794881619627895,0.025947443686323762,0.044369950922872436,0.021680176303506105,-0.07931687631538825,-0.03967650630840426,0.024074819312490614
226,PO4P,-0.23485545312710152,-0.5082357447654926,-0.42695851018046166,-0.1904279042099471,-1.6429317246155561,-0.8066818988771649,-1.2117604868435419,-1.8454196096312578,72.0,56.0,176.0,33.0,1.0559968668003277,0.3630467725756559,0.4717094883060844,0.34005972856646094,0.44233248299603856,0.434881841312954,0.5026170709317771,0.507787191526218,2.387337370404662,0.8348170424398027,0.9385066994075735,0.6696894570033735,0.19210305705336014,1.4488306709970886,0.23653060597051456,-0.2688172424042,-0.08127723458503094,-0.10368965696777077
227,NO3N,0.01859120615754445,-0.055946527282635924,-0.04805301743690601,-0.0511370818997855,1.2889641263110867,1.165087421541032,1.2430031768699519,1.1822844260766836,60.0,45.0,154.0,29.0,0.09231728957812756,0.08617702809935153,0.09163674825846513,0.09873203295556432,0.6956846246050568,0.700441470786283,0.6947386296453331,0.5582124727427521,0.13269991360027036,0.12303244695465161,0.13190104069100933,0.17687177871617393,0.06664422359445046,0.0007988729092610336,-0.003084064462879489,0.0449707380251646,-0.007893509845729917,-0.008868593736357719
227,PO4P,-0.38862072780082135,-0.336261313942085,-0.40379187212333983,-0.44738819567022264,-1.7139622822462157,-1.58665064285808,-1.60458891916872,-1.4729148384842559,60.0,45.0,154.0,29.0,0.294506500179094,0.29640843894079355,0.30617299246553276,0.35389805254690127,0.6956846246050568,0.700441470786283,0.6947386296453331,0.5582124727427521,0.42333334640863546,0.42317374299391386,0.4407024158449852,0.633984494843046,0.015171144322518482,-0.01736906943634975,-0.04359632354688281,0.19328207899806077,0.06753055818125481,-0.017528672851071347
234,DOC,0.05172139169868924,0.2206350920166624,0.12261935727794734,0.21555196223297196,0.8580987950922387,0.6607705935620432,0.8433486180110608,0.6226811399760098,49.0,51.0,132.0,20.0,0.11371063884015213,0.20477498947365247,0.1441994581450057,0.181462415987354,0.4884952197756663,0.6293895336540943,0.5853410352061575,0.3694309099182754,0.2327773829442424,0.325354932874042,0.24635118584197424,0.49119445914121446,-0.07089796557925811,-0.01357380289773183,0.09293260495502462,0.24484327329924022,0.09801573473871505,0.07900374703206775
234,NO3N,0.3596345531620258,0.2722022108892849,0.268490329422686,0.2259480549620801,0.8073407832496984,0.794184344636431,0.9124877139092534,1.0014275058524107,72.0,61.0,177.0,26.0,0.2409019902284422,0.2068591830424555,0.19677274119842136,0.16109225375318853,0.513004896060832,0.6239472306663302,0.5693256147956205,0.44992493255830535,0.4695900411053311,0.3315331375404054,0.34562425452973844,0.3580425135304382,0.09114422373933978,0.12396578657559265,-0.04254227446060593,0.01241825900069976,0.0037118814665988986,-0.014091116989333019
234,PO4P,-0.19828212649370217,-0.09387814641619183,-0.18204965244139665,0.13684973929075211,-2.238381599563614,-1.7427143726355847,-1.8198096876996264,-2.6415747521641104,72.0,61.0,177.0,26.0,0.47070901095521306,0.28273469478122504,0.35331846396498545,0.291556677570831,0.513004896060832,0.6239472306663302,0.5693256147956205,0.44992493255830535,0.9175526677612771,0.4531387926496364,0.6205911955881724,0.6480118270241635,-0.016232474052305518,0.29696147217310465,0.31889939173214876,0.02742063143599105,0.08817150602520482,-0.16745240293853603
242,NO3N,0.044595491080413274,0.021229428818001665,0.05619728419220862,0.024641018627075937,0.2862171128839905,0.24220924889786677,0.19958398123667814,0.2351662585736315,60.0,45.0,123.0,24.0,0.10381956072642629,0.09433190216716789,0.0875164584888142,0.09788360769634626,0.6006056914429986,0.4932323185341843,0.5464468286887817,0.5427964705195291,0.1728581034205525,0.19125247600868647,0.16015548795262113,0.1803320636972059,-0.011601793111795343,0.01270261546793136,-0.03155626556513268,0.020176575744584757,-0.03496785537420695,0.03109698805606534
242,PO4P,-0.005236973578452513,-0.4132289540087444,-0.299653595373986,-0.38641720187572,-3.2479499113063084,-1.6925595598073548,-2.2794160936489147,-1.896755372039496,60.0,45.0,123.0,24.0,0.326871656803343,0.26447381315823,0.2712777042772136,0.27760967280479004,0.6006056914429986,0.4932323185341843,0.5464468286887817,0.5427964705195291,0.544236695489865,0.5362053604763942,0.49643934237509246,0.511443400763237,0.2944166217955335,0.04779735311477251,-0.08676360650173398,0.015004058388144559,-0.11357535863475837,0.03976601810130176
243,DOC,-0.047748576883134206,-0.09381295335217968,-0.015080929048842921,0.010741769477830858,0.818723297475161,1.3535847589183294,0.9155405664753554,0.8755292066817013,43.0,50.0,134.0,25.0,0.07731362241274321,0.1302636014385068,0.09663413737396308,0.11233561154490689,0.4295707156470929,0.5019192731454454,0.5522455162271389,0.5624494072441215,0.17997880115333328,0.25953098119178863,0.17498401441835773,0.19972571772335346,-0.03266764783429128,0.004994786734975554,0.02582269852667378,0.024741703304995727,-0.07873202430333676,0.0845469667734309
243,NO3N,0.32622846029102176,0.10532196493372925,0.10119818687478761,0.006840084522257751,-0.34665532818617795,0.019190778110473206,0.1079675654407834,0.4099050501211597,72.0,60.0,173.0,31.0,0.28924350839889607,0.15846147165727328,0.1841417070659695,0.19884861636998943,0.528560934177215,0.49884196694085037,0.539795929540013,0.5277982254488472,0.5472283131350737,0.3176586617782755,0.3411320778629913,0.37675120298270365,0.22503027341623416,0.20609623527208237,-0.09435810235252987,0.035619125119712325,0.004123778058941638,-0.023473416084715815
243,PO4P,0.3592836559982435,-0.3235782763150306,-0.2132382246129962,-0.33385236488469555,-4.178316456328382,-1.9567607002288419,-2.54238639108302,-2.0277344659313283,72.0,60.0,173.0,31.0,0.3720179049513567,0.21379150285428783,0.26512907406767805,0.25610147005232714,0.528560934177215,0.49884196694085037,0.539795929540013,0.5277982254488472,0.7038316320718232,0.42857561517000015,0.4911653822465978,0.4852260915324881,0.5725218806112398,0.21266624982522542,-0.12061414027169934,-0.005939290714109702,-0.1103400517020344,-0.06258976707659764
246,DOC,-0.07988883993366414,0.063431734315026,0.005908213642685372,0.09950300036127825,1.4357127342052936,1.306312978406861,1.3608129198756442,1.1185389468675426,47.0,51.0,130.0,24.0,0.07706900063347262,0.09071818794183487,0.08102152846006405,0.13583379486427818,0.4808051868850274,0.60127021017098,0.6121608862379802,0.5372139687493172,0.16029153331888193,0.15087756953074027,0.1323533245614235,0.25284859062863085,-0.08579705357634951,0.02793820875745842,0.09359478671859288,0.12049526606720734,0.05752352067234062,0.01852424496931676
246,NO3N,0.447137314612157,0.24966535201508108,0.31627220973708664,0.2834281290426917,0.22294154832555024,0.5524906858882594,0.449944223384775,0.448889142431919,72.0,61.0,169.0,34.0,0.319888318547572,0.18722777412986835,0.23516113761300309,0.20749645014432924,0.5159038950136116,0.5876626881034837,0.5906155468699827,0.5752073243806141,0.6200540868937073,0.31859734830893116,0.39816279618655404,0.36073332405452657,0.13086510487507036,0.2218912907071533,-0.03284408069439493,-0.037429472132027464,-0.06660685772200556,-0.07956544787762287
246,PO4P,-0.4717201904229005,-0.32981082759642777,-0.3636793207057274,-0.18857833357579318,-1.16176613724076,-0.7350842014418744,-1.0017462590371073,-1.4319211787423551,72.0,61.0,169.0,34.0,0.5114909547397478,0.3573905488300311,0.4479769528143424,0.3804042088988653,0.5159038950136116,0.5876626881034837,0.5906155468699827,0.5752073243806141,0.9914461970213516,0.6081559303746317,0.7584916367143302,0.661334083860087,-0.10804086971717308,0.23295456030702144,0.17510098712993422,-0.09715755285424321,0.033868493109299624,-0.1503357063396985
250,DOC,-0.18271951062735814,-0.20513825168876768,-0.14947008912782184,-0.14481725563389528,1.5776294005852838,1.6970220648601952,1.6247779082035774,1.6185975969379127,49.0,37.0,112.0,29.0,0.123151537733304,0.12729870070935742,0.13533752565562218,0.11997424701919687,0.16721233042288058,0.2953153066873148,0.25204165432130926,0.26568740043597056,0.7364979449891843,0.4310602865030074,0.5369649156606883,0.45156167293717836,-0.0332494214995363,0.19953302932849604,0.004652833493926561,-0.08540324272350991,-0.05566816256094584,-0.1059046291576809
250,NO3N,0.11752853884921681,-0.23589405106613387,-0.10028876517361004,-0.10433654280070644,2.2181111563002993,2.2347070644966274,2.193310142096206,2.137285918714621,72.0,58.0,166.0,40.0,0.2982540939216025,0.29468190838514485,0.29255829462949084,0.2516035709116312,0.18413515834391503,0.32231569011938466,0.24744371944666185,0.2665697263138667,1.619756360512879,0.9142648571529225,1.182322571305164,0.9438565076042659,0.21781730402282684,0.43743378920771514,-0.004047777627096391,-0.23846606370089807,-0.13560528589252382,-0.26805771415224144
250,PO4P,-0.04931054898830719,-0.5084389736558443,-0.38432164173041183,-0.37403108949084646,-1.1603428263640765,-0.9026968935500537,-1.1161377859126056,-1.0750994661134357,72.0,58.0,166.0,40.0,0.2855017040425501,0.32877698345259787,0.3116371644833133,0.31058322257195053,0.18413515834391503,0.32231569011938466,0.24744371944666185,0.2665697263138667,1.5505007659064738,1.0200464747180629,1.2594264472753725,1.1651106330291277,0.33501109274210467,0.29107431863110134,0.010290552239565376,-0.0943158142462448,-0.1241173319254325,-0.23937997255730958
252,DOC,-0.16327571565848217,-0.21629610881812533,-0.21806024372644192,-0.18747661494332699,1.5382895438539173,1.56513867193144,1.4507523956097426,1.5246957520752165,61.0,51.0,158.0,18.0,0.18080517377008778,0.18082075828669955,0.1664429179109832,0.1578397818095049,0.21718497722039884,0.3205441939149546,0.2618192285038814,0.2246200880857854,0.8324939233094704,0.5641055483746311,0.6357169366898342,0.7026966428275274,0.05478452806795975,0.19677698661963616,0.030583628783114936,0.06697970613769322,0.0017641349083165891,-0.07161138831520308
252,NO3N,0.3483190470740841,0.14859036115385113,0.18657633412068167,0.05862507325670592,2.016414449257075,1.6634177731625914,1.7719022878528334,1.7722006949979368,84.0,81.0,210.0,21.0,0.18878111533105077,0.1529615779194824,0.1743450945669099,0.17349901194254375,0.22806785422835307,0.3116464536610996,0.25563559922151047,0.2090357065681684,0.8277410070339574,0.4908176432702831,0.6820063210986446,0.829997012428899,0.16174271295340245,0.1457346859353128,-0.12795126086397574,0.14799069133025444,-0.03798597296683054,-0.19118867782836146
252,PO4P,0.0033538091081113898,0.13646584013381902,0.2661284106812623,-0.24339271291265377,-1.481843870663899,-1.1101470874185364,-1.2987672871188314,-1.2955691130498532,84.0,81.0,210.0,21.0,0.6836284207130039,1.0467268349110064,0.8566266521573923,0.556626152371672,0.22806785422835307,0.3116464536610996,0.25563559922151047,0.2090357065681684,2.9974781979950604,3.3586996502429995,3.3509677633556736,2.662828095305102,-0.2627746015731509,-0.35348956536061316,-0.5095211235939161,-0.6881396680505718,-0.1296625705474433,0.007731886887325956
254,NO3N,0.1311140007534482,0.06391979492645378,0.06618998124170164,0.016717412372788933,1.4806595943258962,1.4050934820745868,1.4450765847567792,1.4773633660099132,60.0,56.0,168.0,13.0,0.11976611403822375,0.06891043683743203,0.09518455436563336,0.08833968405431508,0.376882964207404,0.41109187564190713,0.42677871983754195,0.4525023748568767,0.31778065185327603,0.16762782463124706,0.22303022606625375,0.1952247965157228,0.06492401951174656,0.09475042578702228,-0.04947256886891271,-0.027805429550530947,-0.002270186315247863,-0.05540240143500669
254,PO4P,0.43090682670395564,0.0069373827359186305,0.026089662657618237,-0.1480217253754599,-2.912781948482164,-2.7602106636700245,-2.845154317103788,-2.648203926514795,60.0,56.0,168.0,13.0,0.46756938956743715,0.19651904679544077,0.33983549728274726,0.32836534352540175,0.376882964207404,0.41109187564190713,0.42677871983754195,0.4525023748568767,1.2406222460883827,0.47804167009766957,0.7962803239395568,0.7256654589476162,0.4048171640463374,0.44434192214882584,-0.17411138803307813,-0.07061486499194058,-0.019152279921699607,-0.31823865384188726
255,DOC,-0.1509506664312674,-0.08575835816295982,-0.0441500623606653,0.04678993488783445,0.4632536034014958,0.4292682147469208,0.3378281299483381,0.18137223343671036,56.0,57.0,151.0,23.0,0.11808148031662925,0.09707525590650727,0.0837394079356185,0.0532598708441542,0.2891929196840106,0.3349312644011493,0.32788724913571776,0.43940526922976925,0.4083138703591087,0.28983635218430853,0.25539086425699165,0.12120899446088367,-0.1068006040706021,0.15292300610211707,0.09093999724849974,-0.13418186979610797,-0.04160829580229452,0.03444548792731689
255,NO3N,0.03690299284196932,-0.06684174154944693,0.009178467896291473,0.028366257757185504,1.3704762980191463,1.4539436800346512,1.366001340713242,1.2931480660492871,83.0,74.0,187.0,27.0,0.08398630252526929,0.07614328056134893,0.08365281637198871,0.059104566151262236,0.30221337759437134,0.33206337725982776,0.3302599514510827,0.4423890077639344,0.2779039868909943,0.22930345764016466,0.25329385535375504,0.1336031526868347,0.02772452494567785,0.024610131537239288,0.019187789860894033,-0.11969070266692033,-0.0760202094457384,-0.023990397713590378
255,PO4P,-0.10684912371781348,-0.33209225360125644,-0.19681859824601033,-0.048238726896860616,-2.7483570322774833,-2.2500378458402275,-2.577780339632282,-2.82510402660293,83.0,74.0,187.0,27.0,0.4663029706540294,0.24257623028027403,0.32805233570627124,0.13773818051957182,0.30221337759437134,0.33206337725982776,0.3302599514510827,0.4423890077639344,1.5429593963239376,0.7305118447026658,0.9933155208946415,0.31135082043691065,0.08996947452819685,0.5496438754292962,0.1485798713491497,-0.6819647004577308,-0.1352736553552461,-0.26280367619197564
257,NO3N,0.11630184866847634,0.07913732498833827,0.07295151868601123,0.005835467042207823,0.896765027983777,0.7404869867801662,0.8403445104590461,0.8730270139579119,60.0,47.0,119.0,26.0,0.11885894861517579,0.11601510670779082,0.09719024483005649,0.11872889453384598,0.44260877491585826,0.5394388676492333,0.5522663778666596,0.6342227296426505,0.2685417808035355,0.21506627287233018,0.17598435958656589,0.18720378344173058,0.043350329982465116,0.09255742121696964,-0.06711605164380341,0.011219423855164695,0.00618580630232704,0.0390819132857643
257,PO4P,-0.5359118197814485,-0.4092392414068334,-0.5465311748622417,-0.44728254803711875,-2.1460104736833,-1.8786957704549894,-1.9421284605055402,-1.8184098789781398,60.0,47.0,119.0,26.0,0.2913263125513924,0.28857919827753703,0.3071001399742946,0.3030416435828881,0.44260877491585826,0.5394388676492333,0.5522663778666596,0.6342227296426505,0.6582027493846563,0.5349618197426289,0.5560724901642329,0.477815804163366,0.010619355080793147,0.1021302592204234,0.09924862682512292,-0.07825668600086688,0.1372919334554083,-0.021110670421603972
258,NO3N,0.05816686418501446,-0.06057624368164591,-0.044861396747386366,-0.09342490689117951,1.4184994379670384,1.4710159237819105,1.508457683545298,1.5399766709873257,60.0,54.0,154.0,19.0,0.10913802896312544,0.1230196641428232,0.15768563008790476,0.10691843739593067,0.35108585426937605,0.48118121150558246,0.43062947936110413,0.4505883454673334,0.3108585197493819,0.2556618197080124,0.3661747224594384,0.23728629129330644,0.10302826093240083,-0.055316202710056495,-0.04856351014379314,-0.12888843116613194,-0.015714846934259542,-0.110512902751426
258,PO4P,-0.11157038832065583,-0.46963373016161186,-0.48288325258574555,-0.40256564828082647,-1.7657699949898569,-0.8135452903989782,-1.0385848800039796,-1.0937093156694062,60.0,54.0,154.0,19.0,0.3050302756208511,0.3015860484181224,0.3495569790877143,0.3024309283088296,0.35108585426937605,0.48118121150558246,0.43062947936110413,0.4505883454673334,0.868819611817262,0.6267618959486816,0.8117349039975814,0.6711911911417938,0.3713128642650897,0.05708470781968056,0.08031760430491908,-0.1405437128557876,0.013249522424133686,-0.18497300804889982
260,DOC,-0.1722202302482481,-0.023638400821075715,-0.04497742420984026,-0.043472994795861496,1.6128448521741099,1.5776855361879591,1.5169212081856562,1.5362041325048073,55.0,57.0,169.0,28.0,0.11652721620744921,0.14381801629651697,0.10910848705925179,0.15879725808952946,0.3892114865536206,0.491129677417852,0.5627715168491754,0.47484709573666717,0.29939305553202267,0.2928310442420219,0.19387705985925585,0.3344176673191503,-0.12724280603840782,0.10551599567276682,0.0015044294139787626,0.14054060745989444,0.021339023388764543,0.09895398438276604
260,NO3N,0.08649385021466258,0.007454297835510444,-0.0634813697962552,-0.07809837222566693,0.07957471969512825,-0.0543665803208711,0.23672033620472932,0.2862512395669724,84.0,68.0,205.0,36.0,0.2617793243782785,0.25298105786996194,0.2675428306883649,0.26905966121087266,0.4605857635859427,0.4898685654930638,0.5491261959030646,0.49335013506377545,0.5683617364552606,0.516426396160633,0.48721556663014004,0.5453726310951375,0.1499752200109178,0.08114616982512052,-0.014617002429411732,0.05815706446499741,0.07093566763176565,0.029210829530492977
260,PO4P,0.018982076054475265,-0.41010414612998747,-0.5139954859712362,-0.351968400402715,-2.7654330978573065,-1.7545257432274919,-1.6991332300706012,-1.846252279014205,84.0,68.0,205.0,36.0,1.0205675827598653,0.8697826294728225,0.970891293297946,0.7288241764946343,0.4605857635859427,0.4898685654930638,0.5491261959030646,0.49335013506377545,2.215803577631494,1.775542851167367,1.7680658845664217,1.4772959906059802,0.5329775620257114,0.4477376930650723,0.16202708556852125,-0.2907698939604415,0.10389133984124876,0.007476966600945323
268,NO3N,-0.21122101074219243,-0.0450042341808106,-0.06237009028108262,-0.03408770879242017,1.6792832501590136,1.5592923119390798,1.6636646097698908,1.628990863228685,71.0,59.0,151.0,30.0,0.09785879666239225,0.10383247628601486,0.08410244659501857,0.08034288951173874,0.2919927770015164,0.35501345663951045,0.2937012827431586,0.32225469860385114,0.33514115543304707,0.29247476213683066,0.2863536917833827,0.2493148737933672,-0.14885092046110981,0.04878746364966435,0.028282381488662446,-0.037038817990015516,0.01736585610027202,0.006121070353447944
268,PO4P,-0.6232891505176545,-0.14979834373561204,-0.6528063817260268,-0.12108352077524538,-3.2851472420291774,-3.239628800751081,-3.3000250113759826,-3.105035237523703,71.0,59.0,151.0,30.0,0.5690866079777538,0.5468994512833226,0.46237284912420296,0.2956947111178333,0.2919927770015164,0.35501345663951045,0.2937012827431586,0.32225469860385114,1.948974950071448,1.5405034402362332,1.574296321778572,0.9175807595635149,0.02951723120837224,0.374678628292876,0.5317228609507814,-0.656715562215057,0.5030080379904147,-0.033792881542338726
271,NO3N,0.02625708968452714,0.11569924825064842,0.09651608773099694,0.11324040580055705,-0.011673589735862123,-0.3810670616250973,-0.19388328999082907,-0.30872266591343644,48.0,35.0,122.0,23.0,0.1000139444761925,0.09912470854289933,0.10929385747720456,0.10101016742839315,0.8757219475464365,0.5979222432994985,0.6792138843546134,0.5582080026716779,0.11420742023927533,0.1657819384605966,0.16091228403120056,0.1809543520425028,-0.0702589980464698,-0.04670486379192523,0.01672431806956011,0.020042068011302233,0.01918316051965148,0.0048696544293960475
271,PO4P,-0.023102274321886294,-0.17597877485746757,-0.1581428734497203,-0.14978130209944507,-3.8510031579564616,-3.4225006034073218,-3.5993201822815717,-3.5582945831987947,48.0,35.0,122.0,23.0,0.33247862227683844,0.15187789690469983,0.18261334386972713,0.16350640793486623,0.8757219475464365,0.5979222432994985,0.6792138843546134,0.5582080026716779,0.37966231542827494,0.2540094445501744,0.2688598511840577,0.2929130488138775,0.135040599127834,0.11080246424421725,0.008361571350275238,0.024053197629819778,-0.017835901407747268,-0.014850406633883317
273,NO3N,0.01979214904961083,0.023010764969543122,0.010043877059805232,0.027181099450597115,0.8806677592800674,0.6277953873206542,0.7527045350839506,0.711313963127012,65.0,39.0,105.0,43.0,0.13984705556320065,0.0797283144589879,0.10373296253214823,0.12590108341117445,1.6113013975165889,0.6692426090306547,0.7601993197932707,0.8923049921372513,0.08679136986955967,0.11913215533970273,0.1364549531040852,0.1410964687193062,0.0097482719898056,-0.049663583234525535,0.017137222390791886,0.004641515615220998,0.01296688790973789,-0.017322797764382475
273,PO4P,-0.04990574762835556,-0.07250966322215369,-0.08519105659612483,-0.08634325797097361,-3.3384312333605606,-3.1296780264606907,-3.225886829054787,-3.096110827282637,72.0,40.0,106.0,46.0,0.2745065214416416,0.22888581514830325,0.2402305570140204,0.1971973793518808,1.5199646333024235,0.676477158990547,0.7663158387451485,0.9428643565882882,0.180600597821294,0.3383496576438018,0.313487657265966,0.209147135506777,0.03528530896776927,-0.132887059444672,-0.0011522013748487825,-0.10434052175918901,0.012681393373971145,0.024862000377835813
275,NO3N,0.05446241524480106,-0.0936767131455058,-0.054036436492227904,-0.07977427074630368,1.094009059015771,1.4375198511473617,1.3262709114471454,1.4072044203856813,72.0,60.0,163.0,29.0,0.1146675294116384,0.1005515237254103,0.10633666107294287,0.10043941466895916,0.44952537349792776,0.508891287652475,0.5276655654070261,0.4977381138759645,0.25508577751544204,0.19758939908218187,0.2015228357585127,0.2017916889804193,0.10849885173702897,0.05356294175692933,-0.025737834254075775,0.0002688532219065898,-0.03964027665327789,-0.003933436676330837
275,PO4P,0.17353908773674745,-0.05931652618198217,-0.04438929415184326,-0.0893355201386485,-3.5052396275962963,-2.7015891205013136,-2.9067630341314277,-2.654897915369336,72.0,60.0,163.0,29.0,0.3104715653703978,0.19671454998488633,0.2386439546635405,0.15162677820517242,0.44952537349792776,0.508891287652475,0.5276655654070261,0.4977381138759645,0.6906652742524867,0.386555153837147,0.4522636501388097,0.3046316405718481,0.2179283818885907,0.238401624113677,-0.044946225986805234,-0.1476320095669616,-0.014927232030138904,-0.0657084963016627
279,NO3N,0.20032775366782835,0.07448427326743876,0.040665162900030465,0.04065522860520497,0.37354243378405994,0.19129103274007775,0.2504193798219366,0.19345526916830946,48.0,36.0,122.0,34.0,0.2617916315670259,0.21627094437267075,0.2719897111445691,0.18665312704646927,0.6511909803298028,0.5145542795962104,0.7868911127286514,0.7266427287123522,0.40201974455241785,0.42030734744327947,0.34565101415545024,0.2568705633058877,0.15966259076779787,0.0563687303969676,-9.934294825493517e-06,-0.08878045084956254,0.03381911036740829,0.07465633328782922
279,PO4P,-0.3108605530253998,-0.29041144592893625,-0.22369121133273193,-0.2679034813166667,-3.5071579666870116,-3.116849982511535,-3.3880590596760323,-3.1910688509183065,48.0,36.0,122.0,34.0,0.23562394827915803,0.2356742766693873,0.26309864137176125,0.3033968409215465,0.6511909803298028,0.5145542795962104,0.7868911127286514,0.7266427287123522,0.36183539913256124,0.4580163570971163,0.33435203056167595,0.4175323428326065,-0.08716934169266785,0.02748336857088529,-0.044212269983934765,0.08318031227093053,-0.06672023459620433,0.12366432653544035
284,DOC,-0.2442453484298171,0.050450683849503346,-0.010720797650649304,-0.012639556488323789,1.577540280942505,1.2806513270513693,1.3372606542921868,1.3852343724067793,48.0,43.0,155.0,26.0,0.18631789927496792,0.1560527444415657,0.15735907464576257,0.09962575579393741,0.2761033905088184,0.4685958584701839,0.44160068876179187,0.39275768800573685,0.6748120656237184,0.33302203086264603,0.35633792847330714,0.2536570481912049,-0.23352455077916778,0.3184741371504113,-0.001918758837674485,-0.10268088028210226,0.06117148150015265,-0.023315897610661107
284,NO3N,0.08079205752659213,0.05380395766022139,0.04089830851891498,-0.07086054473262876,1.362860732437263,1.1641267187071975,1.3097562332796748,1.5070473665480106,72.0,56.0,194.0,38.0,0.16734209796134436,0.17339679284273227,0.16198955424211797,0.17943576369260625,0.31167825789600623,0.45002055008710046,0.4263653851720453,0.40578207837717933,0.5369065493723958,0.3853086104827251,0.3799312980737228,0.4421973597508625,0.03989374900767715,0.156975251298673,-0.11175885325154375,0.06226606167713972,0.01290564914130641,0.0053773124090022995
284,PO4P,-0.17933480889493356,-0.37047249083252215,-0.23858309782341036,-0.5161991367847135,-1.53664739358599,-0.8934797615629517,-1.330840038460165,-0.730627200886883,72.0,56.0,194.0,38.0,0.6147033173333557,0.5976659560084804,0.5858517221405757,0.5122534960235539,0.31167825789600623,0.45002055008710046,0.4263653851720453,0.40578207837717933,1.9722367594163595,1.3280859193936887,1.3740602368650894,1.2623857073042246,0.059248288928476806,0.5981765225512701,-0.27761603896130316,-0.11167452956086477,-0.1318893930091118,-0.04597431747140068
285,DOC,-0.26105177619279496,-0.2167385411620443,-0.25878163896254214,-0.1350035695784207,0.882093239772928,0.9036649949239639,0.8766803787540958,0.8770498924940655,59.0,53.0,165.0,35.0,0.3548110406379124,0.2783519253751461,0.35356018535967404,0.31310963047011,0.43221220534281374,0.3977019409444453,0.465907816235459,0.5440850079935954,0.8209186049165137,0.6999008471372506,0.7588629618117265,0.575479246569859,-0.002270137230252822,0.06205564310478717,0.12377806938412145,-0.18338371524186747,0.042043097800497836,-0.058962114674475874
285,NO3N,-0.08599041245545841,-0.18406334490630616,-0.24179352379782132,-0.1851430303875095,1.5802356921246266,1.4710952754433397,1.522614076083395,1.497204100037912,84.0,65.0,194.0,41.0,0.30131279863251437,0.1806070288833547,0.27617457034729687,0.21963485052743828,0.4607500867419914,0.41588133545481415,0.46753364149518384,0.5222618669007004,0.6539614582888663,0.4342753893627857,0.5907052366629361,0.4205454474990384,0.1558031113423629,0.06325622162593025,0.05665049341031181,-0.17015978916389768,0.05773017889151516,-0.15642984730015036
285,PO4P,0.3871108664749776,-0.009489679696684636,-0.4580878143021089,0.08001966136279375,-2.272323171569377,-2.398299189194579,-2.2714656446188433,-2.345913940719571,84.0,65.0,194.0,41.0,1.6229236459377954,1.244698067683908,1.4834543605242576,1.4537895543826522,0.4607500867419914,0.41588133545481415,0.46753364149518384,0.5222618669007004,3.5223512542637723,2.9929163960260134,3.172936081733359,2.783641017120376,0.8451986807770865,0.3494151725304131,0.5381074756649026,-0.38929506461298313,0.44859813460542425,-0.18001968570734572
292,NO3N,0.2174052522272227,0.16144106949178272,0.18587395098628784,0.1319738326934961,0.9863039976880477,0.8592900609302879,0.933395848945475,0.9972123454647486,72.0,57.0,161.0,34.0,0.15028844774242697,0.14761350276999666,0.12128578221099838,0.12631504954139972,0.31087276608071496,0.32180125912744495,0.3146031169482909,0.31193907926910025,0.483440378638398,0.4587101466608506,0.3855199636529134,0.4049349951194528,0.03153130124093487,0.0979204149854846,-0.05390011829279173,0.01941503146653939,-0.02443288149450512,0.07319018300793717
292,PO4P,-0.6420428203224922,-0.09911217353421815,-0.3039012790686969,-0.2028020208717823,-2.346897667147217,-2.7525307667792,-2.5798952765568197,-2.605894554990215,72.0,57.0,161.0,34.0,0.4290472368539909,0.2502705152312485,0.36808234368111137,0.39597720607540154,0.31087276608071496,0.32180125912744495,0.3146031169482909,0.31193907926910025,1.3801377401537744,0.7777176382399806,1.1699895005859413,1.2694055743294805,-0.33814154125379525,0.21014823956783313,0.1010992581969146,0.09941607374353922,0.20478910553447877,-0.3922718623459607
296,DOC,-0.009742125714093238,0.2279868697674771,0.07703670662485566,0.16596587853950687,0.9559690407983528,0.4787678115384352,0.7899289992928474,0.7059208719184269,54.0,55.0,139.0,13.0,0.13963829793520138,0.17508838753167721,0.11545923489494615,0.13967810781599693,0.5013600624335408,0.570959493382937,0.5359549063368342,0.2983095611069277,0.2785189894412691,0.3066564083106455,0.21542714420526812,0.46823208514570525,-0.0867788323389489,0.063091845236001,0.0889291719146512,0.25280494094043715,0.15095016314262144,0.09122926410537738
296,NO3N,0.18534640966855354,0.09976909125202174,0.15834887653245827,0.16843267182954808,1.7333799640275298,1.8133140064176676,1.7124656904705597,1.6645055276111953,72.0,66.0,191.0,16.0,0.15564628411941864,0.10538496348490141,0.13892256708904036,0.12627610790443722,0.4942639966131172,0.5922175584327255,0.5392328460461017,0.29747725432663336,0.3149051623949256,0.1779497449616278,0.25763001662024715,0.42448996038461695,0.026997533136095264,0.05727514577467846,0.010083795297089804,0.1668599437643698,-0.05857978528043653,-0.07968027165861935
296,PO4P,-0.5307765035272013,-0.2027665952523498,-0.3253914847932511,0.006244869245944095,-1.0959603159734994,-1.3877527724538279,-1.3149603456638252,-2.0057681260351288,72.0,66.0,191.0,16.0,0.34028581116676015,0.19105682406865868,0.27183823006221597,0.2615413937802488,0.4942639966131172,0.5922175584327255,0.5392328460461017,0.29747725432663336,0.6884697519919042,0.32261256247498155,0.5041203110223281,0.8791979553941742,-0.2053850187339502,0.18434944096957606,0.33163635403919517,0.3750776443718461,0.12262488954090128,-0.18150774854734658
312,DOC,-0.20594929263630243,-0.238307726290014,-0.1617715340532158,-0.1641022969880558,0.7689054358620833,1.0496800499942283,0.8169662596310268,0.8968911176793715,54.0,35.0,125.0,25.0,0.15001385507675538,0.16463849944064443,0.13302776135540878,0.14578137718213952,0.46126678401114396,0.4177762343984479,0.46758213309412594,0.3886746366973675,0.3252214559484325,0.39408297046313767,0.2845013783463574,0.37507303903560035,-0.044177758583086646,0.04072007760207508,-0.002330762934840025,0.09057166068924294,-0.07653619223679822,0.10958159211678026
312,NO3N,0.08190847785078442,-0.0992275106464629,-0.03446698166239312,-0.06119721093516215,1.3438609093299148,1.4761916240572661,1.3673846914097845,1.4074549004228694,70.0,57.0,165.0,32.0,0.195528047315439,0.16130024895331763,0.18737435700206412,0.16302248329338373,0.45241060066467487,0.40817119344507996,0.4553471234496951,0.389700489916428,0.4321915689600821,0.3951779340229722,0.4114978383579588,0.4183276324039116,0.11637545951317754,0.020693730602123317,-0.02673022927276903,0.006829794045952797,-0.06476052898406978,-0.01631990433498659
312,PO4P,-0.26099000401544853,-0.3893107876029493,-0.3615588576131564,-0.5724178113151234,-2.4009311832813265,-2.1468218950219873,-2.3311394443453337,-1.94981938233571,70.0,57.0,165.0,32.0,0.5647672518955247,0.526971804392777,0.6233027544621611,0.5824001926199324,0.45241060066467487,0.40817119344507996,0.4553471234496951,0.389700489916428,1.2483510577908146,1.2910558433704897,1.368851854690636,1.49448155106202,0.1005688535977079,-0.12050079689982152,-0.21085895370196694,0.12562969637138388,-0.027751929989792867,-0.07779601132014635
313,DOC,-0.26364117361419154,-0.08823664267584966,-0.15161558273753536,-0.03487867517764768,1.1186562944765475,0.9847190645463719,1.0312717767686608,0.8728805865876001,60.0,51.0,175.0,26.0,0.22232779341033304,0.16586576497122302,0.17777305402322058,0.1677474699517115,0.31269573259646494,0.3282466225170116,0.3471696967495189,0.3592806300771313,0.7110036058510844,0.5053083675297433,0.5120638572077991,0.4668981734854424,-0.11202559087665617,0.19893974864328523,0.11673690755988769,-0.04516568372235674,0.0633789400616857,-0.006755489678055837
313,NO3N,-0.28098503412193404,-0.3313640295235666,-0.2609341255543213,-0.22053884555763928,1.8628341656049092,2.000785064546765,1.8758280262743647,1.757001049196307,74.0,69.0,218.0,34.0,0.23009867590481833,0.22927466591759071,0.2188662602990686,0.16663329252100004,0.314766461919355,0.3363271523771172,0.35465005158324114,0.3621267346006467,0.7310139539700102,0.6817013265123163,0.6171330282400869,0.46015186563003474,-0.02005090856761277,0.11388092572992337,0.04039527999668199,-0.15698116261005213,-0.07042990396924531,0.06456829827222943
313,PO4P,-0.959389647152788,-0.6107347948168135,-0.4722381789575578,-0.07110295509544665,-1.4159052101741536,-0.8570974777224295,-1.4366443619474505,-1.98008403261424,74.0,69.0,218.0,34.0,1.9787866805787704,1.203542379616666,1.5090710875609563,1.3798341642171577,0.314766461919355,0.3363271523771172,0.35465005158324114,0.3621267346006467,6.286523248101785,3.578487110273978,4.255099021765564,3.8103625951252633,-0.48715146819523014,2.031424226336221,0.4011352238621112,-0.44473642664030066,-0.13849661585925566,-0.6766119114915861
314,DOC,-0.30767151121116754,-0.21573393539797842,-0.2212531636234708,0.006868929063582466,1.0784715523127126,0.9775787704988683,0.988371892925308,0.733617456128566,59.0,55.0,175.0,21.0,0.2861933366137701,0.11802153025909669,0.1810303366274618,0.24643592597766995,0.4026797350590284,0.31114963323922235,0.36013637608278287,0.35710206741338335,0.7107219750500168,0.3793079523521654,0.5026716228905719,0.6900994098485416,-0.08641834758769673,0.2080503521594449,0.22812209268705327,0.1874277869579697,0.00551922822549239,-0.12336367053840647
314,NO3N,-0.1737432211320566,-0.09556726187955249,-0.13227747027426331,-0.14213632296185752,1.5339919101144412,1.5197962408205008,1.580146597614835,1.5688050803695883,84.0,69.0,211.0,30.0,0.16325904728377968,0.0968923793472776,0.13213243317892046,0.1035017502959511,0.40270380346433104,0.3418810418531048,0.36039707632927537,0.3414360366509801,0.40540726429528284,0.2834096293321497,0.36663014729397575,0.30313657372303615,-0.041465750857793277,0.03877711700130709,-0.009858852687594205,-0.0634935735709396,0.03671020839471083,-0.08322051796182606
314,PO4P,-0.5618222862914026,-0.4612236877204483,-0.7197724009321719,-0.08203439604866448,-1.7165318460851087,-1.9692222708418123,-1.5960363548017265,-2.3234257670072824,84.0,69.0,211.0,30.0,1.2938175908747425,0.41560777635819474,1.1815646378529372,0.909896906363282,0.40270380346433104,0.3418810418531048,0.36039707632927537,0.3414360366509801,3.212826846293595,1.2156502569006675,3.2785078333249444,2.6649117512261578,0.15795011464076925,-0.0656809870313495,0.6377380048835074,-0.6135960820987867,0.25854871321172357,-2.062857576424277
316,NO3N,-0.3038411233244489,-0.12225586625726331,-0.2724896208435556,-0.2915607057053782,1.4171154548595297,1.3808045426101916,1.509704711000561,1.5842676107628255,62.0,45.0,136.0,33.0,0.351779978151433,0.11382641454998384,0.2761609463673198,0.2503898962494431,0.5284352948064431,0.35669498817811285,0.5055415206589148,0.42174836893929957,0.6657011399669738,0.31911414043514824,0.5462675865028376,0.5936949960925175,-0.0313515024808933,0.1194335534641362,-0.019071084861822574,0.04742740958967995,0.1502337545862923,-0.22715344606768934
316,PO4P,-0.5046922703537258,-0.48632748423336725,-0.5440612430023687,-0.5357257666941714,-2.042320312576421,-1.6962227826864222,-1.8306738632535577,-1.6519147781405379,62.0,45.0,136.0,33.0,0.462912666864793,0.31285306081930647,0.42416777769090397,0.3693533889238021,0.5284352948064431,0.35669498817811285,0.5055415206589148,0.42174836893929957,0.8760063368483932,0.8770884682660182,0.8390364794133041,0.8757672017860525,0.03936897264864292,0.03696985743508918,0.00833547630819731,0.03673072237274844,0.05773375876900144,0.0380519888527141
317,DOC,-0.06347137837347824,0.05620488328520633,0.008560879627060407,0.039755543241496535,1.2921391809665494,1.5408099080181563,1.4159154122098774,1.492627579267712,47.0,33.0,124.0,26.0,0.07736025716290865,0.10383179696907543,0.07556883734160416,0.08998699252469791,0.45377499457860654,0.3797173303380585,0.5154202310689378,0.49488709451796226,0.17048153399185967,0.27344497781187665,0.1466159703993008,0.18183337880804604,-0.07203225800053865,0.02386556359255887,0.031194663614436128,0.03521740840874524,0.04764400365814592,0.12682900741257586
317,NO3N,-0.14465010013255547,-0.15066290101769195,-0.16447042590840794,-0.03867431512032413,1.5581071146852983,1.4222164122495038,1.4896225643731131,1.3921600882845608,62.0,46.0,161.0,33.0,0.22111804968010984,0.11644101816789403,0.19042802826388938,0.2356580324101086,0.4650702662513011,0.391407154983146,0.5115345114895398,0.47320765430939526,0.47545084200379417,0.29749333062883837,0.3722681930284256,0.4980013113989685,0.019820325775852465,0.10318264897536855,0.1257961107880838,0.1257331183705429,0.013807524890715989,-0.07477486239958725
317,PO4P,-0.018797015118037115,-0.45033684133935126,-0.33043347290028857,-0.40635958550495943,-1.7899834252498914,-1.7744324936572997,-1.9729795715461425,-1.8365235122841512,62.0,46.0,161.0,33.0,0.5037259607365513,0.34645750383071283,0.4295140805002616,0.3951374401996723,0.4650702662513011,0.391407154983146,0.5115345114895398,0.47320765430939526,1.083117965800812,0.8851588414259605,0.8396580696961334,0.83501912236889,0.31163645778225146,0.24345989610467866,-0.07592611260467086,-0.004638947327243459,-0.11990336843906269,0.04550077172982703
327,NO3N,0.027789893651689143,-0.047677994955355234,-0.013484014725533781,-0.04378131123344634,1.4611940240890284,1.5711841273840759,1.5219968287275376,1.5867910394616298,72.0,56.0,167.0,29.0,0.13209390195003592,0.11235849363574535,0.11402397083401733,0.11498808797015511,0.38570563498703303,0.37908736483843203,0.4137558872766358,0.42990543729489766,0.3424733526500767,0.2963920828214172,0.27558271517181165,0.26747297892694005,0.041273908377222925,0.06689063747826507,-0.03029729650791256,-0.008109736244871601,-0.03419398022982145,0.02080936764960556
327,PO4P,-0.18360611071623195,-0.39829060578848113,-0.3576082320213096,-0.42023821142693957,-1.7374332409073918,-0.614587379885287,-0.9764006110189867,-0.637342072269327,72.0,56.0,167.0,29.0,0.3497343809695615,0.22708314650298234,0.29123616049991813,0.295345986112918,0.38570563498703303,0.37908736483843203,0.4137558872766358,0.42990543729489766,0.906739101650198,0.5990258910363994,0.7038840278910607,0.6870022113963696,0.17400212130507764,0.20285507375913725,-0.06262997940562998,-0.016881816494691115,-0.04068237376717154,-0.10485813685466139
328,NO3N,0.07147559800241017,-0.11140496808912279,-0.04995606152256693,-0.07044601002839099,1.4016978430515692,1.7517277843871808,1.634496563686789,1.6643323556039622,62.0,51.0,155.0,27.0,0.0972329996847727,0.11754756557943967,0.08823155378927273,0.10097312145690628,0.4090844352793144,0.47091895038957227,0.4671784542996012,0.47299130596218997,0.2376844272219353,0.24961315632381603,0.18886049426562362,0.21347775357413837,0.1214316595249771,0.04882393295631168,-0.020489948505824057,0.024617259308514744,-0.061448906566555855,0.06075266205819241
328,PO4P,-0.2970300918931741,-0.3504212968862605,-0.38530688608582664,-0.4999767429289855,-1.4631366346688486,-1.0697734387032294,-1.0762055534613277,-0.5579261410660767,62.0,51.0,155.0,27.0,0.3009334810763725,0.27304364831295247,0.2963295584691239,0.30736875376092415,0.4090844352793144,0.47091895038957227,0.4671784542996012,0.47299130596218997,0.7356268171652666,0.5798102796395738,0.6342962860164094,0.6498401765242904,0.08827679419265255,0.10133053114885715,-0.11466985684315883,0.015543890507880964,0.034885589199566136,-0.05448600637683565
329,NO3N,0.02359447988024302,-0.10987244964599786,-0.07482171894920503,-0.08512221112892758,1.6464626155016782,1.61743154687449,1.6378150338020705,1.63213177452522,72.0,56.0,151.0,33.0,0.11038456125251675,0.10080235322616625,0.09281287165699142,0.1040621873890537,0.4591049548973173,0.46338909258444494,0.4948109724683627,0.534019465286933,0.2404342625254506,0.2175328570294233,0.18757237979989563,0.19486590686940644,0.09841619882944805,0.052861882725554976,-0.01030049217972255,0.007293527069510808,-0.035050730696792834,0.02996047722952766
329,PO4P,-0.07180795570141964,-0.4347975027366983,-0.4280716968586001,-0.4657686808296766,-1.9485231986114664,-1.2509073574311858,-1.4764022210033443,-1.2621007927945782,72.0,56.0,151.0,33.0,0.4319929067434845,0.3336619770176411,0.3717046681863282,0.3520284121694428,0.4591049548973173,0.46338909258444494,0.4948109724683627,0.534019465286933,0.9409458602774248,0.7200471102086564,0.7512053872453168,0.6592052070242329,0.35626374115718046,0.18974047303210795,-0.037696983971076514,-0.09200018022108392,-0.006725805878098234,-0.03115827703666041
331,DOC,-0.13153143088800912,0.053739968307076225,0.0026422496073658973,0.10027543133302871,1.2016642265891213,1.1063013456322666,1.073968550558546,0.8681360365141222,61.0,59.0,169.0,22.0,0.10533940987707122,0.1286523329563483,0.08774485657835447,0.13648732758392138,0.4018389315738758,0.5330044631072751,0.5216544898851966,0.45238943163446244,0.2621433654138242,0.24137196189003596,0.16820492927735553,0.3017031743884884,-0.134173680495375,0.09393843613646868,0.09763318172566282,0.1334982451111329,0.051097718699710325,0.07316703261268043
331,NO3N,0.002498591647105155,-0.004316683497929464,0.007207372291945883,0.015110333710029651,1.546077478734841,1.3830165729395343,1.4379151785430693,1.37175653293588,84.0,70.0,213.0,28.0,0.1215982304338851,0.07164494961744719,0.08083959592866614,0.0920148279256245,0.4244302619380771,0.5413315006192847,0.5092505201189136,0.46736569056819,0.28649755057198506,0.1323494929363711,0.15874229428335102,0.19687972348539196,-0.004708780644840729,0.12775525628863404,0.007902961418083769,0.03813742920204094,-0.011524055789875347,-0.02639280134697991
331,PO4P,-0.28360528080614256,-0.3791735093534228,-0.2715198872995321,0.059336868189915744,-1.3979460944558706,-0.9684689538979216,-1.4309314668479935,-2.3755794336369727,84.0,70.0,213.0,28.0,0.9641319578684664,0.660691999263339,0.6763283584660003,0.6050377331644247,0.4244302619380771,0.5413315006192847,0.5092505201189136,0.46736569056819,2.2715909875651845,1.220494278473552,1.32808574904955,1.2945702805630914,-0.012085393506610476,0.9435052385156346,0.3308567554894478,-0.03351546848645848,-0.10765362205389073,-0.10759147057599794
333,NO3N,-0.25615835277800997,-0.3055271819021595,-0.2710711230411398,-0.36526898300385724,0.4395758151057142,0.8753877911764366,0.6075844619174873,1.0473044917975245,84.0,57.0,191.0,64.0,0.21632186910358706,0.18446256945701361,0.19129671066280907,0.20599277826625423,0.4455449737380068,0.3773394196398494,0.4102679822544298,0.32744246627169876,0.4855219604178287,0.4888505145660992,0.4662725802087462,0.6290960992681065,0.014912770263129815,0.01924938020908251,-0.09419785996271746,0.16282351905936032,-0.03445605886101971,0.022577934357353002
333,PO4P,-0.49935361538225337,-0.044823783268338815,-0.19700304909928926,-0.4276631495382006,-2.863517744168969,-3.7426187809207025,-3.3284164312545053,-2.4201311517673743,84.0,57.0,191.0,64.0,1.3852683819494829,0.7425746075017374,1.0771307742353282,0.945897160348129,0.4455449737380068,0.3773394196398494,0.4102679822544298,0.32744246627169876,3.109154998040805,1.9679221646402216,2.6254322073013734,2.8887430855204377,-0.3023505662829641,0.4837227907394315,-0.23066010043891136,0.2633108782190643,0.15217926583095043,-0.6575100426611518
334,NO3N,-0.3363528247166662,-0.4303281558211582,-0.3783359441946505,-0.3751244569970166,1.8592535774946213,2.450275051233032,2.115216871010574,2.138576950258196,96.0,76.0,210.0,62.0,0.227948952338908,0.20820879443792195,0.23056518339574653,0.22396733396734028,0.4714530176515664,0.3373015534718686,0.397106198499405,0.359416013438559,0.48350300836843235,0.6172778995377111,0.5806134083703859,0.6231423353250976,0.041983119477984276,-0.09711040000195353,0.003211487197633922,0.042528926954711666,-0.05199221162650769,0.036664491167325175
334,PO4P,-0.22901734992611605,-0.08782974701108606,-0.0980953735696948,0.3213362783943662,-3.405698709231446,-2.9835588104642357,-3.2430504029997476,-5.05193116844673,96.0,76.0,210.0,62.0,1.3908837705519812,1.0346250301506232,1.1077891871654635,0.9539100440981758,0.4714530176515664,0.3373015534718686,0.397106198499405,0.359416013438559,2.95020652849004,3.0673592205584446,2.7896547355634476,2.654055491217682,-0.13092197635642125,0.16055179292659227,0.41943165196406096,-0.13559924434576542,0.010265626558608743,0.277704484994997
335,NO3N,0.1596387407803179,-0.03874580117878326,0.06863393759383125,0.04135358937014703,1.0623840536703566,1.4849350852744454,1.246194894234158,1.252269677849985,96.0,84.0,232.0,32.0,0.09324733856731222,0.09066710491791759,0.09697078555627595,0.0885363386803051,0.16736177678191536,0.25746426569056163,0.186880045078869,0.20530633198336906,0.5571603048216938,0.35215413166069265,0.5188932050789659,0.43124017571692347,0.09100480318648664,0.038267099742727906,-0.027280348223684227,-0.08765302936204239,-0.10737973877261452,-0.1667390734182732
335,PO4P,-0.22499854880627937,-0.020405837156310027,-0.365670996841902,-0.2504029044616635,-2.0885204259039702,-2.3462685086429116,-1.4823218771781532,-1.9258270123396763,96.0,84.0,232.0,32.0,0.722480472563485,0.5219993139774738,0.6059721251328359,0.462234531592765,0.16736177678191536,0.25746426569056163,0.186880045078869,0.20530633198336906,4.316878599496048,2.0274631610619265,3.242572661394091,2.2514382636294363,0.14067244803562265,1.0743059381019573,0.1152680923802385,-0.9911343977646547,0.345265159685592,-1.2151095003321646
336,NO3N,0.05601064346402685,0.040390763736934635,-0.07167965869128978,0.0713363446784856,0.9391060223948291,0.8633791630536275,1.5184562027835486,0.7581678825499636,96.0,80.0,224.0,44.0,0.16799079652152732,0.1412547213654814,0.15083588780111937,0.14735218933262342,0.23419158635574225,0.29384898386788044,0.25003277503935956,0.26399365787137347,0.7173220828964605,0.4807051550975992,0.6032644631383831,0.5581656412534666,0.12769030215531663,0.11405761975807738,0.14301600336977538,-0.04509882188491654,0.11207042242822442,-0.12255930804078391
336,PO4P,0.46475977996652873,0.16854926288521946,-0.4329823417804373,0.5134107730495334,-5.128389524726021,-3.5836945725897174,-0.5089627454685228,-5.541784335072009,96.0,80.0,224.0,44.0,1.0545878176910368,0.759351887530139,0.8496291241408692,0.6740160792530165,0.23419158635574225,0.29384898386788044,0.25003277503935956,0.26399365787137347,4.503098655683959,2.5841569282797203,3.398071008919221,2.5531525442229364,0.8977421217469661,1.105027646764738,0.9463931148299707,-0.8449184646962848,0.6015316046656568,-0.8139140806395009
337,NO3N,0.7425188920605144,0.3748830263897113,0.5032914192015477,0.43116976531993795,0.3402794829046305,0.6383514118267364,0.5578625776868114,0.5246442427303628,96.0,76.0,232.0,40.0,0.42300598602807515,0.26291567595422227,0.32119276513529305,0.3264048768329963,0.5124246028657138,0.6393573313840469,0.6093186459291486,0.5886573535891058,0.8254989781178175,0.41121867701911907,0.5271343118763532,0.5544904431124006,0.23922747285896662,0.2983646662414643,-0.07212165388160979,0.02735613123604741,-0.1284083928118364,-0.1159156348572341
337,PO4P,-0.3487177030427179,-0.12016211495632505,-0.30870087923135664,-0.21955713385292583,-1.5925462993498238,-1.3576942109309202,-1.1492749994010003,-1.3331867160989774,96.0,76.0,232.0,40.0,0.7936125954233328,0.46227983939964973,0.6565296210328201,0.4097302370774356,0.5124246028657138,0.6393573313840469,0.6093186459291486,0.5886573535891058,1.5487402263378585,0.7230383022259724,1.0774815860618865,0.696041992135607,-0.040016823811361235,0.471258640275972,0.08914374537843081,-0.38143959392627946,0.18853876427503158,-0.35444328383591406
338,NO3N,0.6184098815062353,0.16534903137163054,0.41101584531211544,0.3014077046158882,0.4495766072835393,0.9091508016714106,0.604321380631093,0.7100723038967475,96.0,80.0,226.0,42.0,0.1191627669113983,0.12115510979102773,0.10783186999302978,0.1266187815093169,0.14414699367123054,0.2675461067090349,0.16788478152602163,0.2721714589333177,0.8266753532382638,0.45283824639163167,0.6422968717764104,0.4652169702347029,0.2073940361941199,0.18437848146185343,-0.10960814069622726,-0.1770799015417075,-0.2456668139404849,-0.1894586253847787
338,PO4P,-1.2355479024729294,-0.4853969624775878,-1.1786576395711639,-0.17691373075689854,-1.0988196361366072,-1.4209865632307914,-0.6687772788732884,-2.2108433810848123,96.0,80.0,226.0,42.0,0.639426934724838,0.5910678831677356,0.6173506773601563,0.5113867037178834,0.14414699367123054,0.2675461067090349,0.16788478152602163,0.2721714589333177,4.435936667421857,2.2092187789170157,3.6772283452295453,1.878913776345571,-0.056890262901765576,0.7587083221923119,1.0017439088142654,-1.7983145688839743,0.6932606770935761,-1.4680095663125297
339,NO3N,0.30586306589730544,-0.036166662401221045,0.23682536974270915,0.23562345902248946,1.0099865518057074,1.2842971179171845,0.9832333820345102,0.885429109471175,96.0,72.0,223.0,53.0,0.13464607499875264,0.13376369653605755,0.12924495999318966,0.13248714860691643,0.16066594059618008,0.2852672686519137,0.19243823571417443,0.2983534560104338,0.8380498971911781,0.46890657020759535,0.6716178804775327,0.4440610488597229,0.06903769615459629,0.16643201671364538,-0.00120191072021969,-0.22755683161780976,-0.2729920321439302,-0.20271131026993733
339,PO4P,-0.7295022587360916,-0.3996332198920504,-0.7260108836297455,0.10946546524418076,-1.4048865190175697,-1.4033984121605094,-1.1744129636150884,-2.2731761912656197,96.0,72.0,223.0,53.0,0.7190744287226657,0.7287802851405112,0.745118536423384,0.6258191366988176,0.16066594059618008,0.2852672686519137,0.19243823571417443,0.2983534560104338,4.4755872094260285,2.5547280225470836,3.871987984394625,2.097576294463745,-0.0034913751063461174,0.6035992250314033,0.8354763488739263,-1.7744116899308802,0.3263776637376951,-1.3172599618475416
340,NO3N,0.19971237063210062,0.22996792017963813,0.15391010992697057,0.28525697357485663,0.25056036478476273,-0.12403714953918321,0.4096771987089517,-0.34085667366301675,96.0,81.0,226.0,41.0,0.19494005198633937,0.1769863473413647,0.1773140838926273,0.18221506109913113,0.22710795411297124,0.29860120822027036,0.2522512509603007,0.25908339741106845,0.8583585403150149,0.5927181219267086,0.7029264799187576,0.7033065913136224,0.04580226070513005,0.15543206039625734,0.13134686364788606,0.0003801113948648238,0.07605781025266756,-0.11020835799204898
340,PO4P,0.048354706487846094,0.19889721995410828,-0.1284388416279763,0.5294037946376051,-3.20583624632486,-3.6417058189248603,-1.9699818466545609,-5.634237190066223,96.0,81.0,226.0,41.0,1.0550670854286097,0.6995057352621985,0.8019009978075411,0.6301008541739386,0.22710795411297124,0.29860120822027036,0.2522512509603007,0.25908339741106845,4.645663290611933,2.3426085226895372,3.178977288535803,2.4320387198497486,0.1767935481158224,1.4666860020761296,0.6578426362655814,-0.7469385686860543,0.3273360615820846,-0.8363687658462657
341,NO3N,-0.47732954496454777,-0.47563032115803605,-0.5228436925435729,-0.6114651676243561,1.7399523601255487,2.113462761188482,2.120147378738488,2.584513426820499,96.0,82.0,219.0,47.0,0.25635813282645353,0.26055077287944245,0.2700606048540464,0.27358245035694645,0.31657280731267495,0.4228326969451426,0.33973615456446987,0.31866221223471985,0.8097920191017918,0.6162029917786744,0.7949127616407352,0.8585343346434543,0.04551414757902511,0.014879257461056561,-0.08862147508078322,0.06362157300271909,0.04721337138553683,-0.17870976986206077
341,PO4P,-0.7768813664957737,-0.16997561058729457,-0.5091615199826571,-0.42815982924705054,-2.2199779227000946,-4.044259498047165,-2.7918667577233602,-3.0214625783377254,96.0,82.0,219.0,47.0,0.9227350950927621,0.7545179318839985,0.7334729623523222,0.6190071875636426,0.31657280731267495,0.4228326969451426,0.33973615456446987,0.31866221223471985,2.9147642304646473,1.7844361075555328,2.158948797464931,1.9425183275502242,-0.26771984651311653,0.7558154329997162,0.08100169073560659,-0.21643046991470682,0.33918590939536253,-0.37451268990939823
342,NO3N,0.2641195358399787,-0.020624465539286256,0.01203212771699838,-0.07169946405042317,-0.019652771917796352,0.5228785480053527,0.485771765078612,0.7181237353487444,84.0,61.0,173.0,54.0,0.2968711301730329,0.2243237209042528,0.23846757083760678,0.251233514839855,0.31217439191765667,0.3099552660263321,0.27470489597869036,0.3480870686552098,0.9509784846520647,0.7237293425600179,0.8680863513117196,0.7217548063777945,0.25208740812298036,0.08289213334034506,-0.08373159176742155,-0.14633154493392508,-0.03265659325628464,-0.14435700875170177
342,PO4P,-0.05948717540714857,0.33488394887600764,0.027039470969137516,0.06064467332602069,-3.38480067606451,-4.171833465671089,-3.341740630974586,-3.335109897073848,84.0,61.0,173.0,54.0,0.42163904253380036,0.5312354849215003,0.6277900489182573,0.3428099416831885,0.31217439191765667,0.3099552660263321,0.27470489597869036,0.3480870686552098,1.35065224262539,1.713910177207215,2.2853253003796365,0.9848396351165564,-0.08652664637628608,-0.9346730577542466,0.033605202356883176,-1.3004856652630803,0.30784447790687014,-0.5714151231724216
345,NO3N,0.10703478646737996,0.1287233351633451,-0.14528371796562486,0.14684509461960138,0.5033400735723317,0.26015523553877107,1.9198788282798618,0.2066205219100602,96.0,81.0,225.0,42.0,0.2404659262667804,0.2068765443801306,0.21749183882488865,0.21734860277353116,0.1996840555504933,0.2569121859398884,0.21245790923583516,0.21753921044341387,1.2042319833892534,0.8052422411311193,1.023693773543943,0.9991238008564333,0.25231850443300485,0.18053820984531033,0.29212881258522627,-0.024569972687509822,0.27400705312897,-0.21845153241282378
345,PO4P,-0.35447148690437585,0.14768351104728283,-0.32788078031671825,0.4478431401730927,-1.1316600148714353,-3.5555463083490855,-0.8696042896038034,-5.499494404221333,96.0,81.0,225.0,42.0,0.9801308800779729,0.7065766562317808,0.7461507774186603,0.6061483935118209,0.1996840555504933,0.2569121859398884,0.21245790923583516,0.21753921044341387,4.908408322216449,2.75026524587317,3.5119934113180453,2.7863868416010997,-0.02659070658765761,1.3964149108984034,0.775723920489811,-0.7256065697169456,0.4755642913640011,-0.7617281654448753
346,NO3N,0.5465505175746749,0.23645542337578407,0.38576298471136855,0.27036046017745047,0.4011932474472355,0.9341402216367136,0.6592600700379624,0.8850469382426214,72.0,64.0,149.0,27.0,0.2808400293094495,0.16756638252665199,0.23083038878836035,0.17622348612893982,0.4024358595446661,0.5569258181085185,0.4955381115791759,0.5151786570016016,0.6978504093228781,0.3008773827289171,0.4658176301571485,0.3420628625311859,0.16078753286330633,0.23203277916572962,-0.11540252453391808,-0.1237547676259626,-0.14930756133558448,-0.16494024742823138
346,PO4P,0.335203926284171,0.22192277752960954,0.43747580732280555,0.28628677460656077,-4.044377810770022,-3.062546992054142,-3.9424797508219007,-3.4051120925157834,72.0,64.0,149.0,27.0,0.7706593528024858,0.44222852453146466,0.6500036380748831,0.48011159917547586,0.4024358595446661,0.5569258181085185,0.4955381115791759,0.5151786570016016,1.9149867849113749,0.7940528346008467,1.3117127076330377,0.9319322387495242,-0.10227188103863455,0.6032740772783372,-0.1511890327162448,-0.37978046888351347,-0.21555302979319602,-0.517659873032191
347,NO3N,0.2826341700650886,0.21631410982912513,0.019143502117658133,0.29733887846413837,-0.4354257358221112,-0.24957091651265095,1.0065285893348836,-0.6875614811557262,96.0,82.0,223.0,43.0,0.2354705231344849,0.22190633490962638,0.2330698674948364,0.2268908151836396,0.20564264454723857,0.27279089150555264,0.21752745882271105,0.2299127231507377,1.1450471455126348,0.8134668048662083,1.0714503297939628,0.9868562821331255,0.2634906679474305,0.07359681571867194,0.2781953763464802,-0.08459404766083733,0.197170607711467,-0.25798352492775456
347,PO4P,-0.04380251620933709,0.06803569675904916,-0.3894278704616331,0.03909181564315752,-2.842786872325074,-2.9746939456662775,-0.46409904786519274,-2.9992480926411558,96.0,82.0,223.0,43.0,0.9105041465015079,0.6790041577569523,0.7481815833393585,0.6489784173958042,0.20564264454723857,0.27279089150555264,0.21752745882271105,0.2299127231507377,4.427603761399568,2.4891012819727205,3.4394810999430674,2.822716413872904,0.345625354252296,0.9881226614565004,0.4285196861047906,-0.6167646860701632,0.45746356722068227,-0.9503798179703469
348,NO3N,0.579742965734809,0.38331421413634137,0.37013480194283255,0.34886779499988135,-0.09761327948860132,-0.08723536668176735,0.24662948923273276,0.10586188357746562,84.0,68.0,188.0,44.0,0.2836400172092767,0.2554181646325311,0.24868593308495196,0.2881498198432365,0.4001992624833902,0.5106492608193145,0.5365072708945114,0.5662696400077357,0.7087469763167012,0.5001831672540243,0.4635276101110824,0.5088562046859869,0.20960816379197644,0.24521936620561885,-0.021267006942951194,0.04532859457490451,0.013179412193508822,0.03665555714294194
348,PO4P,-0.40195619891469364,-0.4841200806118677,-0.5608893314783279,-0.34650689072474444,-1.4049140202630357,-0.8319886294794496,-0.7234444232647865,-1.3821391983080267,84.0,68.0,188.0,44.0,0.7271322335081671,0.6165416039142283,0.7134442238534627,0.44774530584602196,0.4001992624833902,0.5106492608193145,0.5365072708945114,0.5662696400077357,1.8169254710666687,1.2073680532211368,1.32979413804392,0.7906927622676458,0.15893313256363423,0.4871313330227487,0.21438244075358343,-0.5391013757762741,0.07676925086646019,-0.12242608482278317
349,NO3N,0.6823944793362162,0.4079096279364147,0.4990511041718985,0.42889302492575326,0.14073207406521537,0.19867809404617942,0.2136150306334914,0.2607741724980981,84.0,71.0,197.0,32.0,0.2653540153579413,0.23701334861068674,0.247170533101875,0.23175809355794105,0.35438727218940513,0.48564377455333063,0.4671020210117556,0.4788650171103399,0.7487684693600415,0.4880395076178605,0.5291574901913226,0.48397374056777137,0.1833433751643177,0.21961097916871886,-0.07015807924614526,-0.04518374962355126,-0.0911414762354838,-0.04111798257346211
349,PO4P,-0.38472312713612067,-0.3253103137915002,-0.29316868344329206,-0.38490804235867565,-2.2358906869071156,-1.982827219395096,-2.2364321129641658,-1.9369838745560064,84.0,71.0,197.0,32.0,0.2856569176886629,0.27918321475912933,0.2760465179029463,0.28101352674961483,0.35438727218940513,0.48564377455333063,0.4671020210117556,0.4788650171103399,0.8060586259881006,0.5748724258143888,0.590976928990849,0.5868324406851875,-0.09155444369282861,0.21508169699725166,-0.0917393589153836,-0.004144488305661498,-0.03214163034820816,-0.016104503176460172
350,NO3N,0.6218410741057605,0.3165826906249377,0.44281875696890216,0.3627095986099575,-0.8632098778003903,-0.08173146364846895,-0.40163029448082455,-0.20285282514074043,96.0,83.0,229.0,36.0,0.23356967214784713,0.19044547049344854,0.20498526803260686,0.2085306916772909,0.3279678482918592,0.4952741972663897,0.42820894107524343,0.4667976768665649,0.7121724686256228,0.3845253226285377,0.478703848448105,0.4467260700119119,0.17902231713685834,0.2334686201775178,-0.08010915835894467,-0.031977778436193094,-0.12623606634396445,-0.09417852581956726
350,PO4P,-0.28989540869505964,-0.3980908498738174,-0.3808845574762627,-0.33401612833396305,-1.881892982144123,-0.9023645342573967,-1.202744517143053,-1.3364559452848974,96.0,83.0,229.0,36.0,0.7110576043536139,0.5324032695305019,0.6304757944045152,0.44980165528767924,0.3279678482918592,0.4952741972663897,0.42820894107524343,0.4667976768665649,2.1680710717742135,1.0749667002017103,1.4723555113570832,0.9635901753132674,0.09098914878120307,0.6957155604171303,0.04686842914229966,-0.5087653360438158,-0.017206292397554668,-0.39738881115537295
352,NO3N,0.37527949771176794,0.11392999022470894,0.22234826721138484,0.23969756697608616,1.630577079942409,1.613149449483373,1.6342710880795652,1.5123020190538534,96.0,86.0,229.0,33.0,0.13380626778925817,0.12294487841030353,0.10421571591012932,0.14346662939318663,0.2493869498772241,0.3864201519481401,0.262383502423048,0.29402257372267415,0.5365407767131859,0.3181637339317735,0.3971885234693587,0.48794426760071213,0.1529312305003831,0.13935225324382722,0.017349299764701315,0.09075574413135346,-0.1084182769866759,-0.07902478953758518
352,PO4P,-0.313004851971249,-0.3388390979197174,-0.6689111658690834,-0.47349624091061465,-1.8315387917190447,-1.396691711214285,-1.2816450932634074,-1.4329096340788636,96.0,86.0,229.0,33.0,0.4949194934134571,0.3921873375466424,0.5043579166497343,0.41339756389559995,0.2493869498772241,0.3864201519481401,0.262383502423048,0.29402257372267415,1.9845444745890326,1.0149246502011529,1.9222165722772633,1.4060062078278446,0.3559063138978344,0.06232790231176932,0.19541492495846874,-0.5162103644494187,0.330072067949366,-0.9072919220761104
354,NO3N,-0.022554558150722055,-0.0049784390530013285,-0.005526280835441613,0.03705085882569049,-0.7310584748739094,-0.7363102284933741,-0.728673675225666,-0.885940929262663,84.0,78.0,227.0,24.0,0.11530563569115487,0.11100498219845935,0.10256301079463465,0.12502362748147086,0.44587016234609117,0.5084130308646003,0.48638165107398557,0.3537652054081582,0.25860810035916443,0.21833622558746335,0.21086940793955516,0.3534084911975,-0.017028277315280442,0.04773869241960926,0.0425771396611321,0.14253908325794484,0.0005478417824402847,0.007466817647908186
354,PO4P,-0.6275322976208704,-0.8474606598624633,-1.1154022587998083,-0.4073584800952277,-3.4027266078336007,-2.5182117957760344,-1.9880042957923383,-4.442345611749828,52.0,64.0,174.0,15.0,1.076445372753711,0.980280714658461,0.8946418291574518,0.8708286254987462,0.45814075966856777,0.5087891913232994,0.4593395779099381,0.34849889936939266,2.3495952936657343,1.9266932776399377,1.9476698115764426,2.4987987826489757,0.4878699611789379,0.4019254820892917,0.7080437787045806,0.5511289710725331,0.2679415989373449,-0.020976533936504893
355,NO3N,-0.2827072455553718,-0.2610206045246635,-0.2638593665628071,-0.28417365815431533,0.6204024770620487,0.6344249813015155,0.619281142414982,0.7228096472259873,96.0,70.0,224.0,54.0,0.1422145948984272,0.13540324589679242,0.14918412663566014,0.1731374730982997,0.36171152555988173,0.37049401775819996,0.36351050988385775,0.3906083542030275,0.3931713115259398,0.3654667535959037,0.4103983862346228,0.4432508194853088,-0.01884787899256468,-0.01722707470868301,-0.020314291591508216,0.032852433250685986,0.002838762038143594,-0.04493163263871913
355,PO4P,-0.5885728500964361,0.10231033931479847,0.08745131962371284,-0.3400735834377065,-3.0197549923758062,-5.195918971158298,-4.945497249769403,-3.588621752109945,96.0,70.0,224.0,54.0,1.3041155234082065,1.443512419507026,1.31687792918124,1.241260289135305,0.36171152555988173,0.37049401775819996,0.36351050988385775,0.3906083542030275,3.605402181723703,3.896182800039495,3.62266810277916,3.1777617549114994,-0.676024169720149,-0.01726592105545688,-0.4275249030614193,-0.4449063478676605,0.01485901969108562,0.2735146972603353
356,NO3N,-0.2214775207717856,-0.21038419561943572,-0.14411129209943538,-0.20724304898242674,0.5476634667995219,0.7387373288638024,0.36884312659054824,0.6751193895735981,96.0,77.0,221.0,50.0,0.16696587026086127,0.14704860135084757,0.15787059237653303,0.19188734608296754,0.32834838850382264,0.3964073502578627,0.37786071742175154,0.4059372498870842,0.5085021766717683,0.37095326626812686,0.41780101793520075,0.472701990606536,-0.07736622867235021,0.09070115873656759,-0.06313175688299136,0.05490097267133526,-0.06627290352000034,-0.04684775166707389
356,PO4P,-0.49580690872728767,-0.40137645952552126,-0.11914932639232693,-0.5987040823943662,-2.9004677907007004,-2.990214069065898,-4.139980431611552,-1.66250867635878,96.0,77.0,221.0,50.0,1.2173465108880477,1.255585475467495,1.0983484852515963,0.9283615452667989,0.32834838850382264,0.3964073502578627,0.37786071742175154,0.4059372498870842,3.7074843474490673,3.167412195184417,2.90675488244963,2.286958256540962,-0.3766575823349607,0.8007294649994372,-0.4795547560020393,-0.619796625908668,-0.2822271331331943,0.2606573127347871
357,NO3N,0.29070014867257044,-0.35773398607936413,-0.8258886085415266,-0.4887336903342622,0.4850518040025237,2.335932257590356,3.819279453023033,2.9021719385126366,96.0,87.0,243.0,18.0,0.2424841326613272,0.2922592417414325,0.2903656817781954,0.3662962242391378,0.3246973141765821,0.8188974828098065,0.30873675210041457,0.555376509725685,0.7468005495402885,0.35689356467262623,0.9404960044528676,0.6595457636839216,1.116588757214097,-0.1936954549125791,0.33715491820726434,-0.28095024076894604,0.46815462246216244,-0.5836024397802414
357,PO4P,-0.8827585053158086,-0.33023089141903905,-0.7673319981282815,-0.936110202073209,0.36388349525386277,-2.0105300403181072,-0.4261768821232774,1.1972635087493027,96.0,87.0,243.0,18.0,0.313061059202809,0.4647470528332965,0.5414861678100749,0.4861894281045786,0.3246973141765821,0.8188974828098065,0.30873675210041457,0.555376509725685,0.9641627618531983,0.5675277584669736,1.753876608878622,0.8754231041293415,-0.11542650718752712,-0.7897138470254237,-0.1687782039449276,-0.8784535047492804,0.4371011067092424,-1.1863488504116484
358,NO3N,-0.27222142784500586,-0.22352492481536468,-0.3178246092043097,-0.37289697725717036,1.062539271360668,1.0739657846069268,1.2886270693046225,1.4579878587400268,96.0,80.0,227.0,41.0,0.16724273411413162,0.16463562005022886,0.17138129663513865,0.20609126865294672,0.24960371727528022,0.33059097242505964,0.2624721189694909,0.36515028592884285,0.6700330265101172,0.4980039800921952,0.6529504821617247,0.5644012249058129,0.04560318135930386,0.017082544348392514,-0.05507236805286064,-0.08854925725591178,0.09429968438894504,-0.15494650206952948
358,PO4P,0.1957305329295254,0.394514800093452,0.400192121040336,0.2938188028059353,-5.446293481896826,-5.37564827265106,-5.462486601921553,-5.402897670796566,96.0,80.0,227.0,41.0,0.9235328406724903,1.0614824682597699,1.1371485353179844,0.6126347886395849,0.24960371727528022,0.33059097242505964,0.2624721189694909,0.36515028592884285,3.6999963412161625,3.210863443950797,4.3324545852055385,1.677760670736458,-0.2044615881108106,-0.632458243989376,-0.10637331823440072,-2.6546939144690804,-0.005677320946884001,-1.1215911412547417
359,NO3N,0.14484585469207814,-0.0655839848329865,0.09297765570822784,-0.04276978894675034,0.6068024039391511,1.3579896964597369,0.7510414920878407,1.262726283162101,96.0,79.0,233.0,36.0,0.18750827394006947,0.17156718813712832,0.18784178078005803,0.19238151031980402,0.16419822245054552,0.1873436457704937,0.1512928960759796,0.18056889875981225,1.1419628735417318,0.9157886697011736,1.2415770049488875,1.065418860286148,0.0518681989838503,-0.09961413140715569,-0.13574744465497818,-0.17615814466273938,-0.15856164054121435,-0.3257883352477139
359,PO4P,-0.23089562399497082,-0.2392435089949416,-0.6160086821537412,0.08936977044727638,-2.1900202306563377,-2.038125742303227,-0.49952047736887906,-3.45715523317974,96.0,79.0,233.0,36.0,0.8684400692724645,0.8264342228404474,0.9843543820546555,0.6288325126727647,0.16419822245054552,0.1873436457704937,0.1512928960759796,0.18056889875981225,5.288973633889539,4.411327747154419,6.50628289619303,3.48250732541278,0.38511305815877034,-1.2173092623034911,0.7053784526010175,-3.02377557078025,0.37676517315879954,-2.0949551490386105
360,NO3N,-0.5974708631223759,-0.35416736339554367,-0.5750664619924679,-0.7034002185162798,3.8838804113063334,2.9063086592613376,3.9497421530574313,4.683873527142496,96.0,74.0,233.0,41.0,0.2621614152682036,0.2150307626247733,0.2499771974919259,0.2732730879897713,0.12611917456503852,0.21479527629398928,0.1707661211200945,0.20533623100184753,2.0786800751935566,1.001096329187713,1.4638570920992267,1.330856647443346,-0.022404401129907936,0.6148229830943299,-0.12833375652381185,-0.13300044465588057,0.22089909859692425,-0.4627607629115136
360,PO4P,-1.341614795659781,-0.6216223982663834,-0.6152058073559623,-0.1638052452423436,3.396478605041131,0.44221238478584146,0.2687819241707703,-2.0730725123879408,89.0,71.0,207.0,41.0,1.3380787290404557,0.9736817707922475,1.089542783421098,1.1340594387570178,0.12631841210108283,0.21903062136624027,0.16950945157003802,0.20533623100184753,10.592903336765309,4.445413909337169,6.427622609414909,5.522938807359399,-0.7264089883038187,4.1652807273504,0.4514005621136187,-0.9046838020555104,-0.006416590910421127,-1.9822087000777397
362,NO3N,1.0466987200762234,0.37268309074199285,0.74702822690989,0.5272905128370724,-0.7344856906379031,0.3886090387870562,-0.33650275972693433,0.001525483628679325,96.0,82.0,237.0,29.0,0.3062868242329171,0.20203913706404322,0.25207401451479544,0.24049875223974973,0.24656746677235142,0.44049143498552107,0.3005691247023716,0.48296834399914823,1.2422029079598844,0.45866757220985294,0.8386557160999261,0.49795965973325546,0.29967049316633343,0.40354719185995835,-0.2197377140728176,-0.3406960563666706,-0.37434513616789716,-0.3799881438900731
362,PO4P,-0.23204855644997474,-0.009838526839318554,-0.1410409229712214,0.0662957869320263,-2.2992951132801243,-2.115840642922204,-2.145236067274593,-2.2682107696370557,96.0,82.0,237.0,29.0,0.647510759552074,0.39931375269899033,0.4930357299683831,0.5109131934443913,0.24656746677235142,0.44049143498552107,0.3005691247023716,0.48296834399914823,2.6260997366286847,0.906518767412846,1.6403405720950046,1.0578606233564916,-0.09100763347875335,0.9857591645336801,0.2073367099032477,-0.582479948738513,0.13120239613190285,-0.7338218046821586
363,NO3N,0.42737259390333004,0.3076993495716373,0.2293161045220645,0.564524309863633,-1.5305789734487016,-1.0429126338499217,-0.39805979450766205,-2.6705596391627267,96.0,80.0,227.0,41.0,0.2596050512164685,0.2376710351218393,0.24926086483088167,0.24683818376342023,0.18416501159660537,0.2638164805812254,0.19824978093733317,0.19744585687063376,1.4096328556974047,0.9008953292008749,1.2573071387638663,1.2501563095605914,0.19805648938126555,0.15232571693353836,0.3352082053415685,-0.007150829203274922,0.07838324504957281,-0.35641180956299146
363,PO4P,-0.6048485353096025,-0.04677873408254221,-0.44089441588482187,0.039734555647900446,0.5503700526607975,-2.356504312055921,0.07919635245914591,-3.1083281971431567,96.0,80.0,227.0,41.0,0.9917559284781109,0.6066520911744417,0.801138717096583,0.5494931675544612,0.18416501159660537,0.2638164805812254,0.19824978093733317,0.19744585687063376,5.385148459417747,2.299523099686193,4.041057262755934,2.783006826597979,-0.1639541194247806,1.3440911966618128,0.4806289715327223,-1.258050436157955,0.3941156818022796,-1.741534163069741
364,NO3N,0.15751381919709556,0.3300527435609454,0.1381664099581303,0.27369889783116397,0.040986229810919345,-0.05008764430603,-0.03191817129012521,-0.08685211697051118,96.0,73.0,217.0,58.0,0.23413215991560307,0.2524869426628706,0.2399215201954838,0.27402994913976514,0.4512370644269358,0.49286699921474025,0.5881296958912,0.6679469290129318,0.5188673058427666,0.5122821026060683,0.40793981645821814,0.4102570686936413,0.019347409238965274,0.1109274893845485,0.13553248787303368,0.002317252235423173,0.1918863336028151,0.10434228614785018
364,PO4P,-0.31801793822160923,-0.3353501545327642,-0.16534962390640798,-0.0705815204816343,-5.211112667457862,-4.986258841753206,-4.948096840796292,-4.879644949621097,96.0,73.0,217.0,58.0,0.4981824321650832,0.3565365811083521,0.4437122743435661,0.4226686169228133,0.4512370644269358,0.49286699921474025,0.5881296958912,0.6679469290129318,1.1040370382645035,0.7233930891628038,0.7544463023095671,0.6327877239400111,-0.15266831431520125,0.3495907359549364,0.09476810342477368,-0.12165857836955596,-0.1700005306263562,-0.031053213146763348
365,NO3N,0.11437479046150953,0.1067040466016078,0.05583994770378722,0.10975181744877822,0.41148705053095985,0.2297410524545518,0.4725356047595801,0.2402233421355271,97.0,79.0,228.0,40.0,0.14146104074925908,0.13037677871616923,0.13313543766009625,0.14948392713785433,0.36554246728862144,0.44309550290288674,0.4629726009858543,0.595050222209283,0.3869893470888176,0.29424080782138723,0.2875665587479638,0.25121228689379405,0.05853484275772231,0.09942278834085383,0.05391186974499101,-0.03635427185416973,0.050864098897820585,0.006674249073423455
365,PO4P,-0.4209054343727436,-0.46981436841379354,-0.47233510280522706,-0.352428355693337,-1.9357918066712143,-1.5861458021374188,-1.69883082652606,-1.9900211542659758,97.0,79.0,228.0,40.0,0.5216143658434416,0.32839209064529434,0.38963740587250273,0.40304586885046684,0.36554246728862144,0.44309550290288674,0.4629726009858543,0.595050222209283,1.4269596901078812,0.7411316262383012,0.8415992761619338,0.6773308433598282,0.05142966843248348,0.5853604139459474,0.11990674711189003,-0.16426843280210557,0.002520734391433521,-0.10046764992363255
366,NO3N,-0.44582194911727957,-0.4826346967163037,-0.44721626769865375,-0.49265001908516254,1.892530836722237,2.212707679915705,1.9528445956136762,2.22975947412323,84.0,76.0,228.0,32.0,0.21534010024585007,0.24427887848145777,0.23330448386481148,0.2609858774085276,0.480786376773101,0.4809133063789536,0.4926673125309396,0.5057024827130219,0.4478914350509482,0.5079478468182976,0.4735538119350265,0.5160858139520602,0.0013943185813741765,-0.025662376884078297,-0.04543375138650879,0.04253200201703372,-0.035418429017649966,0.03439403488327114
366,PO4P,-0.7356716064395793,-0.26790526688198807,-0.37254605171077876,-0.6135463859747528,0.1538666687639405,-2.708843406144511,-1.8866006629182905,-0.45377226850181085,84.0,76.0,228.0,32.0,0.8774158819062524,0.8391111551166405,0.8538839057826251,0.9159186604405943,0.480786376773101,0.4809133063789536,0.4926673125309396,0.5057024827130219,1.82495994956266,1.7448283172589771,1.7331856286467169,1.8111808657272572,-0.36312555472880054,0.09177432091594317,-0.241000334263974,0.07799523708054035,0.10464078482879069,0.011642688612260255
367,NO3N,-0.27488228239961243,-0.7450574886298934,-0.6848524989609173,-0.8099051982583505,1.4502890952974425,4.544509988451414,3.9814062043523313,4.83441100640537,96.0,78.0,231.0,39.0,0.32165611234072095,0.33829845729568403,0.32963404320093187,0.3722597153965991,0.5036765624071957,0.443491600911459,0.4359404189542113,0.45755177127284336,0.6386163985940626,0.7628069090833215,0.7561447135177313,0.8135903711202472,0.40997021656130483,-0.11752831492366866,-0.12505269929743323,0.057445657602515965,-0.06020498966897614,0.006662195565590223
367,PO4P,-0.01823919092244304,-0.5668772096869509,-0.5286294304306528,-0.833498769045611,-4.051477680933968,-0.2991068274876785,-0.6058979929341657,1.0169752825063356,96.0,78.0,231.0,39.0,1.0687093797057703,0.7591602651655808,0.799018590741062,0.9029085547939804,0.5036765624071957,0.443491600911459,0.4359404189542113,0.45755177127284336,2.121816775825625,1.7117804792815987,1.8328619141529665,1.9733473051196335,0.5103902395082097,0.2889548616726585,-0.30486933861495824,0.140485390966667,-0.038247779256298076,-0.1210814348713678
368,NO3N,-0.2133282486768011,-0.26912843980928786,-0.23123833716631334,-0.25052642102821004,0.37236030637354117,0.6873261184319359,0.48234524115929345,0.6171953624151612,96.0,71.0,229.0,48.0,0.11588445856549391,0.14774634905284978,0.1368204050173336,0.14924336512744843,0.35190098231377664,0.3444114620853284,0.3783899512875424,0.3971115130502745,0.3293098467743525,0.42898209066063375,0.3615857253919579,0.37582230739443245,0.017910088489512227,-0.03227587861760539,-0.019288083861896704,0.014236582002474574,-0.037890102642974516,0.06739636526867587
368,PO4P,-0.5373595750285852,-0.0927715582581398,-0.28151265165790945,-0.5893908593561575,-2.5185141049284425,-4.214049378379245,-3.294205224664254,-2.077290628618923,96.0,71.0,229.0,48.0,0.8574868441417565,0.8097695277640637,0.8157468853768237,0.7457868491031561,0.35190098231377664,0.3444114620853284,0.3783899512875424,0.3971115130502745,2.436727622934477,2.3511689270185854,2.1558365453445387,1.8780287767903097,-0.25584692337067577,0.2808910775899385,-0.3078782076982481,-0.27780776855422906,0.18874109339976963,0.19533238167404665
370,NO3N,-0.2752423626872901,-0.4393526014910097,-0.3663026887139975,-0.3976080018872475,0.9013644605553432,2.07050937408553,1.5081454868763755,1.7665114367794494,96.0,77.0,225.0,46.0,0.20753357124777783,0.22368249862695636,0.21871473476523598,0.21927805088766933,0.4156912313696985,0.3688084328595594,0.4068950482590047,0.4378746831956205,0.499249336013071,0.6065004991687206,0.5375212495238219,0.5007780977136485,0.09106032602670744,-0.03827191351075088,-0.03130531317324997,-0.0367431518101734,-0.07304991277701217,0.06897924964489877
370,PO4P,-0.7691415181302728,-0.4156487170483689,-0.5122374532422246,-0.6838918338166671,-0.10417928652539477,-1.8590896711313452,-1.4117596503154521,-0.3189236872726413,96.0,77.0,225.0,46.0,0.6661349874825151,0.6142870251681418,0.640688179461801,0.7040464543045647,0.4156912313696985,0.3688084328595594,0.4068950482590047,0.4378746831956205,1.6024754366061726,1.6655991849352847,1.5745784624392327,1.6078720266867585,-0.2569040648880482,0.027896974166939925,-0.1716543805744425,0.03329356424752583,0.09658873619385566,0.09102072249605198
372,NO3N,0.7889868117243443,0.18762583791351742,0.6641918228471367,0.20275612759225842,1.3625236805296608,0.08287818190896187,0.8846320799628895,0.14271018147479797,96.0,83.0,215.0,50.0,0.2628219346468698,0.275155993290591,0.253145187269264,0.2605651558612787,0.19712958887580576,0.761816182807139,0.22981244699509162,0.5438178070777678,1.333244472053615,0.36118423249647524,1.1015294888473588,0.47914053653637895,0.12479498887720752,0.23171498320625616,-0.4614356952548783,-0.6223889523109798,-0.47656598493361935,-0.7403452563508836
372,PO4P,0.771839310139541,-0.10914744554595225,0.5555162382982356,0.04588395444816226,-2.625850338293767,-3.7146756401288217,-2.936579758253906,-3.828450659216886,96.0,83.0,215.0,50.0,0.7636985936422614,0.701138584105915,0.7068722344555524,0.6440666372633952,0.19712958887580576,0.761816182807139,0.22981244699509162,0.5438178070777678,3.874094183412525,0.9203513917522212,3.0758657492152714,1.1843426766848983,0.2163230718413054,0.7982284341972536,-0.5096322838500733,-1.891523072530373,-0.6646636838441878,-2.1555143574630504
373,NO3N,1.457615307253414,0.4306473100748948,0.8235771948721415,0.5271355144736499,-1.1918770896492958,0.26251488321967,-0.3825870208088722,0.022964053548984342,83.0,67.0,197.0,37.0,0.4873513396117266,0.22834723519031605,0.32227496520200277,0.28462556130969946,0.3028627475200149,0.4501069640123595,0.3452694775652383,0.45267486120090866,1.6091491726942073,0.5073177121161935,0.933401259429627,0.6287637898747273,0.6340381123812724,0.6757479132645803,-0.2964416803984916,-0.3046374695548998,-0.3929298847972467,-0.42608354731343356
373,PO4P,0.731259365404257,0.18118728235509754,0.25321432303458075,0.27705207989555036,-4.038887954615711,-2.5736452849479945,-2.8850182517955734,-2.9202124218535634,84.0,70.0,203.0,37.0,0.6477508951811496,0.42021955037013514,0.5128684484025526,0.40589000864182306,0.30170093913338497,0.4792602639987142,0.3454064363629063,0.45267486120090866,2.1469966153959255,0.8768086610478154,1.4848259743014747,0.8966479993278856,0.4780450423696762,0.6621706410944508,0.023837756860969617,-0.588177974973589,-0.0720270406794832,-0.6080173132536593
374,NO3N,-0.8098548174099041,-0.6469690903497894,-0.6947329693160407,-0.8109080337716391,5.161122616893042,4.560409079168605,4.641912470051256,5.581967861926643,96.0,73.0,233.0,42.0,0.3043923082696393,0.28237473660474466,0.2974323496510508,0.35545564588262446,0.3336276740422782,0.32227466718752157,0.33791933796252044,0.34445534772143505,0.9123712807801007,0.8761927801183318,0.8801874182294943,1.0319353385974588,-0.11512184809386339,0.032183862550606346,-0.11617506445559844,0.15174792036796447,0.04776387896625123,-0.0039946381111625184
374,PO4P,-1.45684919103653,-0.44162915982985274,-0.5316999891773938,-1.029991854403332,5.221312494820539,-0.7711829727694504,-0.34546346530322003,3.1397841190809346,96.0,73.0,233.0,42.0,0.9402580216892017,0.7826297813221108,0.773243360174719,0.9206484027183055,0.3336276740422782,0.32227466718752157,0.33791933796252044,0.34445534772143505,2.818285456649647,2.4284557894422494,2.28824832824596,2.6727655959135936,-0.9251492018591362,0.5300371284036869,-0.49829186522593816,0.3845172676676336,0.09007082934754107,0.14020746119628935
375,NO3N,-0.8203906601868189,-0.3286673487061005,-0.6531574807359292,-0.6168369249407308,6.155219212216587,3.156081886871755,5.29966856900162,5.17862240952792,50.0,44.0,124.0,24.0,0.31600833694390984,0.3103789763334753,0.31801205930695775,0.3420919588504014,0.22766986307380938,0.2375297386868057,0.23634177896253722,0.20201614480136337,1.388011275086776,1.306695229192858,1.3455600643395604,1.6933892050398769,-0.16723317945088978,0.04245121074721547,0.03632055579519833,0.34782914070031645,0.3244901320298287,-0.03886483514670247
375,PO4P,-1.1323125774549445,-0.7603233642767551,-0.9976781159248753,-0.5986095476926364,3.837567073818769,2.401173295725136,3.5326904114661377,0.8760006096785027,50.0,44.0,124.0,24.0,0.4289807463216861,0.3938398943003825,0.40170181381631154,0.38614887244124363,0.22766986307380938,0.2375297386868057,0.23634177896253722,0.20201614480136337,1.8842227975628587,1.6580656236046267,1.6996648479995815,1.9114753071886044,-0.1346344615300692,0.1845579495632772,0.3990685682322389,0.21181045918902286,0.23735475164812025,-0.04159922439495478
376,NO3N,0.18913790673435613,0.09816631483695482,0.10716103169528837,0.059438167664456004,1.1441288473396254,1.1258933480831872,1.2434525849047149,1.3153053502426695,96.0,84.0,216.0,38.0,0.16151692535357481,0.11895374955307424,0.12900479906315154,0.1178207512912822,0.4676026503746344,0.5192574659877963,0.5532559158194235,0.6507047389553003,0.34541490563445376,0.22908433165575304,0.23317382674902526,0.18106637963086328,0.08197687503906775,0.1122410788854285,-0.04772286403083237,-0.05210744711816198,-0.008994716858333557,-0.004089495093272222
376,PO4P,-0.5933656581836775,-0.44933090355527483,-0.48765801133238446,-0.40204180689292307,-0.7683086438360698,-0.7442310835371269,-0.8105457420106814,-0.929354568122116,96.0,84.0,216.0,38.0,0.7484590869186458,0.6343433971213379,0.6278292702518055,0.5627928671638283,0.4676026503746344,0.5192574659877963,0.5532559158194235,0.6507047389553003,1.6006305488623611,1.2216355828694938,1.134789981092081,0.8648974465244964,-0.10570764685129302,0.46584056777028016,0.08561620443946139,-0.26989253456758455,0.038327107777109626,0.08684560177741285
377,NO3N,0.1956087765093001,0.11921626616251542,0.08989926187699733,0.1380636335242961,0.7975966430234761,0.7320730982486228,0.9299588588612365,0.6986305815541536,96.0,76.0,224.0,48.0,0.2899920147661123,0.16030902462676672,0.17389768400417563,0.1939705733098622,0.767244045113921,0.5963148601395132,0.7749509099756506,0.6617955744501629,0.37796580711558875,0.26883285214334757,0.2243983222235839,0.29309741678314793,0.10570951463230276,0.15356748489200484,0.04816437164729877,0.06869909455956402,0.02931700428551809,0.044434529919763655
377,PO4P,-0.34286185188175866,-0.5308413314766863,-0.51203579149801,-0.3983481122145413,-1.5629411804154283,-0.7893221132933981,-1.0507468943537646,-1.3039547979652917,96.0,76.0,224.0,48.0,0.7306151992824087,0.6746183013675253,0.7419518882362705,0.6535294365014184,0.767244045113921,0.5963148601395132,0.7749509099756506,0.6617955744501629,0.9522591982762492,1.1313122420086803,0.9574179198777675,0.9875095297281004,0.16917393961625138,-0.005158721601518312,0.11368767928346873,0.03009160985033288,-0.01880553997867629,0.17389432213091283
378,NO3N,0.17923636200108944,0.13179692756456832,0.14831984613294713,0.11769914984114431,1.3284219410166052,1.1783063745845375,1.2671497143041812,1.2694283701502658,85.0,69.0,193.0,37.0,0.13240795033457964,0.13855828809011816,0.12906534750444287,0.13433428473827122,0.49065031073703946,0.588880471991851,0.6060434335377267,0.6329537650569185,0.2698621552601905,0.23529102199883367,0.21296385764141515,0.21223396107959194,0.030916515868142314,0.05689829761877532,-0.03062069629180282,-0.0007298965618232067,-0.016522918568378814,0.022327164357418522
378,PO4P,-0.5929683182966974,-0.4901049980330356,-0.43264275152630144,-0.33072866518691585,-0.7523548097259517,-0.37429917204266094,-0.7919030703466118,-0.8767244341526583,85.0,69.0,193.0,37.0,0.879418026225876,0.7906696164207594,0.8870224850615882,0.8950840386024428,0.49065031073703946,0.588880471991851,0.6060434335377267,0.6329537650569185,1.7923519194451174,1.3426657089619043,1.4636285717735944,1.4141381061568568,-0.16032556677039594,0.328723347671523,0.10191408633938559,-0.049490465616737644,-0.05746224650673415,-0.12096286281169011
380,NO3N,0.07177602125102757,0.3354777539874776,-0.03874807001224971,0.12901372128656105,1.6802473533049316,0.5554119840301956,1.750470235992883,1.3654053551478114,96.0,85.0,233.0,30.0,0.1226917435937324,0.195678735434024,0.1946306529336395,0.1898362851549098,0.2267009579857753,0.36357939122613814,0.19659574955328377,0.229637887558753,0.5412052277319044,0.538200844591646,0.9900043789140432,0.8266766741892279,0.11052409126327728,-0.44879915118213887,0.16776179129881075,-0.1633277047248154,0.3742258239997273,-0.4518035343223973
380,PO4P,-1.2108827412899987,0.36496177075418984,-0.8517780042765245,-0.6069166139148297,1.511832623224122,-2.9245619218684813,0.4987940244841551,0.2286062547981429,96.0,85.0,233.0,30.0,0.7061025522865252,0.6614332266747349,0.8289517021635258,0.7813789060032551,0.2267009579857753,0.36357939122613814,0.19659574955328377,0.229637887558753,3.114687112750669,1.8192263990654478,4.216529116459118,3.4026567406188093,-0.35910473701347423,-1.1018420037084495,0.24486139036169485,-0.813872375840309,1.2167397750307143,-2.3973027173936705
381,NO3N,0.34715892569024104,0.10345798789638219,0.19885036014112298,0.09087226791460612,0.49362892919484525,0.8659603737599366,0.7124274011055244,0.9545612305841322,96.0,89.0,235.0,24.0,0.10666094975067646,0.07099738909120364,0.08343356533236736,0.08349765747427368,0.18959406202888163,0.36849452339292427,0.26511526935622326,0.2966719947414838,0.5625753708174065,0.19266877683145212,0.31470675202891274,0.28144772325757433,0.14830856554911806,0.24786861878849376,-0.10797809222651686,-0.033259028771338406,-0.09539237224474079,-0.12203797519746062
381,PO4P,0.07903271070737614,-0.4127862304707101,-0.16393472979187654,0.1696301157527431,-2.675455901660884,-0.989704313829294,-1.9847760711024305,-2.853957169631354,96.0,89.0,235.0,24.0,0.6218237257229959,0.6127361562979049,0.6866612102164467,0.5949962237822322,0.18959406202888163,0.36849452339292427,0.26511526935622326,0.2966719947414838,3.279763717643599,1.662809397154993,2.5900477625595055,2.005569229076389,0.24296744049925267,0.6897159550840937,0.3335648455446196,-0.5844785334831166,-0.24885150067883358,-0.9272383654045124
385,NO3N,0.2155507366563931,0.16205133880470132,0.19980950637945044,0.2185458625711254,0.7339247724134332,0.6366500775457545,0.6397343750305787,0.46950963040644944,96.0,85.0,230.0,33.0,0.15995275442838305,0.14865221337414947,0.15008704208221213,0.15550618541692673,0.31235215688937873,0.4800862032513236,0.3963032479403001,0.410725404198551,0.5120910834146448,0.30963650354336575,0.37871766850828725,0.37861350631662566,0.015741230276942658,0.13337341490635757,0.018736356191674963,-0.00010416219166159424,-0.03775816757474912,-0.0690811649649215
385,PO4P,-0.9044597044304736,-0.30397828850801323,-0.5915851493669542,-0.05546673356637337,2.2033924335214508,-0.35357317222124185,0.9368637756896236,-1.4616934347521418,96.0,85.0,230.0,33.0,0.897722484652089,0.7092931404998156,0.85242250997128,0.7013174159106998,0.31235215688937873,0.4800862032513236,0.3963032479403001,0.410725404198551,2.874071668312579,1.4774287111277449,2.1509349580190436,1.7075092232952607,-0.31287455506351947,0.7231367102935353,0.5361184158005808,-0.4434257347237829,0.28760686085894094,-0.6735062468912987
387,NO3N,0.17194788799285388,0.018279231731485674,0.06549861751105907,0.056820164481267935,1.1574886280286503,1.4390015033320491,1.34467088294662,1.3470477540579164,96.0,85.0,233.0,30.0,0.15677447061023497,0.10564871844196992,0.11753302258695296,0.092226434482147,0.46270185989378393,0.6725146065223095,0.6178772484820995,0.5900023767131688,0.3388239473388404,0.15709505402164853,0.19022066741523339,0.15631536095825443,0.10644927048179481,0.14860327992360703,-0.00867845302979113,-0.03390530645697895,-0.047219385779573395,-0.03312561339358486
387,PO4P,-0.5155786911744694,-0.5031626845059793,-0.43056936180025185,-0.24088604605917618,-0.7124655982612276,-0.07235042468245845,-0.6016023831670159,-1.080886430280997,96.0,85.0,233.0,30.0,0.5262465205711898,0.6226448152847028,0.6023537044075717,0.31592401975477635,0.46270185989378393,0.6725146065223095,0.6178772484820995,0.5900023767131688,1.137333921009077,0.9258457872082628,0.9748760063383731,0.535462283244943,-0.08500932937421757,0.1624579146707038,0.18968331574107566,-0.4394137230934301,-0.07259332270572749,-0.0490302191301103
388,NO3N,0.12611750324042723,-0.0016491586363462146,0.058649325518325794,0.2135139679554061,0.5499853266376374,0.7704853283931058,0.6379694936645902,0.20970900763246897,98.0,82.0,232.0,32.0,0.25243287314844304,0.20006437457474774,0.22170028625222304,0.2107576487186564,0.5458112793136978,0.6294879030382065,0.6877379339907168,0.6115903074950423,0.46249112599111497,0.31782084073282807,0.32236157887317524,0.3446059333115982,0.06746817772210142,0.14012954711793973,0.15486464243708029,0.022244354438422986,-0.06029848415467201,-0.004540738140347167
388,PO4P,-0.5481358599638646,-0.5573309318871118,-0.5291628814202199,-0.3337108846533507,-1.583138490814864,-1.127223644874333,-1.4021178498490596,-1.7978186432582426,98.0,82.0,232.0,32.0,0.5830611980392211,0.5980700379200481,0.6200972325888588,0.31462931526848903,0.5458112793136978,0.6294879030382065,0.6877379339907168,0.6115903074950423,1.0682468833776415,0.9500898032090516,0.9016475636157494,0.5144445741090158,-0.01897297854364466,0.16659931976189213,0.19545199676686925,-0.3872029895067336,-0.02816805046689186,0.04844223959330218
391,NO3N,0.45685593892508897,0.2087484426246925,0.2841178075394912,0.2565631691864305,0.9888683458157284,0.8990321269514125,0.9888543067110261,0.8984182750892101,96.0,83.0,232.0,33.0,0.20700107871374088,0.16075606651697355,0.16096165078691937,0.163770672769838,0.3967447796361991,0.49361375404112995,0.4774967900546249,0.5005644594769758,0.5217487143839764,0.3256717731240096,0.33709472846614447,0.3271719948734612,0.1727381313855978,0.18465398591783194,-0.027554638353060656,-0.009922733592683253,-0.07536936491479868,-0.011422955342134888
391,PO4P,-0.1455225372773518,-0.5054596427115633,-0.3607164994954778,-0.5651607329407992,-2.8083275008931534,-1.9504891440604462,-2.3340873677500276,-2.1177445284674956,96.0,83.0,232.0,33.0,1.08489916097049,0.7336199854107031,0.8587455002017839,0.9385620972735784,0.3967447796361991,0.49361375404112995,0.4774967900546249,0.5005644594769758,2.734501414146657,1.4862227387399234,1.7984319854873676,1.8750074630832814,0.215193962218126,0.9360694286592892,-0.20444423344532137,0.07657547759591377,-0.1447431432160855,-0.3122092467474442
392,NO3N,0.14704137615858456,0.0027585822851999013,-0.03624380311161439,-0.07492065369540502,1.496073771064979,1.348623374153309,1.5258602469376905,1.547703434507322,84.0,73.0,239.0,24.0,0.1998492038655602,0.09216961468490437,0.14347364425799447,0.11040195362064947,0.43628995422003536,0.525495877829045,0.5678795136450988,0.4839742172739073,0.4580651054018303,0.1753955046530148,0.25264803679405057,0.2281153616870607,0.18328517927019894,0.20541706860777975,-0.038676850583790626,-0.024532675106989865,0.03900238539681429,-0.07725253214103578
392,PO4P,-0.3693081494126446,-0.45048582349698774,-0.609986388275806,-0.7762172294591548,-2.0994708412988348,-1.64809736073197,-1.6646223968503122,-1.2164049058856758,84.0,73.0,239.0,24.0,0.9015164347656022,0.704562276102673,0.801372474715546,0.8633600745345579,0.43628995422003536,0.525495877829045,0.5678795136450988,0.4839742172739073,2.0663240719747074,1.3407569989195653,1.4111663750144905,1.7838968352438813,0.24067823886316136,0.6551576969602169,-0.16623084118334885,0.3727304602293908,0.15950056477881824,-0.07040937609492515
393,NO3N,0.23105071289340925,0.15767503253214052,0.1905411120264819,0.06938727077375417,1.4179514866365932,1.1795172145168658,1.297782346728322,1.295500384729334,84.0,68.0,201.0,31.0,0.1470066745168582,0.14253117972626272,0.12395701989272984,0.1115426409883429,0.3984597346148413,0.5684863578658045,0.4770413864183973,0.5769799500668255,0.36893733982671456,0.2507204926805091,0.25984542100926067,0.19332152005528808,0.04050960086692734,0.10909191881745389,-0.12115384125272774,-0.06652390095397259,-0.032866079494341394,-0.009124928328751558
393,PO4P,-0.15436254138770505,-0.36440263632148356,-0.3048644594569425,-0.3403711748338073,-2.8898824188155774,-2.1290139723350827,-2.3133739256848957,-2.403782086557039,84.0,68.0,201.0,31.0,1.070022370052779,0.7605159804006738,0.84805441020528,0.890970895463078,0.3984597346148413,0.5684863578658045,0.4770413864183973,0.5769799500668255,2.6853964832534025,1.337791083071512,1.7777376017046025,1.544197324984839,0.15050191806923746,0.9076588815488,-0.035506715376864784,-0.2335402767197634,-0.05953817686454105,-0.4399465186330904
394,NO3N,0.29277718552122506,0.2766873350740349,0.32799549748882795,0.19087427775762844,1.4215816446951381,1.0365028178256674,1.1578983896722566,1.2954759727835132,96.0,86.0,227.0,35.0,0.2321382244735108,0.20405536982349703,0.23560695963908504,0.1744429341671464,0.46782154529198683,0.5113286290860931,0.564062734834775,0.6636850438532442,0.4962110591307284,0.3990689318300227,0.41769637504611773,0.262839935572994,-0.03521831196760289,0.07851468408461065,-0.1371212197311995,-0.15485643947312372,-0.051308162414793024,-0.018627443216095052
394,PO4P,-0.46337591651538457,-0.4555457081936821,-0.504634836790805,-0.2769873507871358,-2.7144073454258066,-1.875427484903354,-2.123747079939747,-2.507693531008577,96.0,86.0,227.0,35.0,1.8515565333988435,1.1409295979187328,1.5375344978458847,1.1322796779395425,0.46782154529198683,0.5113286290860931,0.564062734834775,0.6636850438532442,3.9578265516677096,2.231303965823187,2.725821797634369,1.706049712022613,0.04125892027542044,1.2320047540333405,0.22764748600366919,-1.019772085611756,0.04908912859712289,-0.49451783181118225
628,DOC,0.12837079343398017,0.059269458987955485,0.1061480582388859,0.08825624947537217,2.189892745945102,2.3516860655267995,2.24067546131858,2.2604515014492046,48.0,43.0,113.0,13.0,0.1395196883675361,0.07527963329134565,0.1140958635475959,0.09269635548982917,0.8077934596625965,0.5614779114095676,0.7185211949570502,0.6217506849486129,0.17271703143748082,0.1340740780031029,0.15879262066085054,0.14908926959604465,0.022222735195094268,0.013924410776630286,-0.017891808763513734,-0.009703351064805882,-0.046878599250930415,-0.024718542657747644
628,NO3N,0.678478988299513,0.47532282971170514,0.6315948478265596,0.5755275471051178,1.9214020018986027,1.6741771753684591,1.809912733975406,1.6670803315460196,60.0,54.0,131.0,21.0,0.5267621998780335,0.30773094830177683,0.4640035484335153,0.4207480103727969,0.7545444802062862,0.5690222604304924,0.7325439491364569,0.6204485782652325,0.6981194796283198,0.540806519711485,0.6334139391643266,0.6781351833365528,0.04688414047295342,0.06470554046399313,-0.05606730072144184,0.044721244172226116,-0.15627201811485447,-0.09260741945284168
628,PO4P,-0.5545396030686073,-0.3456662750109155,-0.5078760451986087,-0.4333320443013588,-2.861615649782458,-2.3195602319775777,-2.5996950950689555,-2.43914161556018,60.0,54.0,131.0,21.0,0.4835963259028532,0.3020923567213397,0.4242623595764182,0.4251754477858468,0.7545444802062862,0.5690222604304924,0.7325439491364569,0.6204485782652325,0.640911620969836,0.5308972560981928,0.5791630114159709,0.6852710485285224,-0.04666355786999854,0.061748609553865075,0.07454400089724994,0.10610803711255146,0.16220977018769323,-0.0482657553177781
630,DOC,0.07731741268296302,0.0009162184690496031,0.034522934864022026,0.026880910030094886,2.5419941607617176,2.7024512560098324,2.6035743429693494,2.6563071896590573,64.0,46.0,149.0,15.0,0.17807572521496903,0.12713898930512976,0.13325773115973757,0.19980637508676052,1.0561072648961813,0.6324345161193587,0.8736683567302157,0.7183780194617841,0.1686151881859031,0.201031072885236,0.15252667689427016,0.2781354240716572,0.042794477818940996,0.01608851129163294,-0.00764202483392714,0.12560874717738704,-0.033606716394972425,0.04850439599096584
630,NO3N,0.7761221791105334,0.6885532504018549,0.8688512139495053,0.6495332022202548,1.3106309262395432,0.9745511123455073,1.1556711389889136,0.8832801396541436,84.0,74.0,229.0,23.0,0.8772485914240625,0.54007409596593,0.7446983913796011,0.6749182059821383,0.9999576156017344,0.6579091339803966,0.8708498399757051,0.7732805079886971,0.8772857746537283,0.8208946616965836,0.8551398383450087,0.8727986791463305,-0.09272903483897188,0.022145936308719527,-0.21931801172925047,0.01765884080132174,-0.18029796354765038,-0.03424517664842508
630,PO4P,-0.41899060152875867,-0.21514990003861206,-0.3327110577426107,-0.49793133571536746,-3.576281624312933,-2.693090124211061,-3.053954572742192,-2.8956568090547825,84.0,74.0,229.0,23.0,0.5646632701149937,0.6048761408425471,0.7423432082854905,0.772467053540919,0.9999576156017344,0.6579091339803966,0.8708498399757051,0.7732805079886971,0.5646872040423454,0.9193916144361819,0.8524353731364299,0.9989480473911158,-0.08627954378614794,-0.2877481690940845,-0.16522027797275673,0.14651267425468584,0.11756115770399866,0.06695624129975197
632,NO3N,0.9987560756991646,0.4732370382005734,0.8423136632160043,0.5275266666942067,4.092779058540273,2.5171209597824746,3.333706170607769,2.6486407470393387,63.0,49.0,116.0,24.0,0.9072851316731342,0.401623531298972,0.758523253631888,0.5025114972431785,1.140621042320178,0.7089928098186411,1.0551917521172436,0.8498111161332492,0.7954308205883991,0.5664705279616397,0.7188487325738759,0.5913213980180336,0.15644241248316026,0.07658208801452315,-0.31478699652179765,-0.1275273345558423,-0.3690766250154309,-0.15237820461223628
632,PO4P,-0.47894669654754024,-0.14574205369729087,-0.37094056664152303,-0.35534197474691737,-3.8556009006653476,-2.565769110554736,-3.220380040684207,-3.0380524157188833,63.0,49.0,116.0,24.0,0.8693600067278595,0.38317611940224056,0.635027873001007,0.7367890862899205,1.140621042320178,0.7089928098186411,1.0551917521172436,0.8498111161332492,0.7621812806113618,0.5404513474547876,0.601812771685168,0.8670033520418118,-0.10800612990601721,0.1603685089261938,0.015598591894605662,0.2651905803566438,0.22519851294423215,-0.06136142423038038
634,DOC,0.1387771006764491,0.06963563889545653,0.12740453649293057,0.11845446353383356,1.866182185732246,2.103498510622382,1.9422012737242067,1.9875118459582546,65.0,33.0,138.0,15.0,0.08978415299152669,0.08936127440477723,0.0927529480763986,0.11425404682558826,0.42232719267783797,0.4926039988207333,0.5832566589498245,0.5663804730374029,0.21259382428641374,0.18140590538993426,0.1590259565032721,0.20172667008250317,0.011372564183518535,0.053567867783141654,-0.008950072959097014,0.04270071357923108,-0.05776889759747404,0.02237994888666217
634,NO3N,1.2664426862962423,0.7935569708027169,0.9913107069874865,0.8854592962548877,0.36594843468524263,0.339250514754017,0.3372477403874299,0.3384520448256336,108.0,100.0,254.0,30.0,0.5214541534633927,0.4553345547752491,0.5501788056820853,0.5159646750877468,0.4152034317060673,0.5196644630006728,0.5779461670949226,0.5415165611668582,1.2559003939845634,0.8762087600642023,0.9519551075969386,0.9528142112144229,0.2751319793087559,0.30394528638762486,-0.10585141073259874,0.0008591036174843136,-0.19775373618476955,-0.07574634753273624
634,PO4P,-0.959661419130476,-0.06114809450276291,-0.3285599079314559,-0.40844882240647357,-2.2070792794028615,-1.99353822512338,-2.183424192558747,-2.035462583451859,108.0,100.0,254.0,30.0,0.6551289885121571,0.4425514868271664,0.6454120325799323,0.568765999611557,0.4152034317060673,0.5196644630006728,0.5779461670949226,0.5415165611668582,1.5778506112539525,0.8516100644476692,1.1167338228474297,1.050320600326575,-0.6311015111990201,0.4611167884065228,-0.07988891447501767,-0.06641322252085469,0.26741181342869297,-0.26512375839976055
637,NO3N,0.9113567840924996,0.8656528116345146,0.9657249025239253,0.8214302454668885,1.9949627717400933,1.4299012047769646,1.8194376833354657,1.5909286727560352,96.0,90.0,235.0,23.0,0.7628506862646229,0.5398472178412396,0.6962457200910087,0.7056721829639776,0.7704196156574039,0.5189437015219022,0.7012100469349075,0.8417601346191855,0.9901755754410246,1.0402808941664266,0.9929203426767791,0.838329298266454,-0.05436811843142564,-0.002744767235754453,-0.1442946570570368,-0.15459104441032512,-0.10007209088941071,0.04736055148964746
637,PO4P,-0.36489706866136296,-0.19560830882665403,-0.13084000186613925,0.06185408198099295,-3.4510311508972107,-1.9224855327077806,-2.571179240084138,-2.539628594644639,96.0,90.0,235.0,23.0,0.9168019293432491,1.3313539914871868,1.5277468554696378,1.6127575504438283,0.7704196156574039,0.5189437015219022,0.7012100469349075,0.8417601346191855,1.1900033575351483,2.5655075638893683,2.1787292725591207,1.915934818145604,-0.2340570667952237,-0.9887259150239724,0.1926940838471322,-0.2627944544135168,-0.06476830696051478,0.38677829133024755
638,DOC,0.09640489715978656,-0.02444421509733568,0.027207438626946585,0.02905775909674741,2.863450376965236,2.7624565915866297,2.6973689392761817,2.6693989657208057,84.0,36.0,138.0,16.0,0.1928425483133186,0.19229529115125316,0.1364663769249731,0.15345634603255295,1.0851265935417673,0.6089528702886721,1.0242221359530892,0.9382158679141408,0.1777143325590204,0.3157802525178939,0.13323904271799827,0.16356187449027054,0.06919745853283998,0.044475289841022114,0.0018503204698008258,0.03032283177227227,-0.051651653724282265,0.1825412097998956
638,NO3N,0.7600655274776683,0.5812266642844652,0.7325977567197286,0.7417591120926594,3.0725735562269554,2.271242728921384,2.6359046281155667,2.5331947586295485,110.0,103.0,295.0,20.0,0.933527544226042,0.5637910257170355,0.7562530656257075,0.6683187070194125,1.0032969331243389,0.6646389156923019,0.9847463491762978,0.9243835591389606,0.9304598802260563,0.8482666488611773,0.767967371758508,0.722988526150264,0.027467770757939713,0.16249250846754826,0.009161355372930835,-0.044978845608244056,-0.15137109243526337,0.08029927710266926
638,PO4P,-0.08466795171694604,-0.7431761826171973,-0.4774244594694893,-0.43073232948231044,-1.0969504481514678,-1.64191476321075,-1.6470020599618116,-1.955530782799923,110.0,103.0,295.0,20.0,1.6973616412336991,0.9854097672253475,1.0946929519020765,1.407891667577463,1.0032969331243389,0.6646389156923019,0.9847463491762978,0.9243835591389606,1.6917839427137416,1.482624239958811,1.1116496677725638,1.5230600475941802,0.3927565077525433,0.5801342749411778,0.046692129987178865,0.41141037982161643,-0.265751723147708,0.3709745721862472
643,NO3N,1.0012833043814915,1.2195840370168691,1.1627973565743195,1.1954766292191472,0.9398490783812465,0.467500989478408,0.7437455531592279,0.6392307340309872,106.0,92.0,250.0,42.0,0.46507619014902896,0.4720468853423541,0.5059766034490389,0.454358015920623,0.40340244051026214,0.375957814317686,0.4347687784053813,0.3772383408024188,1.1528839279225875,1.2555847155326647,1.1637832074898051,1.2044322296460215,-0.161514052192828,-0.01089927956721759,0.03267927264482773,0.04064902215621635,0.05678668044254964,0.09180150804285958
643,PO4P,-0.505568202944929,-0.3687141567322954,-0.3209852202272902,-0.5080840203753922,-3.051961558748571,-2.4271158002147146,-2.803869071397175,-2.6365964233390606,106.0,92.0,250.0,42.0,0.9423541662468555,0.8101573046996239,1.107276122437407,0.9598862894025051,0.40340244051026214,0.375957814317686,0.4347687784053813,0.3772383408024188,2.336015035146727,2.1549154555277776,2.5468160949795142,2.5445088305731156,-0.1845829827176388,-0.21080105983278719,-0.18709880014810204,-0.0023072644063986125,-0.047728936505005204,-0.3919006394517366
645,NO3N,0.6875257195589048,0.90773457043909,0.8460852235808181,0.9154616400013362,-0.35269520825723033,-0.9424953622911967,-0.6519706917335812,-0.8283599253132513,108.0,95.0,248.0,41.0,0.4465467373368015,0.42018109133461307,0.4750104587936738,0.4876515145351885,0.5658631598377991,0.4337314650214205,0.5236623001207172,0.5123185326211777,0.7891426214507429,0.9687586103854876,0.9070930992820603,0.9518521846949687,-0.1585595040219132,-0.1179504778313174,0.06937641642051817,0.044759085412908406,0.06164934685827195,0.06166551110342733
645,PO4P,-0.37702948739665293,-0.36719803191146677,-0.3258379860975975,-0.3613919787205426,-2.7784002134755017,-2.2855475289047007,-2.6123375321275186,-2.543459507558525,108.0,95.0,248.0,41.0,0.6901759878701141,0.3452953287734278,0.5269514746714435,0.38149194323390373,0.5658631598377991,0.4337314650214205,0.5236623001207172,0.5123185326211777,1.219687084891599,0.7961039413093418,1.0062810986201758,0.7446381868757992,-0.05119150129905542,0.21340598627142326,-0.03555399262294506,-0.2616429117443766,-0.04136004581386926,-0.21017715731083397
648,NO3N,0.4289614145560696,1.2064102808144956,0.755826284298322,1.0473616575841103,0.02902078934175531,-1.0139085536528794,-0.25243759768652235,-0.5850998253162771,96.0,93.0,233.0,22.0,0.4138089569231537,0.5596528482645882,0.48010599744825805,0.5304033323876741,0.603134459628247,0.3987724693772386,0.5027794243943476,0.45975547154475677,0.6860973541094179,1.4034390316327399,0.9549038289038932,1.153663991437761,-0.3268648697422524,-0.2688064747944754,0.29153537328578827,0.19876016253386786,0.45058399651617365,0.4485352027288466
648,PO4P,-0.8455195295582262,-0.8718752053645241,-0.7717899776759729,-1.0207864715284976,-2.6271064360452523,-1.9350514413812268,-2.340782933976739,-2.2344071218107797,96.0,93.0,233.0,22.0,0.690052445246427,0.5111081105653486,0.5848152134546256,0.5726103704146287,0.603134459628247,0.3987724693772386,0.5027794243943476,0.45975547154475677,1.1441104619884486,1.2817036024667001,1.1631645709430114,1.2454672230233275,-0.07372955188225327,-0.01905410895456283,-0.24899649385252465,0.08230265208031606,-0.10008522768855121,0.11853903152368872
650,NO3N,1.158252564988217,0.9242869263147373,1.128522977159836,1.056673468286623,3.071858415122447,2.3128929007432695,2.7869689176685855,2.5603743029988277,60.0,55.0,131.0,18.0,0.7900768293535179,0.5748075702976733,0.7482324041892019,0.9107509297452323,0.7294843793916441,0.6146804930913347,0.7540500949493322,0.9519560501404783,1.083062025279287,0.9351322788964173,0.9922847423545232,0.9567153122361421,0.029729587828380977,0.09077728292476384,-0.07184950887321295,-0.035569430118381096,-0.20423605084509866,-0.057152463458105984
650,PO4P,-0.2972996620047256,-0.3358369147096598,-0.34450920083463415,-0.4175104798627025,-3.415809670041021,-2.9726056982046747,-3.294045865887776,-3.3185873938363066,60.0,55.0,131.0,18.0,0.34764409755160425,0.3591329326252585,0.3593871870675276,0.32963482156511914,0.7294843793916441,0.6146804930913347,0.7540500949493322,0.9519560501404783,0.47656140059026786,0.5842595245199939,0.4766091662539693,0.3462710505558272,0.04720953882990858,-4.776566370146007e-05,-0.07300127902806836,-0.13033811569814213,0.008672286124974338,0.10765035826602454
651,DOC,0.4803083370031591,0.2692243185105045,0.4857176816660128,0.31414737471718973,2.6035327654294282,2.5916943329868234,2.5841114011357904,2.4349406539661396,67.0,32.0,123.0,14.0,0.2513514272140188,0.16286363787250385,0.25411761897226487,0.21991759998333282,0.4202813673022339,0.49773682118349194,0.5229766264870063,0.667841789936082,0.5980551287044479,0.32720833770195146,0.48590626445248714,0.3292959549661916,-0.005409344662853699,0.11214886425196074,-0.17157030694882308,-0.15661030948629556,-0.21649336315550832,-0.15869792675053568
651,NO3N,0.6046759984056824,0.7836856373297991,0.7985743009794889,0.7275964324349179,1.9676924453769944,1.8552341245174848,2.0630114595685805,1.8953259058418914,97.0,88.0,239.0,28.0,0.3174832934440086,0.4897807065719508,0.47068646666665176,0.5499477017479037,0.41452317629869045,0.4652419403072855,0.5132466521676442,0.7767832694279428,0.7658999824300333,1.0527440975086162,0.9170765453194017,0.7079808788272555,-0.19389830257380647,-0.15117656288936843,-0.070977868544571,-0.20909566649214628,-0.01488866364968977,0.13566755218921445
651,PO4P,-0.25075260588546316,-0.14189782268370557,-0.19206850579893586,-0.3050054737549111,-3.530321593613321,-3.0315653382035133,-3.2924035770009445,-3.365961183329155,97.0,88.0,239.0,28.0,0.25645428501136025,0.2879036890725474,0.2503169335703351,0.27626526156902426,0.41452317629869045,0.4652419403072855,0.5132466521676442,0.7767832694279428,0.6186729709572826,0.6188257423275108,0.48771274496023964,0.35565295036861194,-0.0586841000865273,0.13096022599704293,-0.11293696795597524,-0.1320597945916277,0.05017068311523029,0.1311129973672711
656,NO3N,0.615021396159833,1.0891516564882655,0.8567534329143623,1.0528527661966174,1.1394773245634746,0.7887566953087933,1.1698218474601179,0.9898700346185669,61.0,52.0,132.0,19.0,0.7041212692452726,0.7602483676426925,0.8859476475940866,0.887645853541986,0.8820590996096672,0.62238381195797,0.8391655674259877,0.7891523183666307,0.7982699453549809,1.2215105101320223,1.0557483314187877,1.1248092831802294,-0.24173203675452937,-0.2574783860638068,0.19609933328225504,0.06906095176144178,0.23239822357390316,0.16576217871323462
656,PO4P,-0.6133564500045624,-0.2839217358760608,-0.5747482524672602,-0.6271437916626169,-3.5237984952531347,-2.9610072399602005,-3.273547159074947,-3.1615051852844744,61.0,52.0,132.0,19.0,0.551088030793124,0.4083280186728964,0.5366194068782647,0.5346382257009952,0.8820590996096672,0.62238381195797,0.8391655674259877,0.7891523183666307,0.6247744975784434,0.6560710783725704,0.639467856771415,0.6774841982439804,-0.03860819753730216,-0.014693359192971656,-0.052395539195356666,0.038016341472565385,0.29082651659119946,0.01660322160115535
661,NO3N,1.7372019518278992,1.602895891016778,1.835022025467568,2.2000830377708196,3.1679128817301843,2.5552965715903126,3.1498139945734778,3.563056994344308,60.0,56.0,122.0,26.0,0.9172671552829627,0.7354859903754964,0.8598492927952706,0.8828683010591305,0.4612368375070096,0.4355443051610159,0.4266346535862738,0.4372770465751352,1.9887118302189437,1.6886594122809055,2.01542299850097,2.019013593267653,-0.09782007363966883,-0.026711168282026243,0.3650610123032516,0.0035905947666829974,-0.2321261344507899,-0.3267635862200644
661,PO4P,-0.3723632912546859,0.24477251104081582,-0.14710352511830554,-0.441203904178465,-4.276077198676968,-3.103186206349779,-3.7510994836745373,-4.133360490461988,60.0,56.0,122.0,26.0,0.26944776027652845,0.33492826695911243,0.26302513255180165,0.2568463647495409,0.4612368375070096,0.4355443051610159,0.4266346535862738,0.4372770465751352,0.5841852566089402,0.7689878228009276,0.6165114116746564,0.5873767369250841,-0.22525976613638038,-0.03232615506571623,-0.29410037906015946,-0.02913467474957232,0.39187603615912137,0.1524764111262712
663,DOC,0.12671128645568136,0.19717475219103422,0.1621899448609022,0.16270416992344605,1.8397154469640014,1.7937508481542412,1.8222941134746793,1.8425972409170073,70.0,56.0,158.0,28.0,0.07713253802791596,0.10275043728384001,0.08911954315825223,0.0973442221814611,0.3956621278170413,0.4256493140419571,0.4398324161955607,0.419449182255555,0.19494546635907223,0.24139692910138624,0.2026215892159877,0.2320763188951763,-0.03547865840522085,-0.007676122856915463,0.0005142250625438383,0.029454729679188607,0.03498480733013201,0.03877533988539855
663,NO3N,0.19264747062755028,0.26747821894873,0.21023673281515823,0.14239651106571652,1.2986361878999417,1.0460053505250675,1.2151242574773868,1.2631927318370355,96.0,81.0,232.0,47.0,0.18878564545612234,0.1670371113333312,0.1666123608582973,0.16191755553592022,0.4106668214656495,0.43228323530339635,0.4337840481611218,0.4057170881297054,0.459705132209989,0.3864066373429838,0.38409056664161134,0.3990898098040083,-0.01758926218760795,0.07561456556837765,-0.06784022174944171,0.01499924316239698,0.057241486133571745,0.0023160707013724635
663,PO4P,0.06956979861653861,0.31578641184356,0.6116813766889965,0.871815086150827,-4.49716010049999,-4.492510974531556,-4.810755743095745,-5.124961804059883,91.0,76.0,221.0,44.0,1.3373358765820273,1.0162147405079829,1.3192314225020219,1.083302167432456,0.41347565434704164,0.4368577180281413,0.43550433900164087,0.4119060964105714,3.2343763472457416,2.3261915689504216,3.029203854837027,2.629973619891909,-0.5421115780724579,0.20517249240871482,0.26013370946183056,-0.3992302349451178,-0.2958949648454365,-0.7030122858866052
665,NO3N,0.36630714267839265,0.3197794360783797,0.2866613766841413,0.3590108924896464,1.5713441435081403,1.266645752337816,1.4657446121081552,1.3025398456397106,96.0,88.0,215.0,33.0,0.26295770992099554,0.23698563281688204,0.22763173450266655,0.3082125121024995,0.682781552849318,0.5868208373933992,0.681718603071073,0.6116592322023475,0.38512714472681026,0.4038466559393989,0.33390864423709243,0.503895790132597,0.07964576599425133,0.05121850048971782,0.07234951580550508,0.16998714589550457,0.0331180593942384,0.06993801170230646
665,PO4P,-0.5632514267233987,-0.4882820193549396,-0.4310087866291365,-0.2713293745085594,-3.1768320553874574,-1.986243756052823,-2.452938826161129,-2.5954720513516674,96.0,78.0,201.0,33.0,1.1394097688981046,0.8150440048930417,1.1255901651655,0.7156292295987684,0.682781552849318,0.5558038897814764,0.6944148230429431,0.6116592322023475,1.6687764397606086,1.4664237150508066,1.6209189778425752,1.1699802633928458,-0.13224264009426218,0.04785746191803342,0.15967941212057712,-0.45093871444972944,-0.05727323272580309,-0.15449526279176862
667,NO3N,0.5012196006032351,0.391441239535159,0.45503052932848387,0.4357208625612714,0.9988121926693676,0.8259280060244558,0.9099088681239618,0.8259450686329918,96.0,89.0,208.0,39.0,0.2480780321487034,0.22385139915511656,0.23376585266121336,0.28482608894449724,0.41145402136404124,0.4748722407812107,0.4696460437354698,0.4622441531914158,0.6029301435097943,0.47139289251117183,0.497749008597809,0.616181052757525,0.04618907127475125,0.10518113491198533,-0.019309666767212463,0.11843204415971598,-0.06358928979332484,-0.026356116086637182
667,PO4P,-0.35925139738825024,-0.4872762283465012,-0.4174547501758839,-0.6649310855841722,-1.7815493470557073,-0.8217912046066631,-1.2210711852144893,-0.8555021991788063,94.0,79.0,198.0,37.0,1.9341171766081764,1.222583009624107,1.418406745520697,1.5532942571411799,0.40441836145895765,0.4552666903719885,0.4725595675254945,0.4728298061564001,4.782466279796893,2.685421612165742,3.0015406374016,3.285102243802688,0.058203352787633666,1.7809256423952928,-0.24747633540828834,0.2835616064010882,-0.06982147817061729,-0.3161190252358579
668,NO3N,0.16472646822411638,0.24657630028245517,0.19949385856767154,0.3337340384109347,1.3838105950365256,1.0725040851519,1.2617348704998865,1.028192716745641,96.0,82.0,212.0,42.0,0.22898887144168417,0.1969741433504602,0.19360266165184403,0.2501005955737389,0.4892031625605227,0.5165785478429796,0.5327126383585639,0.48838069826445574,0.4680854274186226,0.38130531005002727,0.363427949162963,0.5121017199543596,-0.034767390343555166,0.10465747825565958,0.13424017984326314,0.1486737707913966,0.047082441714783624,0.017877360887064264
668,PO4P,-0.9960619609318374,-0.4279999691315888,-0.43582084304390334,-0.2617389537112056,-1.98403296402902,-1.5724079630350811,-1.8613002488555686,-2.064682109786706,95.0,74.0,198.0,41.0,1.626012640915625,1.2839180562861312,1.4187169128747568,1.613564239227984,0.48860059341072776,0.5061345534940275,0.5348932794778707,0.49457683022488913,3.3278973927662943,2.5367129104756563,2.6523363955135486,3.2625148220030447,-0.5602411178879341,0.6755609972527457,0.17408188933269775,0.610178426489496,0.007820873912314563,-0.11562348503789233
669,DOC,0.16498826175867606,0.12035271289309207,0.16632180256687415,0.1818254204785315,1.7165265581537796,1.934041263238266,1.7561187117645956,1.730176856573567,90.0,69.0,182.0,43.0,0.1451535504888842,0.15472795974179407,0.16021431260582775,0.16997610383392067,0.47559701832145657,0.5062536337386452,0.5235293698646859,0.49515716270979626,0.3052028185567277,0.30563328227224695,0.3060273631778052,0.34327707773368304,-0.001333540808198086,-0.0008245446210775054,0.015503617911657358,0.03724971455587783,-0.045969089673782076,-0.00039408090555825837
669,NO3N,0.4547557784438949,0.28408701328028635,0.4168025449245137,0.4680918193914632,0.5534414423769716,0.6455120070560887,0.4858893449118963,0.22755259858657473,96.0,83.0,206.0,47.0,0.3155233811414164,0.2400686069127369,0.2900807118735197,0.33749355760339006,0.48264453378695943,0.5103410136914959,0.5235528351724478,0.4899968537112965,0.6537386400416363,0.47040821817597395,0.554061963541794,0.6887667850256023,0.037953233519381235,0.09967667649984224,0.05128927446694953,0.13470482148380825,-0.13271553164422734,-0.0836537453658201
669,PO4P,-0.2840684090632769,-0.15922022282711373,0.13888434180694825,-0.02975508510517,-2.5598211744458794,-1.7164821277451947,-2.7800675872147735,-2.2913837236387713,94.0,73.0,196.0,45.0,2.003279809468629,0.9942488015495898,1.3654500361867936,1.3382551616960325,0.4804376243833531,0.49722077037794093,0.5267415804758654,0.49935884578217865,4.1696980165528466,1.9996123669448773,2.592257924565643,2.679946841834423,-0.42295275087022516,1.5774400919872034,-0.16863942691211825,0.08768891726878003,-0.298104564634062,-0.5926455576207659
671,NO3N,0.8148437179910798,0.6714527765027001,0.792876143379091,0.7921245719238964,0.7089912255762939,0.5822847830306879,0.598553432224614,0.4627541112212621,96.0,82.0,205.0,49.0,0.4700939634754887,0.44163209468800435,0.4966384256218811,0.49422953112261847,0.5442837948164911,0.6018373124120628,0.5956961112906601,0.5518722586044356,0.8636927425590247,0.7338064383512832,0.8337110419368753,0.8955505978365664,0.021967574611988838,0.029981700622149443,-0.0007515714551945551,0.061839555899691145,-0.12142336687639088,-0.09990460358559206
671,PO4P,-0.2834955794171892,-0.00418316624356194,-0.050663810589671156,0.1664935233917482,-2.479313446447315,-1.9892519319821813,-2.2602521493280845,-2.696491434285528,94.0,72.0,196.0,46.0,1.6295567259349595,0.9228605163638882,1.150778415421344,1.10354475405716,0.546898484920109,0.6010038794633393,0.6018735757904011,0.5626790595380549,2.9796329133605215,1.5355317126870258,1.9119935842175861,1.9612330250269878,-0.23283176882751808,1.0676393291429354,0.21715733398141934,0.04923944080940168,0.04648064434610921,-0.3764618715305603
673,NO3N,0.6287883212110269,0.5297735660062745,0.5799926640162146,0.6181878774528403,-0.36444409036636816,-0.33916858859069055,-0.3571994450548057,-0.5912734468475231,96.0,87.0,246.0,39.0,0.341440840699715,0.3083736409391833,0.3391522898255147,0.39126012867301074,0.5120328190078469,0.5331276835303186,0.5481088501429731,0.564834487350026,0.666833898189019,0.5784236130773845,0.6187681328937629,0.6926987240255892,0.04879565719481227,0.04806576529525608,0.038195213436625686,0.07393059113182632,-0.05021909800994018,-0.04034451981637832
673,PO4P,-0.17159631578766243,0.23004219048294725,0.33564325221587643,0.264568319534726,-3.220003390543854,-3.3756073320965916,-4.070330356728379,-3.8433783394516987,94.0,79.0,235.0,36.0,1.6311828781890312,0.8764534173596688,1.2349624159375352,1.180733174252186,0.51435483318241,0.5294103493824617,0.5560837111943109,0.5766954210682625,3.171318266995949,1.6555275475479851,2.2208210581913725,2.0474120846408184,-0.5072395680035389,0.9504972088045767,-0.07107493268115045,-0.17340897355055418,-0.10560106173292919,-0.5652935106433874
678,DOC,0.2501245577577768,0.25820284782723335,0.31154824789431573,0.274841428723157,1.212302034986458,1.3449770673592447,1.1054451415250686,1.2520892110773554,88.0,74.0,213.0,34.0,0.13939884817670878,0.1804673714160113,0.19385681860243434,0.1786526163760965,0.44837127876199384,0.50936221933389,0.5209653344958386,0.48647106309470844,0.3109004853335064,0.35430066181982345,0.3721107831292426,0.36724202101475373,-0.06142369013653892,-0.061210297795736224,-0.036706819171158755,-0.004868762114488889,-0.05334540006708238,-0.01781012130941917
678,NO3N,0.7298064948215458,0.5520342290512368,0.6500828975384568,0.717213809658821,-0.9087376729021945,-0.6201679029852307,-0.8151037891935304,-1.1195185732210156,96.0,88.0,236.0,37.0,0.3406730289790463,0.2995872220050359,0.3445448518326824,0.3644531309602368,0.45816442809201524,0.511399580735054,0.5143857262160808,0.4798069950290541,0.7435606260349557,0.5858182784867125,0.6698180650680567,0.7595827796094715,0.07972359728308898,0.0737425609668989,0.06713091212036415,0.08976471454141477,-0.09804866848722005,-0.08399978658134422
678,PO4P,-0.21194719275249455,0.28783545028547913,0.4422313454261699,0.41197775065164444,-3.1755047858359773,-3.7997026013481987,-4.596478505926455,-4.6375083192221815,94.0,78.0,227.0,34.0,0.9954595929015155,0.8032101967631655,1.009498882118435,0.8145871745074703,0.4590990223096568,0.5061908428508325,0.5206573927914118,0.48647106309470844,2.168289507334411,1.5867734632249375,1.9388928229870832,1.674482279224248,-0.6541785381786644,0.22939668434732785,-0.03025359477452544,-0.26441054376283524,-0.15439589514069074,-0.3521193597621457
680,DOC,0.567624883538585,0.4106173111393522,0.585959033568278,0.5337409385498231,2.267155087721628,2.1576437878126318,2.255741527921338,2.1662133404445076,92.0,68.0,182.0,42.0,0.17754961257241766,0.2233485472164368,0.23064533103835844,0.18834715015959816,0.22484827645699546,0.4210295837575624,0.2921242667527193,0.3071934443784187,0.7896418659289828,0.530481837459302,0.7895452630561423,0.6131222967361933,-0.018334150029693075,9.660287284052327e-05,-0.05221809501845498,-0.17642296631994892,-0.17534172242892587,-0.25906342559684026
680,NO3N,-0.04533878007713045,0.35329852051726124,0.20879510973503504,0.4042146705340244,2.0824127172280686,2.0255852852021894,2.096639368200426,2.1625158101129007,96.0,82.0,209.0,45.0,0.19986907140210242,0.22955551697963114,0.2450645921644017,0.2105898040210631,0.22332619783501703,0.4080552870757323,0.30176534553047213,0.30438121003025403,0.894964734722956,0.5625598399293065,0.8121031649065058,0.6918620370821559,-0.2541338898121655,0.08286156981645021,0.19541956079898934,-0.12024112782434992,0.1445034107822262,-0.24954332497719933
680,PO4P,0.7947476310208834,0.036069925728002245,1.1893636846346367,0.30014655986693717,-2.5139613036975725,-1.9851541089641027,-1.6666031559440349,-2.608781598103665,92.0,73.0,201.0,42.0,2.543673098777926,1.4661128206404441,1.8420160871373337,2.2444062334313855,0.22484827645699546,0.410192554616007,0.304460677663145,0.3071934443784187,11.312842325764635,3.5742063188175472,6.050095208601416,7.306165787400709,-0.3946160536137533,5.262747117163219,-0.8892171247676995,1.2560705787992932,-1.1532937589066345,-2.4758888897838687
686,DOC,0.0037602575517237304,0.5675573239799323,0.2348788791994169,0.06773485354070889,0.3109149298555442,0.5652584715454726,0.4795144891271131,0.8185570909147589,74.0,52.0,154.0,20.0,0.19046818647981176,0.351008467633374,0.2445951943325284,0.253356244058543,0.28705858268155793,0.3518077142957417,0.3774887663266203,0.376292118204749,0.6635167800960803,0.9977281718680682,0.6479535714736836,0.6732967070032707,-0.23111862164769317,0.015563208622396685,-0.167144025658708,0.025343135529587113,0.3326784447805154,0.34977460039438457
686,NO3N,0.18695550398766056,0.3692828710288271,0.2948836474965375,0.31212545126508046,0.855626310661053,0.691502934793677,0.7980141402595867,0.8148074434922379,96.0,88.0,255.0,29.0,0.1676939614291686,0.20033999874967373,0.18511283905630488,0.1811636085968306,0.29768360407858874,0.3879319203806567,0.3788185715412219,0.36023880101693434,0.5633295187628045,0.5164308174307772,0.4886582996793795,0.5028986552404008,-0.10792814350887694,0.07467121908342494,0.01724180376854295,0.014240355561021267,0.07439922353228962,0.02777251775139772
686,PO4P,-0.27784438022764035,-0.005107047791571079,-0.17555862594853902,-0.20769971855000893,-3.0598564369114847,-2.911862423659036,-2.9197795112837523,-2.836802778272755,95.0,72.0,238.0,27.0,0.2889471054375937,0.32769471420817525,0.25857131071270134,0.292257349286132,0.2923626960524112,0.37115104938307236,0.3823010242626074,0.35220141936314725,0.9883172830838679,0.8829146913443185,0.6763552653604334,0.8298017362184216,-0.10228575427910133,0.31196201772343446,-0.03214109260146991,0.15344647085798813,0.17045157815696793,0.2065594259838851
687,DOC,0.1028866468358814,0.099670248927061,0.1473797223426677,0.06460730372767262,0.5035363665012955,0.9771522750520181,0.6165146162105501,0.8791494379207343,68.0,49.0,159.0,24.0,0.13845965479027267,0.2460315976787367,0.17829996109575036,0.1711601196589005,0.31339458591411734,0.4071346897288685,0.503939250927396,0.424533595248676,0.4418061479473553,0.6043002571030769,0.35381241045944756,0.4031721436760293,-0.04449307550678629,0.08799373748790773,-0.08277241861499507,0.04935973321658177,-0.04770947341560669,0.25048784664362933
687,NO3N,0.1734677193263236,0.11422057278013319,0.12658515259612088,0.16602703887216197,1.2095604346194255,1.1565926604783079,1.1918341216929824,1.0873604480474293,96.0,88.0,249.0,35.0,0.10661148206766514,0.09769214673859818,0.10135669989620363,0.1080666844619501,0.32276892864652285,0.4569952243898966,0.4768141458758417,0.3929517642596159,0.3303028036642884,0.21377060749162172,0.21257066463501284,0.275012595160541,0.04688256673020272,0.11773213902927554,0.03944188627604109,0.062441930525528155,-0.012364579815987695,0.0011999428566088766
687,PO4P,-0.6237416720625375,-0.3610246976229994,-0.18744747339213774,0.21677535502366327,-2.0616757144094744,-1.8057255868169388,-2.279562140970115,-2.7117515798304677,95.0,73.0,230.0,34.0,0.9985668648702406,0.702205641525541,0.8470344429485855,0.5744910801189325,0.3216294349944528,0.4429475066834026,0.4838685196503113,0.3808001849891903,3.104712306221174,1.5853021654492425,1.7505467054577801,1.5086418094446052,-0.43629419867039976,1.3541656007633938,0.40422282841580104,-0.24190489601317489,-0.17357722423086164,-0.1652445400085376
688,DOC,-0.0035915180165698966,0.04711972605870216,0.02339893123117857,0.0642897455876624,1.0793058578819261,1.1415321216652838,1.090467012115442,0.9475104530769047,70.0,45.0,193.0,16.0,0.12413210785075468,0.13010796180160697,0.10038576279400177,0.11816100926702659,0.33113786389974376,0.47989545288410945,0.47223520324416823,0.4573007494624601,0.3748653397375821,0.2711173048622882,0.21257577178569112,0.25838796329531594,-0.026990449247748467,0.162289567951891,0.040890814356483826,0.04581219150962482,0.02372079482752359,0.05854153307659707
688,NO3N,0.3489821738104895,0.1847059592133824,0.24437253056967842,0.297793678149055,-0.25784708346826246,0.3456137265540914,0.12214904770244739,-0.2260569485054389,96.0,87.0,270.0,27.0,0.2110914267825395,0.14174284344231708,0.15626914608916595,0.1770136820914013,0.33236529838792567,0.4854600343859434,0.48277135962784246,0.42285645486801465,0.6351187317280056,0.2919763387352928,0.3236918325263336,0.41861411846403584,0.1046096432408111,0.311426899201672,0.05342114757937658,0.09492228593770224,-0.05966657135629602,-0.03171549379104083
688,PO4P,-0.41942744925038933,-0.47764118230009256,-0.31191125477846465,-0.013196921196899978,-0.3198764729314596,0.6755437507797089,-0.4890032068788155,-2.0082288105819543,94.0,75.0,263.0,24.0,0.7972737764285397,0.6000842579090566,0.7495813642785325,0.5664663273933365,0.33145873748101334,0.48324627376254364,0.48493272346167654,0.4024087839198024,2.4053484982401745,1.2417773100179652,1.5457430031276713,1.4076887732804306,-0.10751619447192468,0.8596054951125032,0.2987143335815647,-0.1380542298472407,-0.1657299275216279,-0.3039656931097061
690,DOC,-0.10827432867721518,0.010401556718048183,-0.020643676903431715,0.034329135600875485,0.8191173491551302,1.1944460070745953,1.016520026201604,1.0058955473069502,75.0,44.0,164.0,29.0,0.12686232929839408,0.1281960993016882,0.10598360953375005,0.06608817828486246,0.5291677896643266,0.4340000993662224,0.6743044302972352,0.6060359891770832,0.23973932611973262,0.29538264965582983,0.15717471926890972,0.10904992354431207,-0.08763065177378346,0.0825646068508229,0.0549728125043072,-0.048124795724597644,0.031045233621479897,0.1382079303869201
690,NO3N,0.30152825012024204,0.28835198535011686,0.31103429865459664,0.3382149974299798,1.544241114681959,1.3343496291927475,1.467567175279563,1.337097980599428,96.0,85.0,233.0,42.0,0.1974633566779217,0.20836108819867563,0.21958891921776932,0.2368402034115625,0.5508956442592059,0.5136209204037316,0.6590644925056153,0.537504725612628,0.35844058441132237,0.40567095287881466,0.33318274875185816,0.44062906264055784,-0.009506048534354605,0.02525783565946421,0.02718069877538315,0.10744631388869968,-0.022682313304479784,0.0724882041269565
690,PO4P,-0.6070220778916854,-0.7371672011402288,-0.47888443778331685,-0.40391577541842616,-2.341555681512036,-1.4471798064338794,-2.1137341166538275,-1.9636961606513688,94.0,68.0,218.0,40.0,0.6608645537659704,0.782434908343386,0.8199302019449486,0.5946700158643562,0.5518011465407217,0.5151178835569593,0.6608404961576341,0.5496523463608155,1.1976498380059095,1.5189433978501508,1.2407384334227693,1.0819020782892996,-0.12813764010836853,-0.04308859541685983,0.07496866236489069,-0.15883635513346972,-0.25828276335691197,0.2782049644273814
692,DOC,0.06487509224380944,0.10246476489394094,0.06517900901649622,0.12157365867325116,2.1782880630160593,2.251413605051931,2.2410118078735466,2.193107301443341,80.0,63.0,185.0,36.0,0.11866330602930238,0.10286008236109291,0.1104647053906753,0.10785292168854033,0.8677494989170502,0.6488878753641909,0.7888327025354437,0.6734486196826743,0.13674834290010418,0.15851749780863494,0.1400356565284664,0.160150185977603,-0.00030391677268677697,-0.0032873136283622095,0.05639464965675495,0.02011452944913661,0.03728575587744472,0.018481841280168554
692,NO3N,0.7750984750901297,0.7049100100148116,0.7588249430327615,0.759838620304443,0.8519995830964548,0.25296012717120653,0.5702639434169511,0.35219188229664056,97.0,83.0,232.0,44.0,0.6593942732157665,0.5007483908189035,0.6074154494382465,0.5821709017455675,0.874699125841486,0.6439955070627953,0.7930683629726738,0.681930153889581,0.7538526720046851,0.7775650378412906,0.7659055357617082,0.8537104546924513,0.016273532057368256,-0.01205286375702308,0.0010136772716815567,0.08780491893074316,-0.05391493301794992,0.01165950207958244
692,PO4P,0.09340780138685299,0.17251737128380495,0.03870658752328575,0.40236749973761915,-4.131453110093262,-3.5043115784073966,-3.524133877020304,-3.8483325164535813,95.0,75.0,220.0,42.0,1.9616605550854869,1.2657692767717041,1.5915507225670984,1.2141497290062762,0.888257240788227,0.645919947212218,0.793807750982399,0.6963552297800053,2.2084374492064223,1.9596380050418751,2.004957397553035,1.743578100777464,0.054701213863567244,0.20348005165338723,0.3636609122143334,-0.26137929677557104,0.1338107837605192,-0.045319392511159906
695,DOC,0.7093377805499853,0.5334257818145486,0.6915290513265436,0.6052689471997724,2.494789159836385,2.314129515107372,2.393094862327485,2.3465337886850364,71.0,48.0,140.0,17.0,0.2929951931936515,0.2944968323153188,0.32814977316115684,0.31469261899425455,0.3688650254800067,0.506324392145699,0.4604567709940724,0.5114327744766411,0.7943154621731209,0.5816366678826228,0.7126614132586645,0.6153157065780258,0.017808729223441677,0.08165404891445638,-0.08626010412677121,-0.09734570668063869,-0.15810326951199505,-0.1310247453760417
695,NO3N,0.6030940183505966,0.6906437143240574,0.6745920580507695,0.6695872484944422,1.7790421451913412,1.2628535294230399,1.556824247483178,1.595616006240299,84.0,81.0,234.0,21.0,0.28094606211496004,0.4439239044059273,0.3980846863424985,0.4021879982895284,0.3674224517503864,0.5136257591139846,0.4630896189958254,0.5086926676966602,0.7646404316789674,0.8642944722470804,0.859627748092723,0.7906306181109694,-0.07149803970017288,-0.09498731641375557,-0.0050048095563273165,-0.06899712998175367,0.016051656273287862,0.004666724154357427
695,PO4P,0.3968497747543828,0.38561028054574126,0.5543312256878136,0.47491140765709194,-3.5400944784369663,-3.375430450857533,-3.2907765252081957,-3.5347155232341367,84.0,66.0,225.0,21.0,0.40174468269841507,0.6864593471561604,0.8588570050127025,0.615106147042132,0.3674224517503864,0.511618061835345,0.46604488435981556,0.5086926676966602,1.0934135374267928,1.341741815552018,1.842863281704025,1.209190118322931,-0.15748145093343074,-0.7494497442772321,-0.07941981803072162,-0.6336731633810939,-0.1687209451420723,-0.5011214661520069
696,DOC,0.34799204567827013,0.3387597057492666,0.38591180689193355,0.3213358645004918,1.6505638049895903,1.7698589253164525,1.6143972213425895,1.8183885261325148,84.0,75.0,188.0,27.0,0.21731761852317624,0.23099807379822634,0.2520360671259869,0.20044619325232715,0.5851004200144617,0.5725275309740665,0.6235739022298658,0.5423186488358915,0.3714193514299731,0.4034706827202162,0.4041799475967803,0.3696096265223275,-0.03791976121366342,-0.032760596166807154,-0.06457594239144177,-0.03457032107445279,-0.047152101142666936,-0.0007092648765640863
696,NO3N,0.7421876252890828,0.540866337711149,0.6946791108997712,0.6789884962626558,-0.0468087561494166,0.026098713896125725,-0.12457094512368894,-0.14468424898655052,84.0,75.0,188.0,27.0,0.4256115700441076,0.3626508619013681,0.44475755405255396,0.40553399274727625,0.5851004200144617,0.5725275309740665,0.6235739022298658,0.5423186488358915,0.7274162784459938,0.6334208265659715,0.7132395253587835,0.7477780703609788,0.047508514389311585,0.014176753087210225,-0.015690614637115408,0.03453854500219522,-0.1538127731886222,-0.079818698792812
696,PO4P,0.3990209443626781,0.5789026002952843,0.4944994117687241,0.3267199150783816,-4.546618257201643,-4.663129902006664,-4.6350181613338854,-4.078933321450085,84.0,75.0,188.0,27.0,0.3091671955513338,0.40971746936788356,0.36459549555916876,0.2269818709463839,0.5851004200144617,0.5725275309740665,0.6235739022298658,0.5423186488358915,0.5284002283636923,0.7156292880288447,0.5846869060032748,0.4185396748454243,-0.09547846740604599,-0.056286677639582505,-0.16777949669034248,-0.16614723115785046,0.0844031885265602,0.13094238202556996
701,DOC,0.057567651194206156,0.13355905193378043,0.11481504369401933,0.171699341711361,1.9518825822054466,2.0027117519886084,1.9386963400364292,1.9634901702746907,89.0,73.0,228.0,18.0,0.17387105362132096,0.14096976072820852,0.14978137699239916,0.16523624224453345,0.8489592451830724,0.7493258753658709,0.8022517370829945,0.7928588878076267,0.20480494747875302,0.18812877729516236,0.1867012186686035,0.2084056126323265,-0.05724739249981318,0.018103728810149516,0.05688429801734167,0.02170439396372298,0.018744008239761092,0.0014275586265588558
701,NO3N,0.7705528322127757,0.40423428124267935,0.5848455118772007,0.5499351968108335,1.8469213057068823,1.5624349763102114,1.6023138231425318,1.5316128415954668,96.0,89.0,251.0,20.0,0.6163926322309383,0.32102519764816995,0.4603729866239432,0.40843345730551367,0.8412186126178502,0.7461510241715108,0.8021256758271834,0.7809451590990506,0.7327377485297676,0.4302415828010428,0.5739412170657529,0.5229988976136419,0.18570732033557502,0.15879653146401473,-0.034910315066367215,-0.05094231945211092,-0.18061123063452134,-0.14369963426471005
701,PO4P,-0.033347996864088104,-0.1975291944648472,-0.06988673312181383,-0.12021479862948875,-3.62043840666402,-2.7153838060102355,-3.2377243019549518,-3.1691784936935035,89.0,73.0,228.0,18.0,0.7089148704992346,0.48202937661584233,0.6417409278871681,0.7036478670866664,0.8489592451830724,0.7493258753658709,0.8022517370829945,0.7928588878076267,0.8350399321540598,0.6432840403122119,0.7999246349039426,0.8874818431213628,0.036538736257725725,0.035115297250117194,-0.05032806550767492,0.08755720821742019,-0.12764246134303336,-0.15664059459173074
704,DOC,0.1546867214110806,0.20618630006164806,0.22951633250006845,0.22402932616180704,2.499425983564742,2.624183593813288,2.5887381587892664,2.581692764459517,70.0,55.0,150.0,37.0,0.1276317801774666,0.16233609469616042,0.15867335943044814,0.14618162019651795,0.5875544099157584,0.5074097150849947,0.5853087942896454,0.5685623472863527,0.21722546546074947,0.3199309943621556,0.27109341424302463,0.2571074586528934,-0.07482961108898784,-0.05386794878227516,-0.005487006338261408,-0.013985955590131216,-0.023330032438420384,0.048837580119130974
704,NO3N,0.20460038215865767,0.2911099294794968,0.2419527505854015,0.24473267521179107,1.8167594163040492,1.753654183655843,1.8101461113086992,1.795320710734254,96.0,82.0,214.0,42.0,0.1805613782849,0.19528343081207472,0.17660343583196178,0.16023869966856327,0.5895428967884249,0.5358183223929149,0.5818464897206885,0.5535941288735706,0.3062735201603147,0.36445829239275923,0.3035223876949727,0.28945158792527304,-0.03735236842674383,0.002751132465342032,0.0027799246263895683,-0.01407079976969966,0.04915717889409532,0.060935904697786536
704,PO4P,-0.04661466480374304,-0.10983589823340205,-0.0827301021862517,-0.07030270067259442,-3.042712783683517,-2.7246000703785733,-2.878454718519874,-2.893854213746326,92.0,69.0,194.0,41.0,0.25551876937314205,0.2426602826768093,0.2546992305082319,0.18892284290022243,0.5871815289176806,0.5171363674932756,0.589957799590816,0.56050517395281,0.4351614565330857,0.46923847930684287,0.4317244906074412,0.3370581605302509,0.03611543738250866,0.003436965925644464,0.012427401513657274,-0.09466633007719033,-0.027105796047150355,0.037513988699401646
705,DOC,0.0968309869026601,0.20700298465634642,0.1871091986774583,0.215093680161096,2.1025260139576054,2.0866906098338913,2.0428623441621494,2.0077529236260068,90.0,66.0,206.0,34.0,0.11238093898928637,0.15622423492686824,0.13949145889739192,0.13897528755732602,0.5831002710591976,0.4793131250004581,0.5838224965263056,0.5408212522342895,0.19273004072721006,0.32593356363174686,0.238927858599753,0.2569708327532966,-0.0902782117747982,-0.04619781787254293,0.02798448148363772,0.018042974153543584,0.019893785978888134,0.08700570503199387
705,NO3N,0.5644884099663661,0.5541538684442587,0.6100204367195049,0.6645108045614131,0.38592945704148374,0.1793683197500089,0.18650588891040143,0.004627188600415444,96.0,89.0,232.0,39.0,0.35489304169504626,0.30127999235982167,0.3697686235499755,0.3533845859590543,0.5819766253880302,0.4864349650293573,0.5777546765906828,0.5128328499505154,0.6098063499688204,0.6193633558838412,0.6400097455410863,0.689083365063594,-0.04553202675313883,-0.030203395572265812,0.054490367841908194,0.04907361952250777,-0.055866568275246165,-0.02064638965724508
705,PO4P,-0.019135146444863537,-0.2835727432870377,-0.03673827075633859,0.1413094045894244,-2.9571880711565575,-1.8825182843810038,-2.820413840102284,-3.183627890118383,90.0,66.0,206.0,34.0,0.568093905764622,0.7871818798781354,0.9880190414669856,0.5516384625151567,0.5831002710591976,0.4793131250004581,0.5838224965263056,0.5408212522342895,0.9742645201187841,1.642312381655276,1.6923278005654376,1.0200014519329228,0.017603124311475055,-0.7180632804466536,0.178047675345763,-0.6723263486325148,-0.2468344725306991,-0.05001541891016159
711,DOC,0.1943908827136116,0.06909103648172456,0.10074767873746254,0.2353137831237765,1.1901323065076512,1.391289710292501,1.2685986082272875,1.1177457775814124,87.0,78.0,216.0,27.0,0.22298797006551274,0.2077209089138987,0.21972816670348636,0.21023261521507217,0.3108594710044672,0.49826375035660414,0.41244794721685596,0.4446610381768253,0.7173272519089768,0.4168894662018543,0.5327415694178693,0.472792975244821,0.09364320397614906,0.18458568249110752,0.13456610438631394,-0.05994859417304832,-0.031656642255737985,-0.11585210321601502
711,NO3N,0.4840764906834404,0.22876518717459815,0.3362027363326209,0.22652258475191872,0.7902055183998005,0.9376545259751631,0.8653284424333205,1.0094241110500506,96.0,90.0,241.0,29.0,0.3615465356156093,0.2511803355293684,0.3053012763466834,0.2967826648152571,0.3030576860711382,0.49586857006568075,0.40939138622347226,0.43186999397985426,1.192995763620863,0.5065461912540618,0.7457442599440288,0.6872037162857425,0.1478737543508195,0.4472515036768342,-0.10968015158070216,-0.058540543658286315,-0.10743754915802273,-0.23919806868996707
711,PO4P,0.13940112362853047,-0.42994649222699755,-0.35081906053185874,-0.10428602719251252,-2.600739065534866,-1.5975565602958524,-1.9383472337306675,-2.2076785043252354,87.0,78.0,216.0,27.0,0.7973503214820818,0.9825123698969848,0.9896875957332469,0.8703769114626598,0.3108594710044672,0.49826375035660414,0.41244794721685596,0.4446610381768253,2.5649864194442498,1.9718720641303065,2.3995454515206767,1.957394142359158,0.4902201841603892,0.1654409679235731,0.24653303333934623,-0.44215130916151857,-0.0791274316951388,-0.4276733873903702
712,DOC,-0.1734310709457365,0.006665451737536251,-0.02459503948922393,-0.12417430009065658,1.0330186340221839,1.4676858896591483,1.3969951390606425,1.3088497604783706,59.0,61.0,187.0,11.0,0.23819739435359838,0.2403888663773167,0.30624944649725305,0.3009492094743982,0.5607081297500316,0.6010228096503087,0.6924305827906165,0.6733999224987346,0.4248153035694146,0.399966294985013,0.442281802838653,0.4469100744141587,-0.14883603145651259,-0.017466499269238378,-0.09957926060143266,0.004628271575505716,0.03126049122676018,-0.042315507853639966
712,NO3N,0.29536176644932977,0.3728388740208886,0.3845208769744234,0.3357021751253911,2.0232225631040484,1.9171919940584237,2.092059414686313,1.936017286550535,96.0,92.0,249.0,19.0,0.24233729586406713,0.29202975119089003,0.2985663140290391,0.25692588592027615,0.5599726167278354,0.6272244448528168,0.7077142796986254,0.5091453249969428,0.4327663328970438,0.465590513232336,0.4218740847735632,0.5046219091215635,-0.08915911052509362,0.010892248123480608,-0.04881870184903231,0.08274782434800027,-0.011682002953534776,0.04371642845877283
712,PO4P,-0.5685746936161447,-0.273822594847403,-0.39067311750289424,-0.3680846120178409,-3.588651497770498,-2.3515904619411416,-3.083517417711381,-2.9953219929695063,84.0,79.0,209.0,12.0,0.7537152473004697,0.7909508091117421,0.8338705027905106,0.5906665887618935,0.5332491512065394,0.6258192561112026,0.6929527011163055,0.6343454148433832,1.4134391880326478,1.2638646084920038,1.203358470855507,0.931143466856659,-0.17790157611325041,0.21008071717714083,0.022588505485053367,-0.2722150039988479,0.11685052265549123,0.060506137636496815
716,NO3N,0.3524710302166351,0.3728414379717382,0.35650880559587567,0.5002940133689834,1.5769860919440672,1.3371382104553355,1.4732692802722582,1.2942566876143324,97.0,91.0,250.0,30.0,0.3456396261134704,0.312824643520562,0.3157518772993753,0.32207897953224557,0.5000434049414174,0.5816850689488117,0.6005294686885685,0.48763650732872965,0.6912192475650465,0.537790395902513,0.525789147348442,0.6604898827132378,-0.004037775379240549,0.16543010021660454,0.14378520777310771,0.13470073536479588,0.01633263237586252,0.012001248554071031
716,PO4P,-0.466594879098878,-0.02850219350849825,-0.2973371133269042,0.09081874811301688,-3.5677602188902187,-2.7120548440851135,-3.1100799809152444,-3.2263511581812883,89.0,73.0,207.0,27.0,0.8939419748805827,0.7093117818043695,1.137723855680897,0.6717478686368649,0.4941552062823711,0.5543088981976886,0.602121898385046,0.47455847736488804,1.809030773157057,1.2796326815439298,1.889524129137956,1.4155217969488676,-0.16925776577197377,-0.08049335598089913,0.3881558614399211,-0.4740023321890885,0.26883491981840596,-0.6098914475940262
718,DOC,0.12430681851357683,0.1691043061959259,0.16375657274468883,0.21720571390099952,1.3699740050827827,1.3189316862196614,1.2716357757989216,1.1789854915659408,89.0,77.0,214.0,28.0,0.22076023584284635,0.15759618247938015,0.20232885874943615,0.19706065401671083,0.33731641002740614,0.5044522181004446,0.4680915016073135,0.5239113664864775,0.654460409515535,0.3124105253671423,0.43224211090072684,0.3761335726274935,-0.039449754231111994,0.22221829861480813,0.05344914115631069,-0.056108538273233366,0.005347733451237069,-0.11983158553358453
718,NO3N,0.5005798651190536,0.2379810715903034,0.41425533743186127,0.4637646717203651,0.5380448562485491,0.9337249278967915,0.583943177446299,0.3934164643930873,96.0,91.0,238.0,31.0,0.3592977064415994,0.25705037028714334,0.3249886807532013,0.3101944411894243,0.3404624544552387,0.5155405180242647,0.47906692285233515,0.5326174676787939,1.055322552427986,0.49860362338202263,0.6783784587302304,0.5823962975553283,0.08632452768719234,0.3769440936977555,0.04950933428850385,-0.0959821611749021,-0.17627426584155786,-0.17977483534820776
718,PO4P,-0.44010930511056323,-0.34762467958310084,-0.2865310614146036,0.06967009749255272,-1.7834186672935504,-1.2061510445790333,-1.8097478830338125,-2.477091043768128,89.0,77.0,214.0,28.0,0.7190209908125526,0.7676552513557321,0.9691609356460791,0.8061084114016853,0.33731641002740614,0.5044522181004446,0.4680915016073135,0.5239113664864775,2.131592088135095,1.5217600871027976,2.0704518930982805,1.5386350878541046,-0.15357824369595963,0.06114019503681467,0.3562011589071563,-0.5318168052441758,-0.06109361816849723,-0.5486918059954828
722,DOC,-0.004287060600695751,-0.0657850940386844,-0.04706129929868665,0.06314552330346569,1.7238960755750417,1.8476441234084051,1.7877922807873137,1.7204225273074554,70.0,80.0,175.0,23.0,0.2353340198800641,0.24411293386813512,0.2885349469090324,0.15747981652154644,0.3814046306373973,0.4928546280240596,0.44436073644255647,0.4587823253339747,0.617019304371784,0.49530413226883263,0.6493259265410638,0.3432560668219021,0.0427742386979909,-0.03230662216927982,0.11020682260215234,-0.30606985971916173,-0.018723794739997753,-0.15402179427223117
722,NO3N,0.039720155562185215,0.09203731825242499,0.07944442938161558,0.21654987095813918,1.645855746000272,1.6859955447260553,1.6770749720888223,1.6181802070085711,96.0,93.0,216.0,29.0,0.35555350838239247,0.25908100780586335,0.289328129307296,0.2911380739060653,0.38283139203273714,0.4879857794364401,0.4358653924288209,0.4654038543183397,0.9287470039865172,0.5309191757699745,0.66380156427433,0.6255600833656282,-0.03972427381943037,0.2649454397121872,0.1371054415765236,-0.03824148090870183,0.012592888870809407,-0.13288238850435552
722,PO4P,-0.07288617163351742,-0.6124543048347653,-0.2706986614951888,0.1415203871346282,-1.586869960649047,-1.3222163433391687,-1.6187407365884072,-1.8600682227348573,90.0,83.0,197.0,26.0,1.272509239020661,1.1140969081226657,1.240638111629104,1.2768811357959722,0.3806764785269512,0.5003215496890475,0.4403803971263055,0.4705248991228509,3.342757724209035,2.2267617871248655,2.8171964958587306,2.7137376537911697,0.19781248986167138,0.5255612283503046,0.41221904862981695,-0.10345884206756084,-0.3417556433395765,-0.590434708733865
723,DOC,-0.051032184468429186,-0.08932716229140324,-0.03838991275716539,-0.028570505644884673,1.8460336450217165,1.9922839271244732,1.8954536737340368,1.879968475463095,92.0,69.0,218.0,29.0,0.13562985710166867,0.21916590187154347,0.19390972383930363,0.1953023411695609,0.33531110594466945,0.5473346415168343,0.493522734019922,0.4632843616449582,0.40448960591257394,0.40042395501254346,0.3929094051247416,0.4215604007787176,-0.012642271711263794,0.01158020078783234,0.009819407112280718,0.028650995653975997,-0.050937249534237845,0.007514549887801869
723,NO3N,0.19290150597869168,0.20439749755743444,0.34079233444205576,0.13731234512775956,1.5452237438637113,1.6084490428004856,1.5589721186961292,1.5822583783350128,96.0,91.0,249.0,32.0,0.4502539755507428,0.24921715079169138,0.35427231220733707,0.33573320278175256,0.333025389820687,0.5500853682843803,0.5000486977130307,0.4642686133244937,1.3520109556606958,0.4530517718894359,0.7084756221296027,0.7231443029880135,-0.14789082846336407,0.6435353335310932,-0.2034799893142962,0.014668680858410776,-0.1363948368846213,-0.2554238502401668
723,PO4P,-0.6845393109637027,-0.7516452232679418,-0.49584086458301085,-0.5479017813830052,-1.5575367668792315,-0.5511001604471606,-1.1346256368380014,-1.0851242280039335,93.0,71.0,226.0,30.0,1.0314582385137283,0.974443854490684,1.1099679311437285,1.2165694194070102,0.3352405672631616,0.5468083633388908,0.49008300425503803,0.47405629876562344,3.0767703531059847,1.782057334567067,2.264857017090321,2.566297341844814,-0.18869844638069183,0.8119133360156638,-0.052060916799994306,0.301440324754493,-0.25580435868493095,-0.4827996825232539
728,DOC,0.07232162522231128,0.06537069491164263,-0.009601348850426475,0.13231859313268146,1.0777925969968547,1.203473814063543,1.0974907432870495,1.0739439014905103,86.0,66.0,231.0,25.0,0.4680074364413192,0.3748157634778518,0.38368541162189385,0.45983900346019463,0.3482086519863752,0.49469712701328294,0.4983351294280041,0.527334459779282,1.3440431010876535,0.7576671523054705,0.7699345058460824,0.8720063612999275,0.08192297407273776,0.5741085952415711,0.14191994198310792,0.10207185545384512,0.0749720437620691,-0.012267353540611814
728,NO3N,0.20113367906612606,0.14736289839114924,0.18618220997287424,0.13968168987803214,1.9175246463970366,1.8592957685395175,1.8946727758392088,1.8786817438205254,96.0,84.0,258.0,30.0,0.13185116774039124,0.12512742093041826,0.1301451641618129,0.11227344212706208,0.35985669196461995,0.5089360763798718,0.5008305518664208,0.5505108442829936,0.36639909909846685,0.24586078043526763,0.25985867610673363,0.20394410626604698,0.014951469093251818,0.10654042299173322,-0.046500520094842096,-0.055914569840686656,-0.038819311581725,-0.013997895671466004
728,PO4P,-0.4130531555137505,-0.5542289997679273,-0.5571126316885574,-0.4626044669295087,-1.5028373128231898,-1.0505324882182285,-1.4508524256616149,-1.3404370630426148,86.0,66.0,231.0,25.0,0.8119483697786133,0.950075879258868,0.9295149051779015,0.8895281239126146,0.3482086519863752,0.49469712701328294,0.4983351294280041,0.527334459779282,2.331786890264816,1.9205203090523666,1.86524057865399,1.686838603881359,0.1440594761748069,0.4665463116108257,0.09450816475904872,-0.1784019747726311,0.0028836319206301253,0.055279730398376525
730,DOC,0.24572299540442158,0.4552874588941815,0.3599792069792383,0.5398194316524081,0.5887844496331275,0.8301172333481255,0.7304203633620965,0.8609091070128518,65.0,51.0,175.0,9.0,0.16036370223030966,0.2120165545702241,0.17576693456572323,0.18512770272415932,0.18220180378167303,0.3611389523622214,0.34210962247349447,0.19652939715052062,0.8801433295494082,0.5870775035022311,0.5137737234483695,0.9419847890866484,-0.11425621157481672,0.36636960610103875,0.1798402246731698,0.42821106563827893,0.09530825191494319,0.07330378005386162
730,NO3N,0.3150667363457033,0.27210780874610097,0.256667649061886,0.20929395166352477,2.1634516588091057,1.9584044474411841,2.056854489241315,1.9895193040055499,84.0,80.0,232.0,14.0,0.10240681715641288,0.13632277466549558,0.12002046227085987,0.10466095333915218,0.19908632373708354,0.37313371503513726,0.32568752970769227,0.297901056077067,0.5143839879812784,0.3653456366242818,0.3685141472213548,0.3513279030205129,0.05839908728381732,0.1458698407599236,-0.047373697398361225,-0.01718624420084186,0.015440159684214971,-0.00316851059707296
730,PO4P,-0.6390956715470987,-0.04334613580668886,-0.28786214693509826,-0.019362020635678507,-3.3915094618790094,-2.6158194236898056,-2.9258193252108247,-2.6573765974612185,84.0,80.0,232.0,14.0,0.2745777286755916,0.24024721311435024,0.2494993823816053,0.320812774558357,0.19908632373708354,0.37313371503513726,0.32568752970769227,0.297901056077067,1.3791893060329106,0.6438635894687957,0.7660698050230337,1.0769104976766606,-0.3512335246120004,0.6131195010098769,0.2685001262994198,0.3108406926536269,0.2445160111284094,-0.12220621555423794
731,DOC,0.03615234189520177,0.15956268083372058,0.12359462769624731,0.22815791165139518,0.6303997101510266,0.6551274272911354,0.6060279291861193,0.536535003276469,66.0,45.0,168.0,21.0,0.09450459365786215,0.1563259513690334,0.13115178586969273,0.2025254758689817,0.2962304134894254,0.43488536728852606,0.4751788586268814,0.4337393707630722,0.3190239399953972,0.3594647305420108,0.27600509468935647,0.4669289659195134,-0.08744228580104554,0.04301884530604072,0.10456328395514787,0.19092387123015692,0.03596805313747327,0.08345963585265431
731,NO3N,0.2238164577003191,0.17808357209557454,0.18510901381578637,0.13441745897212087,1.6630029594724227,1.5882117880127067,1.6643230159400648,1.7144690137117298,96.0,91.0,242.0,27.0,0.10832133319783951,0.11924999133876825,0.11458142799361773,0.1274764698737986,0.3250082143424133,0.49659800664034803,0.4600789061812987,0.39358202114087626,0.3332879860190773,0.2401338502051879,0.24904734047612642,0.3238879395564933,0.03870744388453273,0.08424064554295085,-0.0506915548436655,0.07484059908036689,-0.007025441720211828,-0.008913490270938518
731,PO4P,-0.7085122644577065,-0.37288408419919233,-0.452443831917086,-0.25787756289648645,-1.4048436400896747,-1.3113865655177532,-1.5229126724618425,-1.8746059735090308,96.0,76.0,233.0,27.0,0.7197284144429551,0.553021560467986,0.6967309139218126,0.4804125070019302,0.3250082143424133,0.4741751621133452,0.46366051589451585,0.39358202114087626,2.21449299642834,1.1662811649670373,1.5026746726053357,1.2206159864959238,-0.25606843254062056,0.7118183238230045,0.19456626902059954,-0.28205868610941187,0.07955974771789365,-0.33639350763829845
734,DOC,-0.32397053767625544,-0.05066207304870684,0.02445945422862434,0.1584690174354244,1.6075047435214913,1.4681633465064827,1.0854479478185577,0.8888222876478522,92.0,72.0,214.0,30.0,0.4247115933186722,0.33023598327364856,0.3528480191164008,0.3825043677253646,0.3508744590511481,0.46187346129127843,0.459539440231281,0.4558691116382551,1.2104374723289866,0.7149923322080346,0.767829675160888,0.8390662099275823,-0.3484299919048798,0.4426077971680986,0.13400956320680008,0.07123653476669434,-0.07512152727733118,-0.05283734295285336
734,NO3N,0.06250880156867264,0.10250424524746315,0.10780026930979637,0.1087123925002477,1.726409412420849,1.620673175544352,1.6417113549068576,1.5922187307463578,96.0,88.0,230.0,30.0,0.1771924113210237,0.09360779772195113,0.13709770811821,0.1575522464651362,0.34752336851277243,0.46796798209714624,0.46310942291396273,0.4558691116382551,0.5098719320065275,0.20003034673965991,0.2960373970703685,0.3456085144679824,-0.045291467741123734,0.21383453493615895,0.0009121231904513222,0.049571117397613884,-0.005296024062333218,-0.09600705033070861
734,PO4P,-0.9240104340921117,-0.861490734012809,-0.33232361004429667,-0.08193209437070287,-0.49316549539668264,0.4595310106135111,-1.3622196455732256,-1.6913855551506343,92.0,72.0,214.0,30.0,1.0963847912249136,1.123234264994581,1.1593358163682015,1.0337047032841191,0.3508744590511481,0.46187346129127843,0.459539440231281,0.4558691116382551,3.124721001892845,2.431909081449082,2.522821144110549,2.2675471465247963,-0.591686824047815,0.6018998577822963,0.2503915156735938,-0.25527399758575253,-0.5291671239685123,-0.09091206266146701
735,DOC,-0.04723384876562466,0.0616104781046754,0.06026507376858356,0.16108621695156758,0.6334919087381068,1.1723885485277437,0.9144005507136531,1.022886572589877,69.0,43.0,174.0,14.0,0.10462259500645511,0.23217316180426067,0.15188369288029022,0.14493665776025658,0.3944753030952685,0.42023854037717734,0.5053653698344893,0.45350257297738655,0.2652196327261279,0.5524794598702869,0.3005423441064693,0.3195939039743523,-0.10749892253420823,-0.035322711380341376,0.10082114318298402,0.019051559867882983,0.0013454043360918364,0.2519371157638176
735,NO3N,0.16939560910965776,0.2257146533580437,0.19843387119917785,0.13150583833305898,1.8273806859634703,1.6759408377818703,1.7965482510899178,1.7544837209890574,96.0,90.0,262.0,20.0,0.14382603152084647,0.1874865611516272,0.15542929462424265,0.12300594378554927,0.37858832902799877,0.5150321476952021,0.48554160034369853,0.48830668978215297,0.3799008593057017,0.3640288513845983,0.3201152991097354,0.25190304855423057,-0.029038262089520095,0.059785560195966314,-0.06692803286611887,-0.06821225055550484,0.02728078215886584,0.04391355227486288
735,PO4P,-0.5934733655974294,-0.5585039641710322,-0.5821197227946473,-0.47813758004412055,-2.444477642795446,-2.029740159345262,-2.308569497233829,-2.2415884854969432,96.0,72.0,244.0,20.0,0.44420764090251774,0.4468349601625234,0.46898525704284255,0.4331930357780751,0.37858832902799877,0.47779660484137737,0.4911254971538474,0.48830668978215297,1.173326293610245,0.935199111159166,0.9549193836619944,0.8871331170403061,-0.01135364280278206,0.21840690994825074,0.10398214275052675,-0.0677862666216883,0.02361575862361509,-0.019720272502828373
736,DOC,0.09446886455385337,-0.09975465207763201,-0.08023585810548893,-0.213855683597574,1.411095377822766,1.3693766798454912,1.2415113177734516,1.2441410214488717,76.0,40.0,167.0,17.0,0.12211927522730766,0.16319188534245246,0.12065622313600502,0.14607710472678748,0.3380405731454858,0.3666278104122652,0.390249741060124,0.4422694382451907,0.3612562660481291,0.44511594785716513,0.3091769460454711,0.3302898461769892,0.17470472265934228,0.052079320002658025,-0.13361982549208506,0.02111290013151812,-0.01951879397214308,0.13593900181169405
736,NO3N,0.2094307875232245,0.5539138546840231,0.5066592698295204,0.6278288659157685,1.3113543699135233,1.3545629268384818,1.5352310566019545,1.5110840615980428,97.0,88.0,259.0,24.0,0.1827871512095589,0.27981182175057023,0.22376138825945702,0.35073798508175485,0.3320195798251022,0.46392046896930894,0.3736568579817223,0.4257576775801709,0.5505312406751601,0.6031461003913613,0.598841914659579,0.8237972056668557,-0.29722848230629584,-0.048310673984418906,0.12116959608624811,0.22495529100727663,0.047254584854502735,0.004304185731782262
736,PO4P,-0.22370292693467383,-0.6601064434400943,-0.625239668121494,-0.43612589530554186,-1.8863536921800765,-1.569052021323652,-1.991218849082963,-1.7999115521508053,97.0,74.0,237.0,24.0,0.8318257645126419,0.5846160392324588,0.7583191929220214,0.4615037095921799,0.3320195798251022,0.45539382466484934,0.38113547833769607,0.4257576775801709,2.5053515366498034,1.2837592597192364,1.9896316035164028,1.0839586316215706,0.40153674118682015,0.5157199331334006,0.18911377281595215,-0.9056729718948322,-0.034866775318600274,-0.7058723437971663
737,DOC,-0.10065572694309988,0.39007763750543634,0.20372422229008683,0.14223689566978784,0.6468339073294554,0.220143173566419,0.4258213301645264,0.59822167072742,58.0,54.0,171.0,17.0,0.09818710337744098,0.21575823262896376,0.13313582877484162,0.10466029002106247,0.18750258081973095,0.3257527454590041,0.28178945416235546,0.1971506401500396,0.5236573435319282,0.6623374189063185,0.47246561859669256,0.5308645710782971,-0.3043799492331867,0.051191724935235605,-0.06148732662029899,0.05839895248160454,0.1863534152153495,0.18987180030962592
737,NO3N,0.5640125296928948,0.5122726609115069,0.509230194254938,0.5330427810657671,0.5753896491438717,0.48890096550059714,0.5848793522660864,0.47788886604076763,84.0,77.0,228.0,21.0,0.11772569903596727,0.19585993686136835,0.14221310751792632,0.15245438566998454,0.18756645614742903,0.35227035439514637,0.2707606714964921,0.2068055544695867,0.6276479358517801,0.5559932433078647,0.5252354661846405,0.7371870937460958,0.05478233543795685,0.10241246966713968,0.023812586810829095,0.21195162756145536,0.0030424666565689318,0.03075777712322425
737,PO4P,-0.7299559779314445,-0.45905357207209013,-0.4745233993347203,-0.1289334664892931,-1.271683182349582,-1.219761391151719,-1.4744120464342916,-2.163654001685549,84.0,77.0,228.0,21.0,0.6602777085733283,0.5203646017526525,0.5303943685707844,0.6025248541729682,0.18756645614742903,0.35227035439514637,0.2707606714964921,0.2068055544695867,3.520233426249434,1.4771739808935287,1.9589047613130035,2.9134848709374337,-0.2554325785967242,1.5613286649364306,0.3455899328454272,0.9545801096244302,0.015469827262630187,-0.4817307804194748
739,DOC,0.074880838246266,-0.18405388232817488,0.01568225614632578,-0.03443321907000863,0.8702903667472032,1.3999576064734827,0.9069910818103991,1.0968198418688668,74.0,38.0,143.0,45.0,0.22735539815547934,0.24012548458375946,0.22064122362424837,0.19725754568709603,1.2097411828410403,0.44432922359582266,0.8723587813987218,0.5939239113552097,0.18793722275498806,0.5404224431616182,0.2529248611110177,0.33212595404181605,0.05919858209994022,-0.06498763835602964,-0.050115475216334415,0.07920109293079836,-0.19973613847450067,0.28749758205060055
739,NO3N,-0.0879596341743475,0.10192812805160985,-0.04194898425115809,-0.02551537133534875,0.6616694259521987,0.35210896334635017,0.6039135598609661,0.6022128822680738,96.0,75.0,230.0,67.0,0.24378754684360662,0.11800775639563303,0.18923938726282627,0.13869917287158076,1.162405920087098,0.5230075735043508,0.8307744925124201,0.5437052223596066,0.20972669067733227,0.22563297813248845,0.227786708629595,0.255099946014212,-0.046010649923189414,-0.018060017952262725,0.01643361291580934,0.027313237384616995,0.14387711230276795,-0.002153730497106543
739,PO4P,0.10486053745029439,-0.4605082739292728,-0.003977058968656798,-0.03968074623872265,-3.6687129222233072,-2.8091616799415995,-3.5127568651432473,-3.715537370955787,93.0,61.0,215.0,63.0,1.5829015448887354,1.1902747463409284,1.7365299721471368,1.3430371618460661,1.189341329293919,0.473921595209739,0.8498262381692046,0.5626462880731284,1.3309060283211236,2.511543593648987,2.043394160067561,2.3870008392759687,0.10883759641895119,-0.7124881317464375,-0.03570368727006585,0.3436066792084076,-0.456531214960616,0.4681494335814258
740,DOC,-0.11469794104726456,-0.10605609050632984,-0.08424517297888033,-0.10413310177509523,1.0739455926001986,1.3301342190128336,1.0521561671211077,1.2157042919742624,78.0,50.0,137.0,35.0,0.15138795641785258,0.182175791179359,0.1630426056498525,0.13796184375838413,0.508579057512224,0.5251691191654829,0.5985401599289291,0.4757941935264174,0.29766848276919833,0.3468897628041124,0.2724004445569906,0.2899611757257061,-0.030452768068384234,0.025268038212207744,-0.0198879287962149,0.017560731168715538,-0.021810917527449514,0.0744893182471218
740,NO3N,0.16816778778219565,0.13296686206094835,0.11075107838163542,0.12029748007533828,0.5110741431952303,0.35152479628379524,0.5288864576353647,0.45998066339659893,97.0,85.0,230.0,46.0,0.12351641014332512,0.12468247960081874,0.10298897671790502,0.11881347211234794,0.5020945256684326,0.5477046405823178,0.5814567088065278,0.5237994895702456,0.24600230400618123,0.22764546867497185,0.17712234661338008,0.22683006470630424,0.057416709400560234,0.06887995739280114,0.009546401693702855,0.04970771809292415,0.022215783679312928,0.05052312206159176
740,PO4P,-0.04606803408161157,-0.20365523451955722,0.09425225139916418,-0.3199322344851985,-3.3494866042542797,-2.7801728386050275,-3.1997135855965935,-2.764215203370897,96.0,72.0,218.0,46.0,1.1833387892453096,0.9211211923286338,1.029071155128476,1.0005235533067602,0.5048784574988895,0.5225264367254618,0.5938102939936643,0.5237994895702456,2.3438092310522327,1.7628221800624333,1.73299648985111,1.9101270108675474,-0.14032028548077574,0.6108127412011226,-0.41418448588436263,0.17713052101643734,-0.2979074859187214,0.029825690211323197
741,NO3N,0.5426678216938708,0.4706129864412826,0.5376683758759347,0.5930455503159138,1.1378059236583091,0.9363586932206681,1.0568189538882453,1.0128841439985674,61.0,56.0,127.0,20.0,0.2851183811569397,0.18038061308581332,0.23754295350366753,0.23357385005036255,0.48654929426197935,0.35080629912591166,0.400012041621751,0.3380711165377927,0.586001016791979,0.514188637818818,0.5938395067823651,0.6909015252246534,0.004999445817936099,-0.007838489990386055,0.05537717443997903,0.09706201844228834,-0.06705538943465217,-0.07965086896354712
742,DOC,0.05152975583681343,-0.008139403583200146,0.12202262402701972,0.15007624091487576,0.47246693786389615,0.884141096115539,0.5001733317924779,0.4900838042836872,79.0,42.0,156.0,23.0,0.082020845162623,0.09716081077382681,0.09559204886550567,0.10706138093657082,0.28778184150280023,0.3256491907269977,0.38704216925575974,0.3424667671898744,0.2850104952220375,0.29836036305485514,0.24698096605162906,0.3126183069238149,-0.07049286819020628,0.038029529170408416,0.028053616887856042,0.06563734087218587,-0.13016202761021986,0.05137939700322608
742,NO3N,0.03865935421596524,0.023848400991809193,0.023170814090393003,-0.006390006959318187,1.0533615655349509,0.999844072703435,1.080653007786311,1.0511075847025793,96.0,88.0,251.0,33.0,0.11051749847736188,0.1355669467013096,0.09469704480272435,0.09933134402378314,0.28270214222759166,0.3751264194683892,0.3686208158506477,0.3592447405109198,0.3909326530266929,0.36139002657671626,0.2568955434168761,0.27650048232442753,0.015488540125572235,0.1340371096098168,-0.02956082104971119,0.01960493890755144,0.0006775869014161891,0.10449448315984017
742,PO4P,0.0733276612484133,-0.7469514512615728,-0.20875406540949104,-0.8787959582054039,-3.0788292968220308,-1.45360410207905,-2.459869545341194,-1.727408130093921,96.0,67.0,236.0,33.0,1.2650546933360889,0.9224569885246031,1.173611461740129,1.0660837724500467,0.28270214222759166,0.3644297974674945,0.37127836199522596,0.3592447405109198,4.474867729575414,2.531233710676148,3.161001506883452,2.9675696043144755,0.2820817266579043,1.3138662226919622,-0.6700418927959129,-0.19343190256897635,-0.5381973858520818,-0.6297677962073038
743,DOC,-0.14465066768991555,0.07016468364081363,-0.016619278168678666,0.023319706130923042,0.7031179477261988,1.129651272050496,0.9144635288778783,1.0645378281680289,76.0,45.0,155.0,24.0,0.11680009140862506,0.1701645111472616,0.10233589431794059,0.1311366658037161,0.4703841635767171,0.43601867052616033,0.6049264167503465,0.49041027543127924,0.2483078735485014,0.3902688638124547,0.16917081397715628,0.26740195377919274,-0.12803138952123688,0.07913705957134512,0.03993898429960171,0.09823113980203646,0.0867839618094923,0.2210980498352984
743,NO3N,0.3870333169289425,0.23061077789489992,0.28135718373572866,0.3439776057194182,1.939646406720808,1.6949873004783005,1.8072621052654954,1.7285126456112343,97.0,86.0,247.0,38.0,0.24024553228808415,0.15580889173885953,0.20018192793459658,0.22999886067875938,0.47693240027084005,0.5209890822955007,0.5949380780753017,0.4982990270003719,0.5037307848065128,0.2990636407434082,0.33647523214888153,0.46156795060044886,0.10567613319321384,0.16725555265763126,0.06262042198368956,0.12509271845156733,-0.050746405840828734,-0.03741159140547334
743,PO4P,-0.4568137807075618,-0.40961370816750653,-0.4027142550032839,-0.10738825267827255,-2.8045934825411427,-2.0346593788744545,-2.480129308871388,-2.3056669282685935,95.0,73.0,230.0,34.0,0.9866863594217341,0.7365218711465806,0.9863245498898866,0.703322025247235,0.4722661526692966,0.5128945555313317,0.5876976301472246,0.47698677606037193,2.089259104945129,1.4360103128479944,1.6782857362259596,1.4745105326740042,-0.054099525704277895,0.41097336871916923,0.2953260023250113,-0.20377520355195533,-0.006899453164222635,-0.24227542337796515
744,DOC,-0.07060428260116194,0.02377495987197301,0.08902597559019221,0.20104540316250444,1.0964090532342246,1.176144811139903,0.7146851210881164,0.40861190737884834,85.0,66.0,212.0,33.0,0.24623354442108228,0.22111525597517553,0.23463567214483652,0.23921500688423633,0.3281729148769493,0.42480811803727325,0.4449702639721579,0.40303127816668305,0.7503164742081451,0.5205061922940337,0.527306409309899,0.5935395584491171,-0.15963025819135415,0.22301006489824604,0.11201942757231223,0.06623314913921807,-0.0652510157182192,-0.006800217015865306
744,NO3N,0.14779981636091516,0.130378787481559,0.22318281600750664,0.2706317018181205,1.04137420337379,1.0179434036502468,0.7357226793442488,0.49759473532415743,96.0,87.0,236.0,37.0,0.19955973041006408,0.13624845571094546,0.15832155526747876,0.18124355615272789,0.3249938867132827,0.45208776035517617,0.44124600096441047,0.3982509710457463,0.6140414899130715,0.30137612131747127,0.35880564338587284,0.4550988430155235,-0.07538299964659148,0.25523584652719866,0.04744888581061388,0.09629319962965066,-0.09280402852594763,-0.05742952206840157
744,PO4P,-0.7676564880187338,-0.7302189429921322,-0.278514186483006,-0.25906506068747664,0.11887012805604602,0.7410897687360878,-1.25617254161526,-1.3320665552630175,94.0,74.0,230.0,34.0,1.0293935652022959,0.810944631842946,0.9524107359691336,0.8093589198963012,0.3248003626273062,0.43984583331419685,0.4407901218599856,0.4054236586645032,3.1693116253797986,1.8437019756048492,2.1606898356757216,1.9963287849613707,-0.48914230153572774,1.008621789704077,0.019449125795529376,-0.16436105071435092,-0.45170475650912617,-0.31698786007087243
745,DOC,-0.3205338391745952,-0.27327704971809436,-0.14301260853219058,-0.13612905725622976,2.3828235792806347,2.615868474805069,1.9493488613965575,1.9998852256638489,90.0,74.0,213.0,31.0,0.32677212479034107,0.32924609491070267,0.31843267846037054,0.3190160958180233,0.37656777014592696,0.47662425187849283,0.47662575838242205,0.3728600009715425,0.8677644522358109,0.6907875409466959,0.6680979213986903,0.8555921659249562,-0.17752123064240463,0.1996665308371206,0.006883551275960825,0.18749424452626595,-0.13026444118590377,0.022689619548005635
745,NO3N,0.24678787456728055,0.2059325672329754,0.24693264669077036,0.28406919861944024,0.6871872209934446,0.6868182081466577,0.6465607230535333,0.43067000843012315,96.0,90.0,238.0,32.0,0.17873051882620625,0.13742402502192472,0.15594526727519784,0.170396941174048,0.3703201352762913,0.47600561263102936,0.4772961100385417,0.37090894047465933,0.48263786329862296,0.2887025307587024,0.3267264576336171,0.4594037041975525,-0.00014477212348981694,0.1559114056650059,0.03713655192866988,0.13267724656393542,-0.04100007945779496,-0.03802392687491468
745,PO4P,-0.526201712037185,-0.7304859582115334,-0.2806061802593667,-0.3029420721513182,-0.8650167221725753,0.790048228374336,-1.3357232961888084,-1.122338129224695,90.0,74.0,213.0,31.0,0.8320771821757237,0.95730331632804,0.8810268589428935,0.9096964986751075,0.37656777014592696,0.47662425187849283,0.47662575838242205,0.3728600009715425,2.209634621288164,2.0085073568016596,1.8484667340114653,2.4397803366002178,-0.24559553177781834,0.3611678872766986,-0.02233589189195151,0.5913136025887524,-0.4498797779521667,0.16004062279019426
746,DOC,-0.22724569268021205,-0.06635264319162143,-0.1796804300716781,-0.10494465260704057,0.963117251802182,1.3139001336997598,1.1632413577634357,1.2363461400807914,76.0,49.0,148.0,27.0,0.17976797732881417,0.10491186611957526,0.18264050295521359,0.1180741585169568,0.7047091446923196,0.6542547494257008,0.8021158116124689,0.6723571818467056,0.25509528105712603,0.1603532358178003,0.2276984199925656,0.17561225150098445,-0.04756526260853394,0.027396861064560435,0.07473577746463754,-0.05208616849158115,0.11332778688005668,-0.06734518417476529
746,NO3N,0.1812522397805336,0.16746162234641135,0.13259152023139092,0.22799066302272347,1.6812699082544038,1.5684828160174347,1.6495803844119634,1.5089566038258224,96.0,83.0,217.0,36.0,0.3894776575919933,0.21204205074465307,0.2738626881786429,0.2714277954718092,0.7272673718150682,0.7167141661669408,0.8020650998350539,0.6715544381480146,0.535535722742462,0.2958530202893508,0.3414469576533915,0.40417839575350234,0.04866071954914267,0.19408876508907047,0.09539914279133255,0.06273143810011084,0.034870102115020424,-0.045593937364040715
746,PO4P,-0.006221761576983682,-0.6218188872685408,-0.5670894781010634,-0.012540824955511804,-2.1157498215730666,-1.4131199890403099,-2.0268191128720066,-2.0533164708276455,91.0,74.0,207.0,36.0,1.4238370405456195,1.6890571933964127,1.2993335395908892,1.1098917930296077,0.7247226899419235,0.7120141925523388,0.7970005290786428,0.6715544381480146,1.964664636979588,2.372224052643801,1.6302793940337263,1.6527205092865174,0.5608677165240796,0.3343852429458616,0.5545486531455516,0.022441115252791022,-0.05472940916747748,0.7419446586100746
748,DOC,-0.19457232083043993,-0.002614212485910051,-0.08631679710537515,-0.032725957667415456,0.7845222367130695,0.8242270234603704,0.8269564224285236,0.8327255790197972,67.0,54.0,158.0,21.0,0.10713989871541504,0.08880410546705628,0.07622741613964042,0.06514797365164539,0.3345048394160941,0.3981397699105198,0.5012398671943386,0.49517294497859127,0.32029401697875765,0.2230475631384793,0.1520777199274252,0.1315661009194718,-0.10825552372506478,0.16821629705133245,0.0535908394379597,-0.020511619007953397,0.0837025846194651,0.0709698432110541
748,NO3N,0.2568012420207094,-0.05461067944596291,0.10379412976243682,0.18180051671328643,1.2097395810833516,1.2177622134502535,1.1749734313238123,0.9484340328731748,96.0,89.0,250.0,33.0,0.7592993890447385,0.39529124918273284,0.5700850099526233,0.48906034601033455,0.32776153558875776,0.4392705616851114,0.4933629451476635,0.43356943567830575,2.316621404890631,0.89988103838858,1.1555083647029813,1.127986213431339,0.1530071122582726,1.1611130401876495,0.0780063869508496,-0.02752215127164237,-0.15840480920839972,-0.2556273263144013
748,PO4P,-0.43422650799972445,-0.7283182209836983,-0.29854045994035944,-0.28973199882864353,-2.3632852801524353,-1.517624724242588,-2.2301901623072293,-2.3233117796406244,87.0,78.0,226.0,29.0,1.2433998698401734,1.0565882126223767,1.1756121997906557,1.1531659741040163,0.33116647881318195,0.4232296606372383,0.4980024721791985,0.4578591362667953,3.7546066688156614,2.4964890481246473,2.3606553490514193,2.518604266601474,-0.13568604805936502,1.3939513197642421,0.008808461111715904,0.1579489175500548,-0.4297777610433388,0.13583369907322806
749,DOC,-0.12518330250880091,-0.0238587344829837,-0.05920179275020009,0.043823979984859374,0.6746721439964926,1.0919384001002062,0.8725294863613675,0.9939338208816874,69.0,44.0,161.0,26.0,0.10762899799660158,0.19326860454929376,0.1198929601751694,0.18592582364862795,0.3944212577521133,0.3680929859517368,0.49731876537872954,0.4488008446676021,0.2728782890912145,0.5250537552341042,0.24107869745044866,0.4142724459138022,-0.06598150975860081,0.03179959164076582,0.10302577273505947,0.17319374846335353,0.03534305826721639,0.2839750577836556
749,NO3N,0.12101786804859796,0.1863766932253331,0.111676700080434,0.15519625514838925,1.5847295102050178,1.359578016271356,1.5260796647430868,1.4402518199757823,96.0,82.0,251.0,39.0,0.13206049731688668,0.12002903343326825,0.11486028437462828,0.14527954704142257,0.4152860165591389,0.4005670923853131,0.4814722115817459,0.4226912519018314,0.31799890208458437,0.29964776367053647,0.238560568214905,0.3437013337459921,0.009341167968163963,0.07943833386967936,0.043519555067955254,0.10514076553108709,0.0746999931448991,0.06108719545563146
749,PO4P,-0.5400015571521226,-0.47451097940092773,-0.48011203396674934,-0.3390915057392532,-2.758552745595376,-1.9145791368934144,-2.370301147856701,-2.4685348706406565,87.0,62.0,214.0,33.0,0.8178040329770256,0.7502731800342806,0.9043841491338623,0.537293876624229,0.42237190363020116,0.3814947033026386,0.4836867875647556,0.4296795325786653,1.9362178827430643,1.9666673574733515,1.8697722831901504,1.2504525719429322,-0.05988952318537327,0.06644559955291385,0.14102052822749617,-0.6193197112472182,0.005601054565821606,0.0968950742832011
750,DOC,-0.055712065639268754,0.13335947237120463,0.018129179112677127,0.06508719394526284,0.9193860973141611,1.0680229887232502,1.0306416176985156,1.0305479872784227,75.0,45.0,152.0,28.0,0.1404348314116572,0.13353412852435922,0.11264064482259678,0.09830352418018984,0.37627842545867757,0.43614038032102714,0.4869211236151215,0.5269702455842498,0.37322052477621936,0.306172357684628,0.23133242605352988,0.18654473379460185,-0.07384124475194588,0.14188809872268948,0.046958014832585715,-0.044787692258928036,0.1152302932585275,0.07483993163109814
750,NO3N,0.30809286058897156,0.24675989086704467,0.27109828908301514,0.2670564688293636,1.4086867441477464,1.2451712360760507,1.3780196120737174,1.2865020100060636,96.0,86.0,227.0,35.0,0.18475033539863836,0.1944582613658491,0.1879468412620401,0.18206850520802093,0.3747660299148291,0.47728626073757,0.47392524902190175,0.5070672140079864,0.49297513822324157,0.40742480427855765,0.39657486417938115,0.3590618761739806,0.03699457150595642,0.09640027404386042,-0.004041820253651518,-0.03751298800540054,-0.024338398215970475,0.010849940099176503
750,PO4P,-0.3704742522295845,-0.5181941481999986,-0.3037036645096609,-0.30492906915631945,-2.522093074156917,-1.3821156641286851,-2.1016955029097546,-2.2183108334855137,95.0,74.0,218.0,33.0,1.1754112342642045,0.8144354695672201,1.0842164166293986,0.8958802037748278,0.37531437790741967,0.47559933585759206,0.4725328023710864,0.5165559821607206,3.131804437703018,1.712440300402533,2.2944786291850883,1.7343332275960066,-0.06677058771992361,0.8373258085179298,-0.0012254046466585455,-0.5601454015890817,-0.21449048369033774,-0.5820383287825552
751,DOC,0.015568904751808608,0.0670789723836243,0.003313022605905523,0.07530461773580457,0.9748330415023361,1.1244618488416225,1.0306974412845007,1.0298473890016149,73.0,50.0,165.0,24.0,0.10008507989282897,0.1098146355750528,0.1186238786618291,0.10421903130524426,0.4013987954725824,0.5105491979010497,0.5739969435978446,0.5111849756813576,0.2493407579237873,0.21509119204675775,0.20666290994214717,0.20387733650882617,0.012255882145903086,0.04267784798164012,0.07199159512989906,-0.0027855734333210036,0.06376594977771878,0.00842828210461058
751,NO3N,0.23524376622736437,0.2676151697750949,0.25368346308238565,0.18779643790471945,1.7958130488676602,1.696957719857995,1.772903416188238,1.7430647203396294,96.0,87.0,239.0,34.0,0.19235689439000547,0.19533642238155816,0.19117114751336098,0.19573292655239305,0.395241432079147,0.5335778533769405,0.5565004424216201,0.4787003637559224,0.48668200946981194,0.36608794976272147,0.34352380149326894,0.40888401466139784,-0.01843969685502128,0.143158207976543,-0.0658870251776662,0.0653602131681289,0.013931706692709267,0.022564148269452522
751,PO4P,-0.6244328089197644,-0.36972559656926857,-0.19057150040782295,0.08102842977520641,-2.8370540742800268,-1.8220627150406847,-2.1577952862007517,-2.1852820365833834,94.0,76.0,230.0,32.0,1.3808677526363151,0.9545794202950941,1.2051533052558985,1.176558689587144,0.39842563764805705,0.5400986136855632,0.5556670896333743,0.492698732681376,3.4658104854589773,1.7674169051854576,2.168840530129382,2.387988057497226,-0.43386130851194143,1.2969699553295952,0.27159993018302936,0.21914752736784404,-0.17915409616144562,-0.4014236249439245
752,DOC,-0.16238991051587304,0.12890521749047817,-0.056102945536825176,0.026945790292073044,1.1078492176093375,0.7399482847945467,1.045759895557018,0.9504009482153917,68.0,55.0,165.0,24.0,0.14978459621651644,0.12701282335053168,0.12621908980161822,0.09553074750008947,0.4143305002195592,0.42616649898871817,0.5389277383045775,0.47188463712192624,0.3615099446870158,0.29803568241973444,0.23420410721239387,0.2024451316803647,-0.10628696497904785,0.12730583747462193,0.08304873582889821,-0.031758975532029166,0.18500816302730336,0.06383157520734056
752,NO3N,0.16801145971329356,0.1956661571575207,0.20258088864935306,0.15762380022769332,1.3007141730629774,1.0647724041715751,1.1758112198962363,1.228462845235024,96.0,89.0,237.0,34.0,0.27250355952818794,0.1859602340723434,0.2289409874187948,0.22089879600994197,0.41089870501299114,0.4602052457815039,0.5211744060278157,0.4552111002638435,0.6631891417607957,0.40408108290150513,0.4392790297660471,0.4852667166549926,-0.03456942893605949,0.22391011199474858,-0.04495708842165974,0.0459876868889455,-0.00691473149183236,-0.035197946864541974
752,PO4P,-0.46857909941662135,-0.49219552310500436,-0.33366131343856675,-0.21729944739672247,-1.7447045293492347,-1.0941336641156503,-1.7714802102925624,-1.990211640382638,94.0,78.0,228.0,32.0,1.2044362913728914,0.9430784965817567,1.1207395860256137,0.9033281303422707,0.41529454191673887,0.4532673292196968,0.5240819174475895,0.4621143769376782,2.9001977387277225,2.080623146180144,2.1384816928694983,1.9547717522411028,-0.1349177859780546,0.7617160458582242,0.11636186604184429,-0.18370994062839552,-0.1585342096664376,-0.057858546689354196
753,NO3N,0.32162216803763805,0.1860289452130663,0.19319517021345803,0.3272577596664905,1.0765137538579286,1.1258488642910396,1.220128626186295,0.865166406968227,72.0,64.0,162.0,26.0,0.26856462704797085,0.16695916651248818,0.21773115372277743,0.21009413368339627,0.39634646467573553,0.5061305365383372,0.4865876893248485,0.3719411625799141,0.6776006625104949,0.3298737271503115,0.44746539729536594,0.5648585174765541,0.12842699782418002,0.23013526521512895,0.13406258945303248,0.11739312018118819,-0.0071662250003917405,-0.11759167014505445
753,PO4P,0.06646576936345472,-0.7671807393358955,-0.5161617471069737,0.21439143381846576,-1.9521725077829997,0.3749633543269941,-0.6839158708750264,-2.3817754006153056,70.0,53.0,153.0,24.0,1.08796683745892,0.8919207163904365,1.1300946036329527,0.8973722208386934,0.4015466043934541,0.5029413225299303,0.4909267938477397,0.37813599557400107,2.7094410102217656,1.773409096520117,2.3019615506735818,2.373146781428477,0.5826275164704284,0.4074794595481839,0.7305531809254395,0.07118523075489502,-0.25101899222892177,-0.5285524541534647
754,DOC,-0.145535969211438,-0.06149288947907675,-0.15261879870008976,-0.08416385159253027,1.4204325367633859,1.6109291663509102,1.4541509576833829,1.5880587292080413,64.0,48.0,177.0,23.0,0.16968341272029994,0.1206181506043917,0.164689478931169,0.16771172256276679,0.45156102188133607,0.5691727816474045,0.8015977385056667,0.6124401675144351,0.37577072532378664,0.21191833919970043,0.20545152639549863,0.27384180767146343,0.007082829488651771,0.170319198928288,0.06845494710755949,0.0683902812759648,0.09112590922101302,0.006466812804201805
754,NO3N,0.8128104214561619,0.44341781148102954,0.5913408675929075,0.4534277060341901,2.978076150293714,1.9123276807645433,2.386781153043903,2.0446935842564105,96.0,88.0,237.0,35.0,0.3973294858334465,0.35299984840434206,0.44233045159368084,0.40613977410161206,0.4550203799995916,0.6089232623525127,0.7825015420558629,0.8916512137344006,0.8732125049735203,0.5797115502544004,0.5652774184080813,0.4554917526558657,0.2214695538632544,0.307935086565439,-0.1379131615587174,-0.1097856657522156,-0.14792305611187795,0.014434131846319032
754,PO4P,-0.6268422357317429,-0.6760973425494569,-0.40131905524978717,0.07559796684921996,-2.460220777093162,-1.3478773121332246,-1.8941918107961173,-1.291889635874428,94.0,74.0,232.0,32.0,1.0452242852148532,1.0866508286625847,1.2613189112525915,0.9288892790927503,0.4482909896786399,0.6207785313863478,0.7868961814159454,0.9346511685311296,2.331575492882711,1.7504645758863988,1.6029038404824474,0.9938352514474095,-0.22552318048195574,0.7286716524002637,0.4769170220990071,-0.6090685890350379,-0.2747782872996697,0.14756073540395143
756,DOC,-0.10270485546040276,0.010312983145960138,-0.031474418577523956,-0.036543803161872425,1.2595651340846368,1.4658528782175482,1.3815622366820177,1.39318398414885,64.0,47.0,143.0,20.0,0.06919139313534511,0.07588439979568563,0.07570772762071207,0.0702234326594457,0.4609124917359206,0.6413768428162053,0.6991648897526443,0.5988269646042548,0.15011828573955913,0.11831484196168783,0.10828307990050315,0.11726832091780315,-0.0712304368828788,0.04183520583905598,-0.005069384584348469,0.0089852410173,0.041787401723484094,0.010031762061184682
756,NO3N,0.6118702427980893,0.42238378096317103,0.4598194553497392,0.46515023043971115,1.7769502095843075,1.2497337977879872,1.461653525038669,1.3333835454027758,84.0,78.0,214.0,30.0,0.5060668170932396,0.4078668792248218,0.4348786529112943,0.44783042917186083,0.485131392640139,0.7156689608258345,0.7549015683425545,0.7463803155490473,1.0431541326137808,0.569909974514153,0.5760733202159116,0.6000030009398504,0.1520507874483501,0.46708081239786914,0.005330775089971929,0.02392968072393875,-0.037435674386568196,-0.006163345701758582
756,PO4P,-0.3446338691424395,-0.7277233325899893,-0.4579604988582618,0.06254030612500978,-1.9761540993360123,-1.1844538461519185,-1.7824914014314608,-1.6541264082098497,84.0,67.0,201.0,30.0,1.4582390890672428,1.359353236155267,1.342807901104013,1.2101606838834404,0.485131392640139,0.7019851463560536,0.7111236477694268,0.7463803155490473,3.0058642074909714,1.9364415945430702,1.8882903209814255,1.6213727220193772,0.1133266297158223,1.117573886509546,0.5205008049832716,-0.26691759896204825,-0.26976283373172755,0.048151273561644725
764,DOC,0.3957922383433342,0.7740843703692447,0.6361840106692398,0.5617954141909055,1.6636563573393406,1.9397935629161134,1.8645262598114143,1.938895783531269,64.0,59.0,141.0,12.0,0.1727703211409297,0.3070288737046024,0.20467564355557494,0.20714901259085297,0.16745790363159824,0.3844875175244584,0.2590536872080316,0.32021270258652546,1.0317238983298072,0.7985405499804591,0.7900896750842666,0.6469106656844094,-0.24039177232590558,0.2416342232455405,-0.07438859647833429,-0.14317900939985728,0.13790035970000492,0.00845087489619245
764,NO3N,0.9225861999883233,1.0157875228154154,1.2043287366217932,1.2429722622456858,1.7762685970821428,1.4895916421242468,1.783839745662742,1.762611769935061,84.0,79.0,238.0,18.0,0.23454106223309484,0.4404956876915568,0.3662174297132321,0.41839201190866154,0.17305377027174598,0.371082537478427,0.26698813342637584,0.2873827890915586,1.3553074392126534,1.1870558250593108,1.3716618226188677,1.455870107013834,-0.28174253663346993,-0.016354383406214312,0.038643525623892616,0.0842082843949663,-0.18854121380637778,-0.18460599755955687
764,PO4P,-0.22802465851235387,0.21661044684582967,0.20070662731264916,-0.09317886652147568,-3.86882096466154,-3.2547890422830212,-3.197482743771472,-3.5690202960889437,83.0,70.0,225.0,17.0,0.32389478415615164,0.6527421133605866,0.6822621419112821,0.17024621441247936,0.17405652772353142,0.37767347674822177,0.26670563306734424,0.29555237036634013,1.8608597355832635,1.728323945278638,2.558109231007536,0.5760272340277882,-0.42873128582500303,-0.6972494954242727,-0.2938854938341248,-1.982081996979748,0.015903819533180513,-0.8297852857288981
768,DOC,0.5588455266713621,0.414399605126628,0.48289833499367724,0.4801178228007612,1.9329182342870215,1.9916757024988088,1.927730048439387,1.9169566349737412,50.0,39.0,130.0,33.0,0.17802734841126594,0.19643805132182804,0.21244565453075684,0.22700167640178123,0.3010188721215425,0.4316124455084066,0.44647953982732874,0.4712068475915342,0.591415904114423,0.4551260126209729,0.47582394170384146,0.48174528354595925,0.07594719167768488,0.11559196241058156,-0.0027805121929160292,0.005921341842117789,-0.06849872986704925,-0.02069792908286855
768,NO3N,0.8095159343000881,0.7154782279215127,0.9378105437993537,1.1212004888375073,1.4373270046783588,1.127970242314039,1.331971225337892,1.1977528463304394,85.0,67.0,198.0,45.0,0.30774453377431094,0.39565385709546663,0.41279116546716993,0.46921082376058443,0.3254000611238288,0.45120510432171473,0.43602587441185253,0.4187706383479309,0.9457420896340915,0.8768824938056565,0.9467125454973894,1.12044823775526,-0.12829460949926563,-0.0009704558632979143,0.18338994503815365,0.17373569225787067,-0.22233231587784097,-0.06983005169173284
768,PO4P,0.27203843334354155,-0.36361851493533837,0.511686032925488,0.25327024015877675,-3.290681709731626,-2.5931189073460157,-2.918261311395671,-3.1909594468717493,81.0,57.0,192.0,41.0,0.7449092110645043,0.8362494721339585,1.0393993470492404,0.4958760641406825,0.32413266027978055,0.4533379718307742,0.43866215479167203,0.4312490520138822,2.2981615318293547,1.8446490788248393,2.3694757701239775,1.149860067691743,-0.23964759958194642,-0.0713142382946228,-0.2584157927667112,-1.2196157024322345,-0.8753045478608263,-0.5248266912991382
769,DOC,0.6683872271683085,0.5960803655537402,0.6333529190826325,0.577276688627714,1.9841416914810712,2.1146842483119377,2.034153110740499,2.0838591117728797,54.0,45.0,140.0,25.0,0.22944054146116727,0.2805066563328578,0.2614450121109217,0.2755003614753625,0.3052475494705428,0.4430307266460198,0.417130740129494,0.4838196701769038,0.7516539997098615,0.6331539540303303,0.6267699475463226,0.5694277815836395,0.03503430808567598,0.12488405216353882,-0.056076230454918496,-0.057342165962683156,-0.03727255352889225,0.006384006484007609
769,NO3N,1.1842422686870828,0.8631503924616141,1.071513998764926,1.207374256834545,1.612004744275942,1.2099111763284824,1.3802954403239354,1.2657017696061628,85.0,70.0,228.0,37.0,0.4044513115252081,0.42489568376538744,0.4674524220292708,0.5903369383691556,0.31605002512370695,0.45785441125566273,0.4381723439154632,0.45073948954553583,1.2797066267180313,0.9280148303040563,1.0668231998673485,1.3097076073018825,0.11272826992215679,0.21288342685068273,0.13586025806961888,0.242884407434534,-0.20836360630331197,-0.13880836956329223
769,PO4P,1.0050753719849286,0.4365208119218409,0.804710551411067,0.4891531809650765,-3.165063088176871,-2.991054302568997,-3.0868585936232447,-3.1964295969609724,83.0,56.0,211.0,34.0,0.8490618889257323,0.7735401960037285,0.9281347389542633,0.607093694742438,0.3148603082945937,0.43348821042501,0.42902876373001686,0.4542889946955357,2.6966304312048184,1.7844549803218805,2.163339191724517,1.336360118407253,0.20036482057386162,0.5332912394803015,-0.31555737044599047,-0.8269790733172637,-0.36818973948922606,-0.3788842114026363
772,NO3N,0.9497042381159351,0.5741250356073383,0.7126283255552456,0.6629718770572115,1.0545103158997606,0.37154449948380036,0.6578575161664341,0.57294998591981,72.0,58.0,158.0,36.0,0.5680097743356664,0.3704438551621599,0.4440793030895547,0.36420268854382143,0.5750871822495179,0.5090817855965557,0.5666743992636067,0.48723234700906426,0.9876933304509283,0.7276706133338945,0.7836586647758141,0.7474928353577599,0.2370759125606895,0.2040346656751142,-0.04965644849803408,-0.03616582941805424,-0.13850328994790728,-0.05598805144191965
772,PO4P,0.6495782488835579,0.2904572306401364,0.46827502055772613,0.2888233102600168,-2.1408511728660735,-2.3678340546760324,-2.29879996107404,-2.384619519582498,70.0,44.0,140.0,34.0,0.45119043813777615,0.29895027072408814,0.3698071762931057,0.2961369239714959,0.567816610249825,0.4907243017468496,0.5718210964618927,0.4999634158292021,0.7946059167576371,0.6092020909906106,0.6467183155383117,0.5923171868092493,0.18130322832583173,0.14788760121932543,-0.17945171029770934,-0.05440112872906244,-0.17781778991758973,-0.037516224547701094
773,DOC,0.09582903224701733,0.1544485295672156,0.15701859580441999,0.20835286205446332,2.2564278186448594,2.4774740457375612,2.3846338399930938,2.3291351259501725,80.0,60.0,212.0,26.0,0.13759263236286304,0.14271727791104127,0.16531884317179235,0.1652369780222671,0.7447900206127083,0.5856304027361958,0.741257438287072,0.4840147648570402,0.18474016642928595,0.24369854646246905,0.2230248691383359,0.3413883005636655,-0.061189563557402654,-0.03828470270904996,0.05133426625004334,0.11836343142532957,-0.002570066237204377,0.02067367732413314
773,NO3N,0.8262201326158106,0.5437905593696893,0.7214540773552695,0.7534259606335768,1.0703235946059277,0.9151518395119436,0.9169807166774882,0.703370110045083,87.0,77.0,229.0,29.0,0.6347566007232168,0.39621777159467575,0.5563131519833501,0.5049023669901488,0.7673880277907211,0.5986680803730405,0.7416393448179099,0.5054935441181068,0.8271651077886311,0.6618321313335856,0.7501127817321209,0.9988304951965522,0.10476605526054117,0.07705232605651013,0.031971883278307356,0.24871771346443128,-0.1776635179855801,-0.08828065039853528
773,PO4P,0.11865765919895871,0.44935694155629885,0.3522677831629654,0.6439940083946046,-3.586070522462633,-3.2181933663331868,-3.226511568367713,-3.61650004059994,87.0,77.0,227.0,29.0,0.5816543524512358,0.4017893596355365,0.5043335142326736,0.5108563076491212,0.7673880277907211,0.5986680803730405,0.7451910849426648,0.5054935441181068,0.7579664151469693,0.6711387708948413,0.6767841489562064,1.0106089654228332,-0.2336101239640067,0.08118226619076285,0.2917262252316392,0.33382481646662676,0.09708915839333343,-0.005645378061365114
774,DOC,0.13379602747565084,0.17713166902150293,0.17187453861073085,0.17042576283695407,2.5677525022631045,2.6147134764710707,2.553604665304758,2.5877313975462286,62.0,42.0,146.0,26.0,0.16082143395113513,0.13446864292264718,0.15111773849952484,0.1465445311417459,0.7501261283223186,0.555074546630844,0.7358989133198645,0.6345162934876505,0.21439252397569122,0.2422533040630963,0.20535121844084078,0.23095471723232916,-0.03807851113508001,0.009041305534850441,-0.0014487757737767781,0.025603498791488377,0.005257130410772082,0.036902085622255526
774,NO3N,0.37390282211896025,1.0244113357007645,0.7574793311325281,0.9187141572987413,0.29070867373577,-1.3308714481121535,-0.36336185315101743,-0.820769963323492,84.0,76.0,226.0,34.0,0.5223053394599358,0.6802814881997578,0.6732165620852546,0.6946888436497057,0.8158950530891659,0.5611179528499878,0.7148221451031663,0.6856197248894329,0.6401624050573269,1.2123680676130992,0.9417958952406168,1.013227622297091,-0.3835765090135678,-0.3016334901832899,0.1612348261662132,0.07143172705647427,0.2669320045682364,0.27057217237248243
774,PO4P,0.012982958877351793,0.5000863230007969,0.35249494553237415,0.5845489574267451,-3.0345415426379487,-3.0919669615612806,-3.0459810510675567,-3.545441454046319,84.0,67.0,211.0,34.0,1.4093790601908693,0.5208769826764126,0.9505994567693089,0.8277084582899698,0.8158950530891659,0.5504722892824164,0.7248252656633372,0.6856197248894329,1.7274023844790294,0.9462365187454147,1.3114877499466722,1.2072413150357524,-0.33951198665502236,0.4159146345323572,0.23205401189437092,-0.10424643491091978,0.14759137746842277,-0.36525123120125746
775,DOC,0.40917396958484975,0.3982435042219318,0.5017789366604353,0.4977309840801999,2.686863745051236,2.6990049179585824,2.684534044402956,2.670503389267789,62.0,43.0,149.0,22.0,0.3041411132585621,0.28822908844923806,0.34476516122368106,0.3388749290621398,0.6784801818939244,0.7469083217227864,0.7051156270146738,0.718733075965112,0.4482682344671821,0.3858962071602326,0.4889484050769823,0.4714892640875054,-0.09260496707558552,-0.04068017060980017,-0.004047952580235381,-0.017459140989476873,-0.1035354324385035,-0.10305219791674969
775,NO3N,1.243148256685141,0.9795635943768873,1.1753103788103245,1.1755954827280775,0.5981627663099338,-0.1206976743607936,0.24674659707269841,0.049005224581508466,85.0,67.0,230.0,37.0,0.8144759687722765,0.6299917614866941,0.7650685437082814,0.6925577124237692,0.6964338365010738,0.7263728064109927,0.7271474016401416,0.6476271652029009,1.169495113655381,0.8673118761142543,1.0521505570708298,1.0693771812471635,0.06783787787481654,0.11734455658455123,0.000285103917752938,0.017226624176333694,-0.19574678443343718,-0.18483868095657552
775,PO4P,0.7315735438976625,0.7913903735265302,1.0028732986542268,1.1139364610152978,-3.0602625554748215,-2.948624448200299,-3.013640185336472,-3.0441749331715577,83.0,58.0,221.0,33.0,0.8267375833764739,0.7426826680514024,1.0631457868336214,0.8880955624230545,0.694230555635437,0.7313863546727601,0.7366336762051218,0.6673931440825274,1.1908689075486625,1.0154450699093183,1.4432489596600788,1.330693265727099,-0.2712997547565643,-0.25238005211141634,0.11106316236107094,-0.11255569393297993,-0.21148292512769662,-0.42780388975076056
776,DOC,0.38241331003219026,0.2624478750957823,0.3841348782404263,0.36002991389864425,1.8256038992858654,2.26102462941072,1.8882542008961885,1.9707504021982256,90.0,72.0,233.0,37.0,0.27061439313462265,0.17954941515445916,0.259271101023686,0.2625886051590209,0.6213861246230197,0.5882387653828651,0.6544913669778599,0.6884444621828305,0.43550118422550554,0.30523220454129096,0.39614136122357224,0.3814230770720981,-0.0017215682082360462,0.0393598230019333,-0.024104964341782054,-0.014718284151474137,-0.12168700314464398,-0.09090915668228128
776,NO3N,0.678420401864051,0.7184729976218694,0.7501939813614881,0.7663952193110047,-0.2373177966809168,-0.7680991769325483,-0.5552987961901312,-0.6533489621180153,96.0,89.0,258.0,37.0,0.4697439702900566,0.46656190209342846,0.512195542114894,0.5398642066747019,0.6273149060484287,0.5928798263410076,0.6457678602341858,0.6884444621828305,0.7488168474252586,0.7869417736353798,0.7931573769080856,0.7841797506264636,-0.07177357949743712,-0.044340529482827074,0.016201237949516667,-0.00897762628162202,-0.031720983739618624,-0.006215603272705872
776,PO4P,0.6478391085559315,0.5559887394858236,0.5958952296260885,0.799533945346468,-4.373484989143417,-3.682259127954026,-3.997808978455938,-4.511850259516285,96.0,76.0,247.0,37.0,1.2656878546709374,0.5372908242280278,0.9173907174931688,0.9311798102780774,0.6273149060484287,0.5874053769212441,0.6570628860003765,0.6884444621828305,2.017627578218628,0.9146848928147702,1.3961992634790867,1.352585228626305,0.05194387892984298,0.6214283147395414,0.2036387157203795,-0.04361403485278181,-0.03990649014026493,-0.48151437066431657
778,DOC,0.1751487700054123,0.38691193811646724,0.42564707416593583,0.5124141108359129,1.9222101502384068,2.068597717306949,1.9977807996407446,2.1034686851012006,72.0,49.0,133.0,22.0,0.157480414603588,0.20539599898164804,0.21078765702005844,0.25533188850386046,0.3033220772113168,0.384772495753242,0.3384109815949475,0.3862352918955942,0.5191854679732902,0.5338115412318096,0.6228747543197503,0.6610786063871162,-0.25049830416052354,-0.10368928634646002,0.0867670366699771,0.038203852067365984,-0.0387351360494686,-0.08906321308794063
778,NO3N,1.0420322428646271,0.8947263241728381,1.0944444484107507,1.2498715565241287,0.9207743100606124,0.5241738513202088,0.7003391338214077,0.6233342569828524,96.0,90.0,210.0,36.0,0.39661093432019423,0.44539092589638235,0.4339016416889276,0.5282856767080794,0.3015169260600673,0.37193247768744764,0.33178378283485865,0.3749149066303486,1.315385306897108,1.1975047962083734,1.3077843587819264,1.4090815472134544,-0.05241220554612358,0.007600948115181527,0.155427108113378,0.10129718843152791,-0.19971812423791258,-0.11027956257355309
778,PO4P,0.9095690285593497,0.8430299006233677,1.0721435197511229,0.9258450829190334,-3.8759142517020586,-3.669605449164939,-3.682879935937169,-3.7555483105421708,95.0,77.0,202.0,34.0,0.5108572016559638,0.5256743859290426,0.7403343969556726,0.6068795853800958,0.3021991274619441,0.37880630004889443,0.33625737370189845,0.3719321851408159,1.6904655084429256,1.387712891420209,2.201689702162486,1.6316941894940533,-0.16257449119177314,-0.5112241937195603,-0.14629843683208943,-0.5699955126684326,-0.22911361912775519,-0.8139768107422769
781,DOC,0.5740875225522586,0.62032515204819,0.6538699566816087,0.6431854473578938,1.6598364969800452,1.8514017621674965,1.7410919520839148,1.7860437809046108,60.0,57.0,153.0,18.0,0.21288129822937452,0.25952311011278395,0.24315111574746773,0.2696553029068294,0.32207015991568,0.347254293978309,0.3576639871797458,0.402512511783587,0.6609780250523929,0.7473575262081421,0.679831138898731,0.6699302382227835,-0.07978243412935015,-0.018853113846338143,-0.010684509323714897,-0.00990090067594751,-0.03354480463341869,0.06752638730941107
781,NO3N,0.5621813079351874,0.681180028494415,0.6121196484548084,0.5829478619357052,1.0709735602665886,0.8757781780169049,1.0128374056766538,0.9758151426476985,60.0,57.0,153.0,18.0,0.19588731366994558,0.2796137153292658,0.2463212505715418,0.26671904261056933,0.32207015991568,0.347254293978309,0.3576639871797458,0.402512511783587,0.6082131723138527,0.8052131253033021,0.6886945831864024,0.6626354083471876,-0.04993834051962098,-0.08048141087254967,-0.029171786519103127,-0.026059174839214827,0.06906038003960657,0.11651854211689971
781,PO4P,-0.4274458940286753,-0.025655734935581924,-0.336283252223822,-0.2448065570284368,-2.65210189683544,-2.432309879614865,-2.5134642197224846,-2.4518086359805498,60.0,57.0,153.0,18.0,0.24360882589965474,0.20254492623331039,0.28978103557854107,0.1640450039186127,0.32207015991568,0.347254293978309,0.3576639871797458,0.402512511783587,0.7563843417329723,0.5832755123424398,0.8102046780374066,0.4075525582837345,-0.09116264180485328,-0.05382033630443428,0.0914766951953852,-0.4026521197536721,0.31062751728824006,-0.2269291656949668
782,DOC,0.7372361324260578,0.5875541197711786,0.6937322644424243,0.740839468752915,1.0620765357376438,1.4250518249062067,1.1724739809000226,1.2083786401181218,71.0,55.0,159.0,27.0,0.1871283515194857,0.2126401977260399,0.1910026790689433,0.2406422013836835,0.23180952855839054,0.24332567308826486,0.2511720927743075,0.2894472458699705,0.8072504727619508,0.8738913367719566,0.7604454657332099,0.8313853554225495,0.04350386798363348,0.04680500702874091,0.04710720431049065,0.07093988968933962,-0.10617814467124576,0.1134458710387467
782,NO3N,0.73252871445315,0.6723665486022747,0.7959476340964925,0.6619522944717007,0.3675016768025049,0.24886513957844758,0.24563399982145961,0.30107630502968263,96.0,85.0,233.0,42.0,0.21664972221290166,0.20520828415559564,0.23109834587256942,0.23798835929035048,0.23233392979184364,0.2565862697206553,0.2516384904355805,0.2883915323320814,0.9324928236138647,0.7997633091552611,0.9183743928543818,0.8252265847261703,-0.06341891964334245,0.014118430759482825,-0.13399533962479182,-0.09314780812821155,-0.12358108549421776,-0.11861108369912077
782,PO4P,-0.4080694811745685,-0.4647701985024592,-0.08864528795294657,-0.2379220145818464,-2.401650005746234,-1.948255786248145,-2.441851747024384,-2.3393565632246305,94.0,74.0,225.0,39.0,0.38961671605247444,0.5045197093679968,0.4904053746386526,0.317370702003949,0.23329294416273594,0.2578877309864309,0.2535821711938895,0.2704580585132212,1.6700750099869854,1.956354059335001,1.933911096074998,1.173456260643957,-0.3194241932216219,-0.26383608608801246,-0.14927672662889982,-0.760454835431041,-0.37612491054951264,0.022442963260003168
783,DOC,0.6383180948101653,0.650219887185689,0.7137744972577753,0.6339909540105142,0.2177827096628122,0.3974172584787916,0.13708289134707097,0.35406574537895197,75.0,57.0,181.0,23.0,0.1707272572360408,0.21732967939041622,0.19531256035368136,0.18191591617147024,0.24256151301696152,0.283856753518053,0.2622613954791234,0.25020985261241846,0.703851386448527,0.7656315261021058,0.7447247811553289,0.7270533684908991,-0.07545640244760998,-0.04087339470680196,-0.07978354324726111,-0.017671412664429842,-0.06355461007208629,0.020906744946776912
783,NO3N,1.066825575281395,0.7222806832014418,1.005938050592479,1.0086631765121428,-1.3345361689119242,-0.6653532111407772,-1.2703115269612555,-1.360321003811241,96.0,90.0,264.0,30.0,0.3229467996075787,0.27580411109961095,0.3267932569294478,0.3109941140432217,0.2337978743557107,0.2984194053385163,0.2729170679473591,0.2793942566015066,1.381307680822764,0.9242164087377248,1.1974086464701448,1.1131013136278791,0.060887524688916006,0.18389903435261923,0.0027251259196636735,-0.08430733284226566,-0.2836573673910373,-0.27319223773241996
783,PO4P,-0.5451319980582859,-0.4719869580069523,0.00428006126907338,-0.14978303495360046,-1.8305491241147527,-1.2141063353190555,-2.5532769349564894,-2.322125393546904,94.0,78.0,257.0,27.0,0.7979080802241272,0.6775002420687812,0.8243448211684485,0.5788702621115136,0.23488869054426345,0.2959610083007596,0.27123210191827984,0.2373764781216369,3.3969625288270993,2.2891537164257,3.0392597901881735,2.4386167774167067,-0.5494120593273594,0.35770273863892577,-0.15406309622267383,-0.6006430127714668,-0.47626701927602566,-0.7501060737624736
785,DOC,1.0860653854564208,1.0081990808763666,1.199885348883355,0.9942676545269986,1.66469963355918,1.594996067601734,1.6831545372248125,1.5979020024637758,85.0,37.0,162.0,28.0,0.18548802096893588,0.24116236914525838,0.22519067227392195,0.19512600187600113,0.135761472882909,0.2084848728487859,0.16433630901694127,0.1618929701281994,1.3662787905145581,1.1567379726402187,1.370303821602244,1.205277793850377,-0.11381996342693412,-0.004025031087685926,-0.20561769435635635,-0.16502602775186714,-0.1916862680069884,-0.21356584896202535
785,NO3N,2.8359732239585727,2.2615037232052306,2.756672947943761,1.8448297706764458,0.9647448433644356,0.10402162485261957,0.6125173459730909,0.23689840901594833,97.0,90.0,239.0,30.0,0.44645556427556693,0.6483478766772165,0.5270668663771487,0.5736611515556986,0.13426196263317927,0.21486872599672638,0.1606411584056255,0.1613799809684469,3.325257247246863,3.0174138822189245,3.281020079837094,3.554723133025162,0.07930027601481182,0.04423716740976902,-0.911843177267315,0.273703053188068,-0.4951692247385302,-0.2636061976181696
785,PO4P,-0.0727462284769631,0.19620861995861383,0.008599757247667603,-0.5045688712865795,-2.6002305307550593,-2.1773570567504996,-2.3875646308920233,-2.568660948948374,97.0,68.0,237.0,30.0,0.3619179200317634,0.3132969822524797,0.3104572304417413,0.33999841625422783,0.13426196263317927,0.21356764098087752,0.1604211896274834,0.1613799809684469,2.695610230431154,1.4669684078241598,1.9352632352537653,2.10681903798653,-0.08134598572463071,0.7603469951773887,-0.513168628534247,0.17155580273276483,0.18760886271094623,-0.4682948274296055
786,DOC,0.735877087411222,0.7126749259920152,0.9419868916261812,0.7877206925226825,0.17430922793221992,0.4137006535976313,-0.030127023413514475,0.20233631045097944,96.0,59.0,215.0,38.0,0.1830104225839677,0.25320297829587585,0.25384316497585896,0.19851447035037834,0.1398586166434113,0.19421145452870622,0.1676907390843564,0.18252763946226297,1.3085387727706321,1.3037489416385075,1.5137578041692799,1.0875858085669299,-0.20610980421495917,-0.20521903139864772,-0.1542661991034987,-0.42617199560235,-0.229311965634166,-0.21000886253077233
786,NO3N,1.4565567160750352,1.1316374319830762,1.3521259921677162,1.4453131241296155,-1.6877605456879348,-1.5569449920366516,-1.7040676201937024,-1.9255459835186097,96.0,88.0,234.0,38.0,0.22333480279732892,0.2769500596432185,0.2495574919732773,0.2853062338976656,0.1398586166434113,0.20431630263021378,0.1710857183195467,0.18252763946226297,1.5968612314159492,1.3554966298722746,1.4586693408690277,1.5630851017314107,0.104430723907319,0.1381918905469215,0.09318713196189932,0.10441576086238302,-0.22048856018464003,-0.10317271099675307
786,PO4P,-0.297447393944181,-0.13926645936156454,0.25183343511703343,-0.23543451489260905,-2.821508596796802,-2.4996980886437905,-3.4104938687128232,-2.7169409603802075,96.0,70.0,228.0,38.0,0.22011144191217016,0.5213728056200851,0.47513240874911894,0.24835181186785596,0.1398586166434113,0.195829264808821,0.17175253168183435,0.18252763946226297,1.5738139500791322,2.6623845324092756,2.7663779048642225,1.3606257802901238,-0.5492808290612144,-1.1925639547850904,-0.4872679500096425,-1.4057521245740987,-0.39109989447859794,-0.10399337245494689
787,DOC,0.9513028342628034,0.7778593838464031,0.8959393239851505,0.9170271224067535,1.478059694794372,1.6309976020238264,1.5280886320866496,1.5506864979129853,60.0,36.0,114.0,30.0,0.20200212257166708,0.2032658720711492,0.2202309207703777,0.2858468985710282,0.20697754238537325,0.2418109253253516,0.24063282218113607,0.2928153482294136,0.9759615475361941,0.8405983799022281,0.9152156334043207,0.9762018975421815,0.05536351027765285,0.06074591413187347,0.02108779842160302,0.06098626413786079,-0.11807994013874745,-0.07461725350209258
787,NO3N,0.7862649320509721,0.5418696714349799,0.7450829676854321,0.6126892563472587,0.5835741641000269,0.2575698912894725,0.4361304712057476,0.368035655144496,84.0,74.0,188.0,38.0,0.2224693499117081,0.24713268082453457,0.22653041426314802,0.2485628984366228,0.2026742714195791,0.25084527238545723,0.2396778716111439,0.28998364174257013,1.0976694197713381,0.9851996749804487,0.9451453016516833,0.8571617934824125,0.04118196436554,0.15252411811965483,-0.13239371133817346,-0.08798350816927081,-0.20321329625045226,0.04005437332876538
787,PO4P,-0.28049377479712084,-0.03254134869122507,0.10340124431749531,-0.1356257768143173,-3.1233794655078793,-2.706211400169165,-2.892737169992755,-2.922467325033899,84.0,53.0,185.0,38.0,0.27922779362300054,0.3941501953363462,0.35519949957975805,0.24459600942373771,0.2026742714195791,0.24640734524567928,0.2410646386662001,0.28998364174257013,1.377717021836182,1.5995878489066981,1.4734616472372766,0.8434820942102493,-0.38389501911461615,-0.09574462540109452,-0.23902702113181262,-0.6299795530270272,-0.13594259300872039,0.12612620166942157
789,DOC,0.6338679335224293,0.3511553219059918,0.543190407594475,0.4868935668968635,2.0648899556521116,2.4590114509193572,2.142993574245432,2.1971884624596463,91.0,64.0,185.0,44.0,0.36548145620159245,0.2100959522479916,0.3155282770098171,0.3138790274097637,0.5693811311998963,0.4857932259413238,0.6004534148578078,0.6709722892738423,0.6418924621393548,0.4324802015114305,0.5254833584126368,0.4677973031486267,0.0906775259279543,0.11640910372671798,-0.05629684069761148,-0.057686055264010105,-0.1920350856884832,-0.09300315690120631
789,NO3N,0.38447613024447685,0.309777269284493,0.3444124426766492,0.3647471773315199,1.0752577085224322,0.9652243733553321,1.0369624444913623,0.9497998204129471,96.0,78.0,213.0,45.0,0.2505819450343804,0.21166677916455706,0.22842900772796598,0.26229050519068525,0.5780217128506753,0.4903685669219311,0.6030117028118344,0.6692538702460651,0.4335164916185686,0.43164834257872686,0.37881355645803394,0.391914812676763,0.04006368756782763,0.05470293516053465,0.02033473465487068,0.01310125621872904,-0.034635173392156215,0.05283478612069292
789,PO4P,0.322721111387033,0.2015399850916246,0.3454482247343565,0.30076253231665584,-3.158021276485713,-2.5776087820111657,-2.889446428379299,-2.9733443325932787,95.0,68.0,201.0,44.0,0.5351158787562823,0.4234509341210551,0.5848547598984488,0.3314897969044998,0.5814357075804385,0.4824732093640396,0.6024724581569004,0.6709722892738423,0.9203354245013442,0.8776672484659133,0.970757670296916,0.4940439451877418,-0.02272711334732347,-0.05042224579557175,-0.04468569241770065,-0.47671372510917415,-0.1439082396427319,-0.09309042183100269
796,NO3N,0.0711630848363198,0.14429706199676195,0.11012545621265148,0.03689849751596419,1.0290489087786407,0.4989226760199682,0.7493723690707169,1.0166217405944145,72.0,59.0,164.0,41.0,0.25670073732094323,0.14102362084628917,0.2159066061026754,0.19596394043925322,0.6641179315980064,0.5901711785222539,0.6792228755257199,0.6621439529453126,0.3865288454164574,0.23895375778837957,0.317872989680395,0.2959536813219801,-0.03896237137633167,0.06865585573606237,-0.07322695869668729,-0.021919308358414935,0.03417160578411048,-0.07891923189201544
796,PO4P,-0.44973469732769805,-0.01872054395434066,-0.23192865173975888,-0.3380198157307789,-0.5019166287812462,-1.8485915141540692,-1.1018530232790535,-0.5140980203664196,72.0,59.0,164.0,41.0,0.6356734956288197,0.2269493848952492,0.5072418953275845,0.5618778537047578,0.6641179315980064,0.5901711785222539,0.6792228755257199,0.6621439529453126,0.9571696010364553,0.3845484041825189,0.7467974263013126,0.8485735635060072,-0.21780604558793917,0.2103721747351427,-0.10609116399102,0.10177613720469458,0.2132081077854182,-0.36224902211879373
797,NO3N,0.029849196391996232,-0.0038469066051352667,-0.05956601308272546,0.016428569453165023,1.8202779040914625,1.7156749120429025,1.9038898829104716,1.5694834972885114,72.0,55.0,168.0,41.0,0.4390666489922459,0.26311800572376165,0.36862975013737626,0.41709160854110944,0.3136003932110037,0.45649833917658195,0.46560859898522594,0.5196779852057586,1.4000832221432298,0.5763832705248524,0.7917159411161844,0.8025962623295816,0.08941520947472169,0.6083672810270454,0.07599458253589048,0.010880321213397215,0.055719106477590194,-0.215332670591332
797,PO4P,-0.27095620292485934,-0.07440369885969265,-0.20933442809272645,-0.14710098639560104,-1.1969923751123157,-1.670261638547105,-1.3047672818378095,-1.501800598925278,72.0,55.0,168.0,41.0,0.7667356396401551,0.3898267201579168,0.6425436133861075,0.6029658198762341,0.3136003932110037,0.45649833917658195,0.46560859898522594,0.5196779852057586,2.4449447648627873,0.853949919864056,1.3800080470732368,1.1602681603637663,-0.06162177483213288,1.0649367177895506,0.06223344169712541,-0.21973988670947042,0.13493072923303379,-0.5260581272091808
811,DOC,-0.27339988875592014,-0.10478609964628602,-0.15561997494981472,-0.15622914792546352,1.6969598931994252,1.422543988738857,1.4603105880945582,1.486483448579576,54.0,55.0,132.0,21.0,0.12088201846455905,0.11818902131736335,0.11629724908300705,0.12887971446283378,0.4081275739627676,0.5834713531605946,0.6249553244499646,0.6125060876118619,0.29618684493880043,0.20256182360478803,0.18608890033117573,0.21041376905384063,-0.11777991380610542,0.1100979446076247,-0.0006091729756488029,0.0243248687226649,0.0508338753035287,0.0164729232736123
811,NO3N,0.19846259000460303,0.10980377957838176,0.16043840613591198,0.1312713036656543,0.706587972684908,0.7635871678429496,0.704467201834559,0.74707091321669,42.0,52.0,132.0,23.0,0.14124595856907202,0.0923800489938177,0.11810549512048335,0.11934424021743732,0.35330969520720124,0.5645313504724664,0.6168096586395145,0.6692586212065283,0.3997794583198098,0.1636402458720905,0.19147802481074375,0.17832305245808489,0.03802418386869105,0.20830143350906608,-0.029167102470257694,-0.013154972352658861,-0.05063462655753022,-0.027837778938653246
822,NO3N,0.18105316249104408,0.16649760465104907,0.13911157456645934,0.1871075894290095,1.7791491114994853,1.6710424767765537,1.7982087167035616,1.6332843592673711,60.0,56.0,131.0,17.0,0.1533314437747223,0.11931031651341187,0.129922446297679,0.1866301549390681,0.6501391258655275,0.5502568683856028,0.6710961489592507,0.7505723811344907,0.23584404887275903,0.21682658294380966,0.19359736529432528,0.2486504428220187,0.041941587924584744,0.04224668357843375,0.047996014862550174,0.05505307752769342,0.02738603008458973,0.02322921764948438
826,NO3N,0.2933822414967861,0.20244521866102072,0.20958490509606836,0.1476034842972642,1.0430174421620306,1.0437203030930333,1.1072128314566019,1.209041040825455,60.0,55.0,118.0,19.0,0.19406518623868685,0.15715862358848348,0.14948159311281073,0.1298894148094316,0.46978698913434147,0.49962030400626695,0.5394069202001255,0.5324529722848282,0.4130918708418966,0.31455611857301974,0.2771221271268665,0.24394532770107083,0.08379733640071774,0.13596974371503007,-0.06198142079880417,-0.03317679942579568,-0.007139686435047643,0.037433991446153225
843,NO3N,0.19105574662493682,0.13644909407235267,0.13941940156178126,0.09351704486113617,0.7538692026962632,0.7128636523716405,0.8080776248903812,0.899622391676349,72.0,60.0,139.0,41.0,0.1256655633995432,0.12931466881446418,0.1285014023576099,0.11345139932482017,0.44708392393240165,0.6034171266074891,0.6040191432599361,0.5652420534135021,0.2810782420764108,0.2143039418544393,0.21274392341951,0.20071294879722076,0.051636345063155564,0.06833431865690079,-0.04590235670064509,-0.012030974622289248,-0.0029703074894285864,0.0015600184349292834
845,NO3N,0.1076124016490587,0.13993243248688475,0.11287129691750436,0.08435149272867128,0.9768735405457558,0.7548211242532475,0.9452080184093201,0.935473546312772,72.0,53.0,144.0,43.0,0.13804046016160398,0.14808872348785362,0.15409111700526573,0.13047859991479083,0.5416011595119452,0.5879890831282967,0.6435065584097579,0.5797570727607417,0.2548747500577673,0.2518562465479334,0.23945539480756464,0.22505736634391638,-0.005258895268445654,0.015419355250202632,-0.028519804188833084,-0.014398028463648266,0.02706113556938039,0.012400851740368785
848,NO3N,0.38986433395917164,0.2172566142936909,0.24611545258077194,0.29899643994520536,0.10280666780202147,0.20987634539809175,0.16829368043313808,0.09784038576620291,72.0,67.0,153.0,20.0,0.2840614067754565,0.17055136864960382,0.22330000941613118,0.29197811870604884,0.22142952452889655,0.3138572935725426,0.25282902150767805,0.312856097446873,1.2828524442700797,0.543404190829116,0.8832056070325371,0.9332665116288185,0.1437488813783997,0.3996468372375426,0.05288098736443342,0.05006090459628132,-0.02885883828708105,-0.3398014162034212
864,NO3N,0.09815167985597045,0.130990796593695,0.1915964772574587,0.4857500018723006,1.971531522426715,1.9698919776681838,2.052851170644685,1.9560686213155127,48.0,45.0,110.0,13.0,0.1934237852442762,0.16413476406086694,0.17763214985999154,0.17830157774982483,0.17206013983968402,0.34433472225162365,0.21762622143770485,0.21289141942332962,1.1241638268136804,0.476672125853532,0.8162258604983336,0.8375235518312568,-0.09344479740148826,0.30793796631534687,0.2941535246148419,0.021297691332923252,-0.060605680663763706,-0.33955373464480154
874,NO3N,0.002059848729350348,0.4149172575093277,0.04524839763286549,0.34176426932883164,0.9034430459819783,-2.3805186999534635,0.5329779485456935,-1.6786997782433928,60.0,49.0,161.0,30.0,0.17373918003292707,0.16302356809158924,0.16782882722697084,0.19566837424214836,0.16537713527521133,0.19852958716157615,0.1811456666722238,0.21476783389575688,1.0505634877747767,0.8211550249127864,0.9264854650409647,0.9110692727716436,-0.043188548903515145,0.12407802273381197,0.29651587169596616,-0.015416192269321116,0.3696688598764622,-0.10533044012817838
874,PO4P,-0.2733469190843475,-0.08322214519116287,-0.16660012553589,-0.01249187823242256,-0.956567418103524,-2.280896599098007,-1.6773045863875036,-2.7614566997573573,50.0,49.0,151.0,26.0,0.15262742723040518,0.10417987264867391,0.12148511571221117,0.08359904305672405,0.16517569551917563,0.19852958716157615,0.17907657310436434,0.2287936844828991,0.9240307828017368,0.5247574134322137,0.6783975905179437,0.36539051873598616,-0.10674679354845751,0.2456331922837931,0.15410824730346742,-0.3130070717819575,0.08337798034472711,-0.15364017708572997
881,NO3N,0.18519306164159216,0.2355903741180178,0.2353669183672851,0.13609571650519037,1.7084878308662843,1.8425525299223726,1.7594118927042952,1.6103342177197917,60.0,55.0,160.0,21.0,0.13617639610364582,0.23361267611046588,0.17218857894585837,0.12415542321473462,0.3119988200874101,0.5141076466440864,0.3411939989974614,0.2794923008277883,0.43646445863319105,0.4544042043245362,0.5046647345844424,0.4442176863084114,-0.05017385672569294,-0.06820027595125133,-0.09927120186209473,-0.06044704827603098,0.0002234557507327095,-0.05026053025990618
883,NO3N,0.2234731501056298,0.10648605564412429,0.08465284888064128,0.13439295326952447,0.5601398000132244,0.5848227942294102,0.6853317333539405,0.5074284751719438,73.0,62.0,163.0,38.0,0.3332437510791519,0.2149529676679694,0.22142563016293434,0.22445303949258882,0.9851948670572914,0.6973951987997238,0.9219625069459981,0.7190186474188267,0.3382516111503177,0.30822260898543846,0.24016771668558085,0.31216581141301813,0.1388203012249885,0.09808389446473686,0.04974010438888318,0.07199809472743729,0.021833206763483007,0.06805489229985762
883,PO4P,-0.3753832883438239,-0.43523618688429344,-0.4325653177775164,-0.4273594211712455,-1.563815471166636,-1.2686016077393418,-1.4193401725610246,-1.448511766046159,61.0,46.0,135.0,34.0,0.38551144697489453,0.44970277796508207,0.47937814145288077,0.4830469056179507,1.0386321548439232,0.6690064131839867,0.9171500662095344,0.7417144425343165,0.37117226265041436,0.6721950180190681,0.5226823385992765,0.65125724661294,0.057182029433692494,-0.15151007594886212,0.00520589660627091,0.12857490801366356,-0.002670869106777052,0.14951267941979163
885,NO3N,0.23988015458126538,0.19073118859070012,0.20599124662866583,0.1527104146283513,0.5691331599910221,0.4289226427793005,0.5145448832041797,0.6382132456682075,72.0,62.0,164.0,38.0,0.31102371116271105,0.18819432905680467,0.24386008345851126,0.21740463555813977,0.7590688010963973,0.6943843855279854,0.8108922421135742,0.8841562003138069,0.40974376856678746,0.2710232732461407,0.30073056664458264,0.24588939768898072,0.03388890795259955,0.10901320192220482,-0.053280832000314526,-0.05484116895560193,-0.015260058037965707,-0.02970729339844197
885,PO4P,-0.46647485159804036,-0.454747866718114,-0.4863021053088291,-0.41779097172382046,-1.228285216350491,-0.9505677419224947,-1.0746897288547756,-1.1263945957119152,52.0,57.0,138.0,29.0,0.39863616383391515,0.41459716379143813,0.41364483742408126,0.4029522278368999,0.7947104696560426,0.6981641108885055,0.7944062254357568,0.665034301902103,0.5016118184606883,0.5938391236751038,0.5206968729344789,0.6059119457212853,0.01982725371078875,-0.019085054473790608,0.06851113358500865,0.0852150727868064,0.0315542385907151,0.07314225074062497
886,NO3N,0.30344753442523525,0.2779052269623895,0.3097517342310163,0.28035548924230014,1.2745005136576388,1.0306733298698558,1.1734934904340755,1.138329469873511,72.0,61.0,170.0,33.0,0.25547847199128393,0.2639819649680269,0.2814383327487152,0.2748426829634826,0.7202901596042356,0.6671016437574411,0.7939424797943598,0.9578528191449636,0.35468827192038405,0.39571475717126403,0.35448201842230553,0.28693623641346433,-0.006304199805781063,0.00020625349807851245,-0.02939624498871618,-0.0675457820088412,-0.03184650726862681,0.0412327387489585
886,PO4P,-0.5253053145934575,-0.4124517169896774,-0.48262849995862445,-0.41937243622575066,-2.2651812018511075,-1.9799876833838361,-2.1214050004509075,-2.0230281630517504,56.0,56.0,139.0,25.0,0.37884532499889384,0.36401230707821575,0.42629930673642885,0.3654874184557903,0.6895058235212272,0.6727915191549731,0.7729492812070992,0.7384266397731574,0.5494447067381885,0.5410477045480828,0.5515230004104356,0.4949542700248017,-0.04267681463483308,-0.0020782936722471,0.06325606373287379,-0.05656873038563387,0.07017678296894703,-0.01047529586235274
889,NO3N,0.2251232494925242,0.10563965754764414,0.06854055079584676,0.11109728542468542,1.0229099847015746,0.9821611552970633,1.1314656201602948,0.9741089460396444,72.0,60.0,172.0,32.0,0.3285987663624799,0.21270438203029074,0.21913279390537974,0.27366134437677364,0.6805599517841032,0.732963058657958,0.8210059349854422,0.7916666382625815,0.48283588462860744,0.2901979567970978,0.2669076855202823,0.3456775000363286,0.15658269869667746,0.21592819910832511,0.04255673462883866,0.07876981451604625,0.03709910675179738,0.02329027127681549
889,PO4P,-0.38652181321980317,-0.2953147535198309,-0.3600736597933368,-0.3303551583691157,-1.9283549169049752,-1.6337650699318063,-1.7335498185947895,-1.7294138824025236,55.0,50.0,145.0,26.0,0.3262320325688153,0.30088061067109145,0.3411476478710409,0.33349901271966703,0.6654142648126186,0.71921938865498,0.8103408011464958,0.7817990251107786,0.49026906969101813,0.418343297493372,0.4209928062222394,0.4265789570054928,-0.026448153426466392,0.06927626346877874,0.029718501424221055,0.0055861507832534185,0.06475890627350589,-0.002649508728867378
893,NO3N,0.13733594911165095,0.0963670890678545,0.08569389546075469,0.09980729258139936,1.2450625172816217,1.1324210429476629,1.2610918391438524,1.2086435368422674,72.0,62.0,164.0,38.0,0.2759283583453988,0.2051368899202268,0.20832981395540437,0.24766727851766962,0.4890921321699379,0.6796345032605858,0.6885226419037234,0.7067488098801631,0.5641643776218545,0.3018341313398168,0.30257510977327495,0.35043182960529395,0.05164205365089626,0.2615892678485795,0.014113397120644675,0.047856719832019,0.010673193607099812,-0.0007409784334581615
893,PO4P,-0.5487212651355124,-0.3389733294823815,-0.3835196429805996,-0.3569640940296035,-1.1712434975518868,-1.1595180041668212,-1.2630993595351974,-1.2159348981348626,60.0,50.0,136.0,30.0,0.29101135955860485,0.2784594670275605,0.28447275630143326,0.29752512859297336,0.4980908431016526,0.6386051225567934,0.6799067585676957,0.750501177418801,0.5842535826325439,0.4360432717994619,0.41839965953671193,0.39643525892424536,-0.16520162215491285,0.16585392309583197,0.0265555489509961,-0.021964400612466572,0.04454631349821808,0.017643612262749964
895,NO3N,0.2986333674167145,0.18855877940494434,0.2619700904194552,0.2559870512951834,1.503818873156317,1.3252829677668583,1.4339044316180278,1.372620323621763,72.0,62.0,176.0,26.0,0.2787931441152386,0.2220856230786494,0.2338155489797387,0.26443805305603313,0.511297292255727,0.6398560757674785,0.6122905708925354,0.7379995221762198,0.5452662244411013,0.3470868395088188,0.3818702428144631,0.35831737705771916,0.0366632769972593,0.1633959816266382,-0.005983039124271783,-0.023552865756743924,-0.07341131101451084,-0.03478340330564428
895,PO4P,-0.5447359544801451,-0.36649617494384934,-0.47206208842501823,-0.40432743330006005,-2.097477341030323,-1.5992580528434237,-1.8024923235160348,-1.7338653146858363,58.0,53.0,145.0,20.0,0.4029476963984004,0.3040968315059369,0.35747311650948216,0.35603795411613914,0.5220481437255836,0.6388160061729771,0.6218261985324041,0.6067000850296353,0.771859264784995,0.4760319537510059,0.5748762553799892,0.5868434221477781,-0.07267386605512688,0.1969830094050058,0.06773465512495819,0.011967166767788862,0.1055659134811689,-0.09884430162898333
896,NO3N,0.21885447993914023,0.21073765131328986,0.24354590438817458,0.3249757163190338,1.803059638819093,1.7477510429847583,1.8181432482676787,1.814087306565391,75.0,65.0,177.0,19.0,0.21045561432786894,0.20393103236071142,0.20572718336577495,0.27856075155095295,0.5451503275500342,0.5534233088285317,0.6042962770771277,0.6558582263708155,0.386050606029496,0.3684901396588913,0.34044092470805926,0.4247270833094004,-0.024691424449034355,0.045609681321436724,0.08142981193085924,0.08428615860134114,-0.03280825307488472,0.02804921495083207
896,PO4P,-0.32341223978432193,-0.3671572739370918,-0.3887004650324656,-0.38883595077751165,-2.0112006562867406,-1.9163691094307989,-2.032123504528305,-1.9405610998793534,59.0,56.0,147.0,14.0,0.30333644243047636,0.26452271386319315,0.3072972648305629,0.30756842989656547,0.5514443119586544,0.5671135441599943,0.6084215457768215,0.5529911621209177,0.550076292115639,0.46643695356456855,0.5050729497723677,0.5561904980848721,0.06528822524814365,0.0450033423432713,-0.00013548574504607114,0.05111754831250437,0.02154319109537378,-0.03863599620779917
898,NO3N,0.2626118348593495,0.11176837317972872,0.10584983733298226,0.2146548556436471,1.3084572304898057,1.066900787716802,1.115072704735013,1.1381316826168482,73.0,64.0,165.0,34.0,0.3713001631337702,0.2621348866536207,0.2931283846706306,0.3129111592875553,0.6536852019731556,0.6116488453226158,0.6707339922217839,0.7972165193713503,0.5680106601969829,0.4285708845168456,0.4370262847416644,0.3925046103338441,0.15676199752636727,0.1309843754553185,0.10880501831066486,-0.04452167440782029,0.005918535846746467,-0.008455400224818777
898,PO4P,-0.3003839900991944,-0.3790034349291026,-0.4100233369067456,-0.2843610331261864,-2.6018084823548655,-2.2971766463367382,-2.569743277119638,-2.305371798346049,62.0,54.0,132.0,28.0,0.3447837221163502,0.33959684935231027,0.3936573104622583,0.273694911921469,0.6390226820124065,0.5954608072601915,0.6540451180312321,0.7160663488647873,0.5395484883737762,0.5703093221447245,0.6018809706083004,0.3822200447701111,0.10963934680755116,-0.062332482234524145,0.1256623037805592,-0.21966092583818925,0.031019901977642983,-0.03157164846357585
899,NO3N,0.193192895335535,0.22494405349834393,0.1967856366442672,0.24169566090476985,2.08976552567482,1.97837818866161,2.0396146793570638,2.03853532684635,73.0,68.0,172.0,23.0,0.16760034596228848,0.21509870893441788,0.1956651805408313,0.1888146619302619,0.3978273398074728,0.5753783296148939,0.5227669359607761,0.4905641424828904,0.42128916037645403,0.3738387385537885,0.374287597552865,0.38489291323783875,-0.003592741308732217,0.04700156282358903,0.04491002426050264,0.010605315684973748,0.028158416854076718,-0.00044885899907648463
899,PO4P,-0.2970291166840174,-0.3675492862486786,-0.3800416741786099,-0.32799560887493545,-1.702364272512713,-1.720919468338298,-1.8298305626535578,-1.632585263036871,62.0,61.0,137.0,16.0,0.18075241874094078,0.28433114066550963,0.24546761624058697,0.195978279888563,0.40210134988380425,0.5970612221615017,0.5282501667760809,0.2986077627970162,0.4495195522053657,0.47621773130092787,0.46468062232460744,0.6563067150460608,0.08301255749459252,-0.015161070119241726,0.05204606530367445,0.1916260927214533,0.012492387929931292,0.011537108976320432
906,NO3N,0.4144758426953661,0.22909697249028477,0.32968527119593616,0.3218381979757521,1.7955178858459093,1.5210738357769984,1.658800440413145,1.567380672480118,72.0,63.0,165.0,24.0,0.20416334074526948,0.19786188534154464,0.19301804082226157,0.20889911889410118,0.4693566028654463,0.5911354600063847,0.5651353579335706,0.4984577359411162,0.43498555149505036,0.3347149659054586,0.3415430270157509,0.4190909355628475,0.08479057149942992,0.09344252447929946,-0.007847073220184075,0.07754790854709659,-0.10058829870565139,-0.006828061110292327
906,PO4P,-0.652614136124969,-0.4277596135095567,-0.583980910020592,-0.683626426123823,-2.9781345992246875,-2.415646518127823,-2.65856177903611,-2.5180279137750032,59.0,58.0,142.0,17.0,0.31473503396269975,0.3064009178396232,0.3385213006845565,0.44938155721301204,0.4767083676858781,0.6073184955847527,0.5562979601014124,0.4469574741175365,0.6602255284306044,0.5045143858900708,0.6085251519219026,1.005423520661024,-0.06863322610437694,0.05170037650870185,-0.09964551610323091,0.39689836873912143,0.15622129651103533,-0.10401076603183179
907,NO3N,0.13496233341295003,0.14989045447820504,0.07486138268486191,0.10966122736185846,1.0945407318592926,0.9557523792561615,1.099930542895824,0.9312878111319677,72.0,60.0,160.0,32.0,0.3403604776958429,0.2790730884906299,0.25684619347512555,0.21378271005435856,0.6181162877412704,0.6082176339772996,0.6978154200543449,0.7185814899709053,0.5506414965047971,0.45883754909520713,0.3680718225675247,0.2975065640265997,0.06010095072808812,0.18256967393727241,0.03479984467699655,-0.07056525854092499,0.07502907179334313,0.09076572652768244
907,PO4P,-0.4287729693363337,-0.47437428413785176,-0.40796536240703524,-0.48001069960289594,-1.716631312143104,-1.3460533888665496,-1.581758108230482,-1.435291309286062,58.0,44.0,132.0,30.0,0.2783133609838848,0.3245606316221373,0.28797790284707847,0.3635047739427804,0.6343739312233132,0.604091012252298,0.6853648158574104,0.710672088192391,0.43872130818363114,0.53727108173989,0.42018191798598553,0.5114943726963616,-0.02080760692929845,0.01853939019764561,-0.0720453371958607,0.09131245471037602,-0.06640892173081653,0.11708916375390449
910,NO3N,0.2123491814520324,0.2209684866047894,0.23803108075474821,0.22733616682706878,1.6721919217301617,1.4668308811399344,1.5962188250031628,1.5722836673317078,72.0,61.0,151.0,28.0,0.21891597427909404,0.2053381156812342,0.2060875667058186,0.22494861282343942,0.6305497798367524,0.6827563444014614,0.6729318558696579,0.6094737061115852,0.3471826987803735,0.30074874787321665,0.3062532482423247,0.36908665717279493,-0.025681899302715805,0.040929450538048806,-0.010694913927679434,0.06283340893047024,-0.01706259414995881,-0.005504500369108045
910,PO4P,-0.27258046232232275,-0.3785175697257453,-0.4118876452743424,-0.4492551916024159,-2.4082788751526074,-2.2106852791916287,-2.408685244363217,-2.3061273596009633,51.0,56.0,135.0,22.0,0.20542810214229798,0.291099413826651,0.2828001923890344,0.30078553382558787,0.6105337324174934,0.7151127794833267,0.666655792945689,0.5794714488005375,0.3364729764052131,0.40706783905745897,0.42420720764977066,0.5190687728415118,0.13930718295201966,-0.08773423124455754,-0.037367546328073487,0.0948615651917411,0.03337007554859711,-0.017139368592311688
912,NO3N,0.3647725812187449,0.2632656136032738,0.298775406407149,0.26027619608867814,0.8944103003172712,0.9101409209350914,0.892068791926439,0.9237351797926842,70.0,52.0,151.0,37.0,0.3705910771864942,0.2058291205637406,0.2812797235402938,0.22950474283746683,0.9547071000400261,0.6413859949667305,0.8048475422751366,0.7631549181867656,0.38817253707546234,0.3209130261324418,0.3494819935029863,0.3007315256288508,0.0659971748115959,0.03869054357247603,-0.03849921031847087,-0.048750467874135506,-0.03550979280387523,-0.028568967370544485
916,NO3N,0.159811988877671,0.18782671798633513,0.1700893418909229,0.17413639586182167,1.3572080711677663,1.127670430294353,1.2934258594813879,1.2521207840098736,60.0,51.0,151.0,26.0,0.15101524404230676,0.16046525104739018,0.15879766027802197,0.14607724359530577,0.8606930972151573,0.572717682955577,0.7706577308936998,0.625505444447768,0.17545771487064193,0.28018211384584873,0.20605471652619498,0.233534727622189,-0.010277353013251889,-0.03059700165555304,0.004047053970898773,0.027480011095994017,0.017737376095412233,0.07412739731965376
917,NO3N,0.14782386554463017,0.09626456826362378,0.11898923738055718,0.15191914490682537,1.5576096357048534,1.4514649111187277,1.5205739145690864,1.4664644458368397,60.0,51.0,157.0,20.0,0.12354781336317655,0.14755565141541646,0.1238654119787196,0.13433313820674941,0.6152933645041613,0.6169392413451625,0.682640013923795,0.4926859322637866,0.20079497113176,0.2391737168374781,0.18145055878975624,0.2726547063958521,0.028834628164072992,0.019344412342003764,0.03292990752626819,0.09120414760609585,-0.022724669116933396,0.05772315804772185
925,NO3N,0.3751210080470915,0.09691796990054952,0.2317991178833358,0.15406349234875422,0.5494699314397411,0.7941045618814481,0.6155767370691092,0.6858743299735575,60.0,54.0,123.0,27.0,0.1869764421904474,0.16062320791983148,0.18795490892327132,0.1784734476411466,0.2977513630563759,0.5727336787678263,0.4794693617332013,0.5322191827954657,0.627961666644144,0.2804500833011858,0.3920060882385599,0.33533824674210355,0.14332189016375568,0.23595557840558407,-0.07773562553458158,-0.05666784149645637,-0.13488114798278628,-0.11155600493737411
931,NO3N,0.8674536279268347,0.22630126725148275,0.3324498447288799,0.1626758166656547,-0.12856105254268047,0.5871351412333767,0.3946723230680778,0.5912502895694722,72.0,66.0,179.0,19.0,0.22813146595179562,0.14202856463621186,0.17573906945547363,0.1632599583843203,0.18134226501852363,0.32775590352699013,0.25955080361149274,0.24325696089099771,1.2580159728814053,0.43333640403678053,0.6770892904594036,0.6711419800129638,0.5350037831979548,0.5809266824220017,-0.1697740280632252,-0.005947310446439813,-0.10614857747739714,-0.24375288642262305
932,NO3N,0.7377482256100828,0.20890346224092513,0.26010071015639774,0.219458943324438,-0.3969319327738349,0.49726844557235983,0.4193328710230383,0.45114276288691113,72.0,65.0,177.0,22.0,0.3023148329123009,0.21909972689929527,0.22151976452648295,0.24616092006229806,0.22189773973625593,0.47604800438679606,0.36423427522146223,0.5183418809005821,1.3624060942289336,0.4602471281893527,0.6081793493810932,0.47490069610931496,0.47764751545368506,0.7542267448478404,-0.04064176683195975,-0.13327865327177824,-0.051197247915472616,-0.1479322211917405
938,NO3N,0.16120503071632603,0.13832987471939862,0.11050134286557607,0.19067968640742983,1.1738571841463046,1.028681124832599,1.1486930169466874,1.0013568645863633,60.0,51.0,151.0,26.0,0.163861896468439,0.13064328174682113,0.1214752546048259,0.15352264049721084,0.7939196075976445,0.5915367950511238,0.7781266686717063,0.5866988620565049,0.20639608204699184,0.22085402436467244,0.15611244222253565,0.26167195886332756,0.050703687850749954,0.05028363982445619,0.08017834354185376,0.10555951664079191,0.027828531853822544,0.0647415821421368
944,NO3N,0.09371853475760651,0.14290031484183435,0.1031458366209719,0.16879322530564722,1.2824152616621323,0.9910448928411871,1.1801647181008466,1.0618482708585084,61.0,47.0,151.0,29.0,0.13886596246220853,0.16181920381013581,0.13440160528677308,0.15577711052259763,0.7361121570340223,0.5758397114874363,0.7572762648614156,0.682684583746395,0.18864783190340692,0.28101431801593696,0.1774802823265154,0.22818313791082476,-0.009427301863365392,0.011167549576891533,0.06564738868467532,0.05070285558430937,0.03975447822086245,0.10353403568942157
947,NO3N,0.24354269081531374,0.23697438714391783,0.2754866994296636,0.22847382542026679,1.4109765839921697,1.19406839606657,1.289617000103999,1.2751291151039428,60.0,45.0,119.0,28.0,0.2962608033804029,0.21116174350485833,0.276600432308636,0.21349423803759549,1.0378585366506643,0.7013335038390613,0.8597810956834407,0.7733805144650444,0.285453935115747,0.30108606297712925,0.3217102977691852,0.276053293358796,-0.031944008614349845,-0.03625636265343818,-0.0470128740093968,-0.04565700441038917,-0.03851231228574575,-0.02062423479205594
968,NO3N,0.3035582219715117,0.20704035678219831,0.2275419382609413,0.1959668957078884,0.5755407119376302,0.551687302416753,0.59917158125875,0.5832667850292956,72.0,61.0,181.0,34.0,0.20319781498093337,0.1440313626938779,0.1731165005552918,0.16478559072281898,0.6017240629195862,0.5129359006013842,0.6717137326507499,0.6706094872322043,0.33769268590491536,0.2807979759751861,0.2577236285941794,0.2457251110522398,0.07601628371057043,0.07996905731073595,-0.03157504255305291,-0.011998517541939618,-0.02050158147874298,0.023074347381006666
970,NO3N,0.18404955226781922,0.2314154350692467,0.19536905390894269,0.2188126046807807,0.9106952157632178,0.6240767776100464,0.7936775243994455,0.7000068038905196,72.0,64.0,183.0,29.0,0.13783597072735732,0.15387428084278143,0.14820651473565802,0.14789260835787327,0.6222656365361403,0.5103870817128651,0.6964616859412924,0.5811023199982587,0.22150664062798844,0.30148545360195544,0.21279923609200657,0.25450355861307944,-0.01131950164112347,0.008707404535981872,0.023443550771838018,0.04170432252107287,0.03604638116030401,0.08868621750994887
973,NO3N,0.3085030536916787,0.19014698153144155,0.1662307928426154,0.22685252833242886,0.5998355649588192,0.5674334116380808,0.7160230344473621,0.5329644096162734,72.0,57.0,182.0,37.0,0.28207465549684657,0.15012591357627103,0.17257269610186482,0.19513152891379953,0.7694348369243094,0.6321514559364656,0.7980939560122595,0.6786231429862313,0.36659979761820266,0.2374840905078283,0.21623105249930488,0.28754033948081636,0.14227226084906328,0.15036874511889778,0.06062173548981345,0.07130928698151148,0.02391618868882614,0.021253038008523406
977,NO3N,-0.049882115490563574,0.0512961428696687,0.0088211027298012,0.05501500209734884,0.736326973182082,0.5132692808403009,0.6199587202250798,0.545338464415534,60.0,42.0,113.0,37.0,0.1149723842569509,0.0725267056304769,0.07136219469588638,0.06811813983936701,0.7512332355837769,0.5942669978308665,0.7000831667426192,0.7145214058527565,0.15304485852200994,0.12204397332378641,0.10193388169569031,0.09533393860757801,-0.05870321822036477,0.051110976826319626,0.04619389936754764,-0.006599943088112306,0.0424750401398675,0.0201100916280961
978,NO3N,0.006447074885667421,0.011310512026136418,-0.04526333632017552,0.003707612642668473,1.0495167644248906,0.8865324292483965,1.0955860390883554,0.8999228768584697,72.0,62.0,177.0,37.0,0.1847235712801541,0.12135893820388499,0.18961830140155428,0.15608359418399873,0.7180461547426038,0.5898731034083106,0.7852146983254084,0.7326495560667725,0.2572586317189756,0.20573736538022866,0.24148592965203605,0.21303990822287963,0.05171041120584294,0.015772702066939565,0.04897094896284399,-0.02844602142915642,0.056573848346311933,-0.03574856427180739
985,NO3N,0.738297889239879,0.6873467992490532,0.7233693085364176,0.6146643252422513,1.132748345140887,0.6145079845476961,0.907284700447884,0.7824448531630758,73.0,60.0,178.0,37.0,0.3935628554065949,0.40436588754972974,0.4422426724806515,0.4299726095559471,0.48184893697929143,0.5189792910324913,0.5898060708506047,0.6383787717536343,0.8167764317876023,0.7791561138118976,0.7498103094172283,0.6735383890896107,0.01492858070346148,0.06696612237037403,-0.10870498329416622,-0.07627192032761754,-0.03602250928736439,0.029345804394669384
985,PO4P,-0.5553602664439188,-0.23316100587010968,-0.3537936579978675,-0.25340460850519475,-3.0384037378228244,-2.506150990291093,-2.749911353731281,-2.663209163205732,73.0,60.0,178.0,37.0,0.3097850827192505,0.24806617615264293,0.26901196813502576,0.2789279123354639,0.48184893697929143,0.5189792910324913,0.5898060708506047,0.6383787717536343,0.6429091338486531,0.47798858343484935,0.45610240624865545,0.4369316848823865,-0.2015666084460513,0.18680672759999767,0.10038904949267274,-0.01917072136626896,0.12063265212775781,0.0218861771861939
986,NO3N,1.2295395559876687,0.7954073114590783,1.021759856419163,0.9354812862691287,0.3892590408781611,0.06939480895209771,0.19188764326998864,0.00288847529948999,72.0,61.0,179.0,36.0,0.4795669663114818,0.4410290838285044,0.5199098129009164,0.5337409199761716,0.3783494067543672,0.5118895217329825,0.5246000825005472,0.5518234382219804,1.267524034001796,0.8615708372685911,0.991059342619097,0.9672313334423195,0.20777969956850573,0.2764646913826989,-0.08627857015003426,-0.02382800917677752,-0.22635254496008472,-0.12948850535050593
986,PO4P,-0.548773364280467,-0.1652542307443675,-0.30891787145137545,-0.22577081434087212,-2.975704337530405,-2.683777712645256,-2.8182745377849607,-2.7423470418854823,72.0,61.0,179.0,36.0,0.27305518624365904,0.24921032193592477,0.25655334086531917,0.2656706492915897,0.3783494067543672,0.5118895217329825,0.5246000825005472,0.5518234382219804,0.7217011084701727,0.4868439601815499,0.4890455595097081,0.48144140116194034,-0.23985549282909152,0.23265554896046453,0.08314705711050333,-0.0076041583477677865,0.14366364070700796,-0.0022015993281582213
987,NO3N,0.18737650195375039,0.37672102059139806,0.24349696082337985,0.29789046549028475,1.2395253675500313,0.705041252642621,1.068444170197877,0.991975147153164,60.0,48.0,123.0,33.0,0.37823146115986084,0.37657468695932084,0.3006932075639032,0.3206217945174088,0.6224101749186635,0.5061274819913789,0.629816462159117,0.6440692178160247,0.6076884286303451,0.7440312971697814,0.477429895263576,0.4978064246023211,-0.056120458869629464,0.13025853336676912,0.0543935046669049,0.02037652933874512,0.1332240597680182,0.26660140190620546
987,PO4P,-0.12284755649675848,0.13464649497343487,0.017181609536759082,0.09923349490706246,-3.3624347585402923,-2.7927450180611535,-2.995560709731415,-2.9382601686220577,60.0,48.0,123.0,33.0,0.23039525346182627,0.1979770488041127,0.16234504107142894,0.17358427940563362,0.6224101749186635,0.5061274819913789,0.629816462159117,0.6440692178160247,0.37016627096742805,0.3911604404984374,0.25776563622183324,0.2695118391067358,-0.14002916603351756,0.11240063474559481,0.08205188537030338,0.011746202884902579,0.11746488543667578,0.13339480427660416
991,NO3N,0.06086725830821603,0.23522296991114636,0.27129405539637114,0.26001561278428215,1.1418774593642473,0.6650418807739839,0.7154517561268443,0.6970640583405033,72.0,61.0,190.0,25.0,0.3059407166069015,0.21164447997620156,0.24439150031965634,0.23183415135120072,0.4097538538270931,0.48934881664640334,0.4582825585323019,0.46392924821240966,0.74664512304014,0.4325022821688622,0.5332768960318844,0.4997187658344309,-0.2104267970881551,0.21336822700825553,-0.01127844261208899,-0.03355813019745352,-0.03607108548522478,-0.10077461386302222
991,PO4P,-0.25824091301787544,0.18578588611722624,-0.006901942029897547,0.12145710191692428,-3.2246902792768886,-3.3420464188363104,-3.2738498526177007,-3.4107012191653676,72.0,61.0,190.0,25.0,0.2062769390411597,0.2451547854261019,0.19768218797576467,0.22738444980066722,0.4097538538270931,0.48934881664640334,0.4582825585323019,0.46392924821240966,0.5034167149729943,0.5009816660152411,0.4313543779821398,0.4901274292940449,-0.2513389709879779,0.07206233699085451,0.12835904394682182,0.05877305131190508,0.1926878281471238,0.06962728803310125
992,NO3N,0.32827267095523294,0.2653336609466723,0.30414631179476437,0.32650318292195346,1.1957160204539623,1.1623196081015685,1.1831593618336063,1.095364008305831,60.0,56.0,131.0,17.0,0.2766273083624832,0.15596078582326794,0.18812880828347792,0.2573828755376305,0.6173944506416965,0.4582898758798323,0.5441534728938372,0.7097426408108268,0.4480560330190322,0.3403103451147637,0.3457274788360697,0.3626425421524487,0.02412635916046857,0.1023285541829625,0.022356871127189093,0.016915063316378987,-0.038812650848092045,-0.005417133721305978
992,PO4P,0.10888618945329466,0.22347934969066466,0.133640764279096,0.20547225242632908,-2.9405282408979705,-2.599138647326095,-2.7472787320308685,-2.690850273267111,60.0,56.0,131.0,17.0,0.1874669510994542,0.22429501397269772,0.15134885472357026,0.23502172853251663,0.6173944506416965,0.4582898758798323,0.5441534728938372,0.7097426408108268,0.30364210579574874,0.48941734430002964,0.278136338850672,0.3311365486847771,-0.02475457482580133,0.025505766945076724,0.07183148814723309,0.05300020983410508,0.08983858541156867,0.21128100544935763
1007,NO3N,0.5330736935834085,0.6886548549499933,0.7513930124336062,0.8944886513162793,2.651194514537289,2.3392277464090316,2.8631851102440624,2.7856514321406607,61.0,54.0,144.0,21.0,0.6329345659418677,0.5558440180723205,0.6950103770621185,0.7943466880303394,0.8973688067563483,0.7124194166703901,0.904479065722074,0.8381659722279273,0.705322673550119,0.7802201976332277,0.7684095778460831,0.9477200391694356,-0.21831931885019773,-0.06308690429596409,0.14309563888267307,0.1793104613233525,-0.06273815748361289,0.011810619787144594
1007,PO4P,-0.3598596874925449,0.10787844959229079,0.003889917745279361,0.006930875119767966,-4.505818231316186,-2.512769565976303,-3.006796880269019,-2.9743406271758106,61.0,54.0,144.0,21.0,0.5955987672408085,0.463791680023586,0.5174035751415664,0.5256318423068271,0.8973688067563483,0.7124194166703901,0.904479065722074,0.8381659722279273,0.6637168160476568,0.6510093200311595,0.5720459375458369,0.6271214290764467,-0.36374960523782424,0.09167087850181987,0.003040957374488605,0.055075491530609866,0.10398853184701143,0.07896338248532264
1011,NO3N,0.7729958505213973,0.5736919408671864,0.6809490902206315,0.5666658312245723,0.18558827225733388,0.020297477932798236,0.1131558782858677,0.16896443174150044,60.0,53.0,152.0,20.0,0.40323135612077493,0.39065168968763886,0.4038323476613508,0.3940232656008405,0.4821548613389081,0.5250596136105249,0.5839302085922408,0.6738400708560391,0.836310879456927,0.7440139739588004,0.6915763934099656,0.5847430015556623,0.09204676030076575,0.14473448604696137,-0.11428325899605929,-0.1068333918543033,-0.1072571493534451,0.05243758054883485
1011,PO4P,-0.5017205273300621,-0.05346018963011393,-0.19481167060714755,-0.1962756387625351,-2.0547641621067605,-2.28808855887973,-2.2753718755207393,-2.171859483267881,60.0,53.0,152.0,20.0,0.3414976695624549,0.34261724118791914,0.34182340377604253,0.3574416113831113,0.4821548613389081,0.5250596136105249,0.5839302085922408,0.6738400708560391,0.7082738284835319,0.6525301743014336,0.5853840043660736,0.5304546684631286,-0.30690885672291457,0.1228898241174583,-0.001463968155387546,-0.05492933590294502,0.14135148097703362,0.06714616993535993
1016,DOC,-0.11985753894565823,0.04960585083091928,-0.025695490384470384,-0.01546203706875631,1.4955216672496343,1.1997667263635257,1.3439453517955873,1.3670882155023945,72.0,63.0,188.0,37.0,0.1469981227262546,0.07899728844510749,0.13233272341611219,0.12884076102803843,0.28477493864580417,0.5311954645536394,0.4814223496906138,0.6314145490080927,0.5161905167121715,0.14871604468891403,0.27487864554098046,0.20405098556952497,-0.09416204856118784,0.24131187117119107,0.010233453315714075,-0.07082765997145549,0.07530134121538966,-0.12616260085206643
1016,NO3N,0.30596210731259527,0.11966635746276887,0.17717972271800897,0.11721845104320686,0.5304773919651359,0.7944371740218013,0.7498239577752164,0.8669434984920107,68.0,63.0,181.0,36.0,0.17490632163981204,0.13169208500638815,0.16009473542189712,0.14239887108825103,0.2788645963500223,0.5311954645536394,0.48480374645785024,0.6251774633779331,0.6272087741832777,0.24791643339245803,0.33022586271580323,0.22777351940814902,0.1287823845945863,0.29698291146747446,-0.059961271674802114,-0.10245234330765421,-0.057513365255240104,-0.0823094293233452
1016,PO4P,-0.4216905965971156,-0.24290122657354674,-0.3329898318678944,-0.19457172626065714,-0.8770610416695905,-0.9786316799587609,-0.9264958432784148,-1.2958160437221626,54.0,61.0,155.0,30.0,0.2240198639971709,0.227758439160369,0.24364418435455826,0.26964704407748485,0.2839855354806911,0.5412165900553707,0.4797923691505288,0.5354874801997557,0.7888425148766162,0.4208267879169549,0.5078117119409999,0.5035543388930345,-0.08870076472922123,0.2810308029356162,0.13841810560723725,-0.004257373047965474,0.09008860529434765,-0.08698492402404506
1017,DOC,0.084341129500893,0.06309513662699992,0.07903633992888161,0.06377530550957866,1.416022885353024,1.6194605154243724,1.4809864474608694,1.5533927734817803,72.0,63.0,198.0,27.0,0.15813144665928502,0.11465902064187636,0.1648639648455809,0.14314492366004583,0.7987927954225011,0.7204327861680709,0.904795993645996,0.8961644977311104,0.19796303567766332,0.15915297421670557,0.18221120120264855,0.15973063430035112,0.005304789572011387,0.01575183447501477,-0.015261034419302946,-0.02248056690229744,-0.015941203301881687,-0.02305822698594298
1017,NO3N,0.36246461675309966,0.1564123742022563,0.23933047388136977,0.17420357947854287,0.681522716720727,0.7784933460440525,0.7047307468373813,0.7473627921292024,69.0,62.0,191.0,26.0,0.2785854801685609,0.15637034179624323,0.239759839392862,0.2067848385687673,0.7811594131574632,0.7287777963212541,0.8989845587698679,0.9260744252083294,0.356630766366256,0.21456518377147882,0.2667007314574336,0.22329181428614558,0.12313414287172988,0.0899300349088224,-0.0651268944028269,-0.04340891717128803,-0.08291809967911348,-0.0521355476859548
1017,PO4P,-0.3805012137020432,-0.31733307501381214,-0.28315824393740524,-0.27488748646960715,-1.313532897401743,-0.6595119692094771,-1.0943544537101504,-1.0062163997500666,49.0,57.0,150.0,20.0,0.6949716225045574,0.49267030977600274,0.5214834944789014,0.4500090706357745,0.8008703297098306,0.7349199155646796,0.8744660706939092,0.8807265463997034,0.8677704701038903,0.670372783948108,0.5963450292189062,0.5109520911744441,-0.09734296976463797,0.2714254408849841,0.008270757467798096,-0.08539293804446213,-0.0341748310764069,0.07402775472920176
1019,DOC,0.07265600630936923,0.03962714426090963,-0.010463985061147839,0.028887975952103517,1.2314029675514495,1.474791387285068,1.6184562625025776,1.4884333069452538,64.0,62.0,179.0,31.0,0.1580819001421828,0.08768741764793936,0.1507032929041089,0.13346907415291548,0.5037476267949331,0.6004736054194818,0.6859679774392111,0.6578875471986667,0.3138117019984199,0.14603042807632194,0.2196943558017092,0.20287520978507126,0.08311999137051707,0.0941173461967107,0.039351961013251356,-0.016819146016637948,0.05009112932205747,-0.07366392772538727
1019,NO3N,0.3236378239074309,0.03655257476239751,0.10289903130306438,0.12918039821082347,-0.008336917662496113,0.9139346545300937,0.7271973806847545,0.5185376026744836,67.0,61.0,188.0,32.0,0.19045011825164004,0.10123560981369362,0.1317760991284571,0.12763797161054424,0.4751120006731412,0.607105082995171,0.6833845953168256,0.7054865551913142,0.40085309986236783,0.16675137904338524,0.1928286063682253,0.18092190513245332,0.22073879260436652,0.20802449349414254,0.02628136690775909,-0.011906701235771977,-0.06634645654066687,-0.026077227324840052
1019,PO4P,-0.20647370592308636,-0.40957407599400414,-0.3493820580507735,-0.30811764323421154,-1.0782065943564934,0.2789599110284946,-0.24212175682769788,-0.5287642581848606,59.0,57.0,156.0,28.0,0.3095899105322846,0.37518945715111224,0.3840807026717038,0.31609458559070236,0.49723655988373633,0.6040645557979268,0.6744226913388257,0.6467040644248419,0.6226209726104468,0.6211082136006363,0.5694955220282528,0.48877779339739713,0.14290835212768713,0.05312545058219398,0.041264414816561956,-0.08071772863085569,-0.06019201794323065,0.05161269157238346
1042,DOC,0.01565784795256641,0.12781877327763758,-0.06713143187276845,-0.1085107536166753,0.9455758039359826,1.2101329610338643,1.078093400533032,1.1862591294163962,39.0,52.0,134.0,15.0,0.12691784314271937,0.25652526034900897,0.11158293620575278,0.1333661542784064,0.33953136009974344,0.4701319746175428,0.4111968679311763,0.5529401229456646,0.3738030063126863,0.5456452107042813,0.2713613475879609,0.24119456835204522,0.08278927982533485,0.10244165872472544,-0.04137932174390685,-0.030166779235915653,0.194950205150406,0.2742838631163204
1042,NO3N,0.007988113410117372,-0.1371269753308129,0.0055288215777183946,-0.38567680824628814,1.189160850847179,1.0812057832624475,1.119987919424005,1.2679679971920852,60.0,55.0,155.0,18.0,0.2786052022004262,0.32849386644805073,0.2871781763917959,0.2595775816314345,0.3745860094975491,0.467120731168609,0.4320619778251646,0.5064059528624094,0.7437683072417287,0.7032311874196815,0.6646689390196782,0.5125879349644252,0.0024592918323989776,0.07909936822205055,-0.39120562982400653,-0.15208100405525293,-0.14265579690853128,0.03856224840000333
1042,PO4P,-0.807791154904558,-0.5959995030504384,-0.7689728280805839,-0.9697858959507062,-2.464895558158233,-2.4876637234623176,-2.4759611966863453,-2.364081290841184,48.0,55.0,145.0,16.0,0.3669286914948054,0.3447364334705338,0.3787300465957479,0.42681365440705027,0.3853846353449473,0.467120731168609,0.42990140169326474,0.5196984972405824,0.9521103278193161,0.738002855510388,0.8809695551213214,0.8212716732360817,-0.038818326823974125,0.07114077269799479,-0.20081306787012232,-0.05969788188523961,0.1729733250301455,-0.14296669961093333
1045,DOC,-0.01792411728908037,0.02735846953405907,-0.04024659306807853,-0.024028033407553523,0.9307863597782525,1.169311080527574,1.072976368012013,1.1378257350116778,57.0,58.0,151.0,22.0,0.1425243682149137,0.20617660712665284,0.11808281943926507,0.13133396373236375,0.432732749918187,0.5231452898834053,0.4809681527460758,0.511700679188451,0.3293588669724202,0.39410965006031873,0.24551068249545033,0.25666169515478715,0.022322475778998162,0.08384818447696984,0.01621855966052501,0.011151012659336823,0.06760506260213761,0.1485989675648684
1045,NO3N,0.22851415795563582,0.0027879893110332845,0.09319551071497738,-0.024813537317514175,1.3547249363905818,1.458919344582352,1.404597169032075,1.4930149410034712,67.0,60.0,167.0,18.0,0.2252490312978655,0.24153952024277284,0.21661576396327994,0.1758640592076801,0.4140509084011256,0.5223021897622946,0.48243712144185696,0.552583276255723,0.5440128900276389,0.4624516706558326,0.44900310182575026,0.31825801967682826,0.13531864724065845,0.0950097882018886,-0.11800904803249156,-0.130745082148922,-0.09040752140394409,0.01344856883008233
1045,PO4P,-0.9491833532946058,-0.5704662247627557,-0.6657773911831961,-0.7074286371455445,-1.8741689264856431,-1.799621571825499,-1.9039889635197622,-1.7184142486617309,45.0,54.0,139.0,14.0,0.4303010923152506,0.455654536702558,0.4078194081773138,0.5506932912598268,0.35533152456399414,0.5153167834184011,0.48557566742976477,0.5872216540548478,1.210984848144974,0.8842221937347583,0.8398678836935382,0.9377945916285826,-0.28340596211140967,0.37111696445143594,-0.04165124596234837,0.09792670793504443,0.09531116642044046,0.044354310041220146
1051,NO3N,0.09803249427059789,0.15597795265336656,0.13456925644922155,0.1548741661510207,1.114576593027632,0.8779734764094939,1.1206982575845834,0.9813575022610321,60.0,49.0,163.0,26.0,0.18973035866912086,0.24982570379696478,0.2720374028679177,0.21061090621240935,0.9612520091780726,0.6314469266078653,0.7711769057620309,0.6994775049728373,0.19737837409708153,0.3956400661240513,0.35275615858738224,0.30109746877505084,-0.03653676217862366,-0.1553777844903007,0.020304909701799156,-0.051658689812331404,0.02140869620414501,0.04288390753666904
1058,NO3N,0.3343485545777668,0.08791488099544838,0.2695097151258815,0.2633704068086189,1.2954393877430148,1.1514173734368658,1.1094643944700178,0.9066508060109448,60.0,48.0,134.0,21.0,0.32845993849298855,0.207197818908428,0.2487378356513015,0.2750530877869834,0.7826795786110209,0.6276058178067909,0.67569155194484,0.6937304069769531,0.41966080049755305,0.33014005452099565,0.3681233470144188,0.3964841169144848,0.06483883945188529,0.051537453483134266,-0.006139308317262615,0.02836076990006603,-0.18159483413043315,-0.03798329249342314
1064,DOC,0.09913335360868164,-0.14453748384145876,-0.029438833392631616,-0.10560891946353113,1.471576332625802,1.6840553967711864,1.4582464953932617,1.5007408324422762,60.0,41.0,160.0,27.0,0.18166881002858865,0.255639649195991,0.21733466888612746,0.19317684748058855,0.6117141074946707,0.5534477673482271,0.6373347803225057,0.5856135452834665,0.29698319493174574,0.46190384039465027,0.3410055054207951,0.32987086626741396,0.12857218700131326,-0.044022310489049366,-0.0761700860708995,-0.011134639153381143,-0.11509865044882714,0.12089833497385516
1064,NO3N,0.24570713170927047,0.4110809584533331,0.22362444179884478,0.3555289236949349,0.46216422577230515,0.24525840801831644,0.2617995134071959,0.19775792598825453,60.0,49.0,164.0,27.0,0.40187092285708065,0.5188641440204174,0.42223762552480176,0.41871798436047897,0.6117141074946707,0.5387855573445216,0.6400751296016558,0.5856135452834665,0.656958729467559,0.9630253390193129,0.6596688513543356,0.7150073418431575,0.022082689910425696,-0.002710121886776662,0.1319044818960901,0.05533849048882189,0.18745651665448831,0.30335648766497725
1064,PO4P,-0.045207113030841836,0.03992200249060737,0.016453263143671265,0.08955841445683643,-5.101991186968919,-4.849136887385885,-4.96554922346673,-5.144477092781482,40.0,48.0,140.0,24.0,0.42557647766668627,0.43505907424329293,0.4305930910007177,0.548168595278873,0.5235920527359081,0.5409338424376795,0.6558225945837263,0.5279723015301989,0.8128016371580425,0.804274090677578,0.6565694664332666,1.0382525630419248,-0.0616603761745131,0.1562321707247759,0.07310515131316517,0.3816830966086582,0.023468739346936107,0.1477046242443114
1065,DOC,0.022026288016501663,-0.041856768021819986,0.005323069390426469,-0.05897337963277789,0.7997664132910616,1.2811033602205006,1.015133282245301,1.1109534301185062,54.0,45.0,131.0,29.0,0.11081372328226215,0.17108905588960902,0.15123594649560504,0.11408804611544794,0.6564319031492074,0.5413323205814229,0.6248388374199083,0.6026372759122284,0.1688122145658026,0.3160518029033427,0.24203992683951953,0.18931461871944408,0.016703218626075194,-0.07322771227371694,-0.06429644902320436,-0.05272530812007545,-0.047179837412246454,0.0740118760638232
1065,NO3N,0.2980846086776523,0.19175886011364465,0.2486078983163464,0.25432211369844165,1.075663311910298,0.7008007054484662,0.8866370701701618,0.7451500232051294,60.0,48.0,146.0,29.0,0.2480927599507319,0.19632862400874343,0.23366994477578137,0.20448075166678475,0.6575443128415505,0.5569912304977681,0.6485066622624167,0.6026372759122284,0.3773019629332803,0.3524806375017607,0.3603200373618172,0.33930983004205423,0.04947671036130591,0.016981925571463052,0.005714215382095267,-0.021010207319762997,-0.056849038202701735,-0.00783939986005655
1067,DOC,0.05813170700774073,-0.02874567198229362,0.03669551762347132,0.007095583311291227,1.2066781355666458,1.2797823261288206,1.207293115085261,1.2206618982235595,71.0,60.0,169.0,24.0,0.07830419708660566,0.07114698132667246,0.06766082848407956,0.05344837904768963,0.7774036540815977,0.7017631139390643,0.7932271110369794,0.6593385784054342,0.10072527531287717,0.10138318745098694,0.08529817947804016,0.08106363073271235,0.02143618938426941,0.015427095834837007,-0.029599934312180092,-0.004234548745327818,-0.06544118960576494,0.016085007972946777
1067,NO3N,0.4960577348874157,0.008885683392906815,0.2683157604774272,0.16965271855427602,2.408491377128735,1.8951770555092942,2.034977274389835,1.8951281428779678,72.0,60.0,179.0,25.0,0.41469495266393724,0.22877932452630986,0.2932248962415553,0.23298121876323144,0.7783124492547648,0.7017631139390643,0.792264783992331,0.6607784063930955,0.5328129507127994,0.32600648278897043,0.37010971857660363,0.35258600539774826,0.2277419744099885,0.1627032321361958,-0.0986630419231512,-0.01752371317885537,-0.2594300770845204,-0.0441032357876332
1067,PO4P,-0.4878745025060455,-0.5781786026459734,-0.6075819551044633,-0.7711985810631448,-2.925718684954748,-2.7678989972403736,-2.930100386470037,-2.7973006936844467,47.0,56.0,152.0,21.0,0.3421796791332713,0.5203816512700817,0.4486639827852084,0.5320385328422664,0.6814569673355263,0.7057507362312532,0.8085835497864555,0.6852855219652532,0.5021295482107729,0.7373448224070551,0.554876466264617,0.7763749791714453,0.11970745259841781,-0.052746918053844016,-0.16361662595868143,0.22149851290682832,0.029403352458489906,0.18246835614243817
1070,DOC,0.128608046501861,0.03650356614921182,0.11703719431042679,0.05039727641726314,1.1719517204877032,1.3583374897248743,1.243368186756366,1.2728517588699166,59.0,49.0,131.0,23.0,0.12918809245388152,0.08671754274091446,0.11382103080919408,0.08225336189116983,0.7134418650570489,0.5593249615886912,0.6180232550623852,0.5532122401917001,0.18107725209474673,0.15503964367083556,0.18416949504222882,0.14868319230006055,0.011570852191434208,-0.003092242947482088,-0.06663991789316365,-0.03548630274216827,-0.08053362816121498,-0.02912985137139326
1070,NO3N,0.4461326467903918,0.1589113355385777,0.3398385808860749,0.32956628846870084,1.5689777117259727,1.1283888298927447,1.3404173095537633,1.1509151705284366,60.0,50.0,141.0,23.0,0.37822437736079967,0.2198288285451692,0.2831292118928121,0.24471523382861632,0.7112833680851022,0.5609613486322738,0.6286311995358627,0.5532122401917001,0.5317492216625915,0.39187874366237896,0.4503900094393261,0.4423532526030464,0.10629406590431689,0.08135921222326542,-0.01027229241737404,-0.00803675683627969,-0.18092724534749718,-0.05851126577694715
1074,NO3N,0.3491828909083488,0.26671211379204796,0.34294125675730197,0.32211010800757345,2.9664286255298205,2.6395646616785253,2.82879457920187,2.7580561772752428,70.0,60.0,155.0,25.0,0.198748511538152,0.2087518550657594,0.21414927771161074,0.2339905196088209,0.4943204981791528,0.7118748177280034,0.582548826174143,0.5659817641544924,0.40206407031520897,0.29324236490343214,0.36760743149724323,0.41342413206258355,0.006241634151046838,0.034456638817965735,-0.020831148749728523,0.04581670056534032,-0.07622914296525402,-0.07436506659381109
1077,DOC,-0.015119096917134112,0.11414983166002819,0.041892841779775675,0.09668773976684124,1.2613612542873185,1.7521202890561585,1.5296222603806153,1.687627747169474,61.0,46.0,144.0,25.0,0.08899465933136086,0.19895619107988807,0.12143980446083566,0.18780197243802274,0.6891804962151773,0.5626505016778737,0.7354624762121481,0.6564624139671041,0.12913113447072183,0.35360528513985695,0.1651203268537737,0.2860818356729768,-0.057011938696909785,-0.03598919238305187,0.05479489798706556,0.12096150881920309,0.07225698988025252,0.18848495828608325
1077,NO3N,0.12887181540803005,0.07984493625443231,0.1254239998467514,0.086911154036723,1.8514538821758504,1.5745876533040473,1.7298125294554814,1.6230879934511284,61.0,46.0,144.0,25.0,0.1317196308501449,0.19754290928876098,0.1646381496397755,0.19612511377519326,0.6891804962151773,0.5626505016778737,0.7354624762121481,0.6564624139671041,0.19112501234947765,0.3510934562391227,0.22385662758447072,0.2987606138636008,0.0034478155612786554,-0.03273161523499307,-0.038512845810028395,0.07490398627913009,-0.045579063592319086,0.12723682865465197
1077,PO4P,-0.9431374163001431,-0.8989728679975493,-0.840664080991296,-0.6952623818968923,-4.656721871163015,-3.9200204951380533,-4.266178637713846,-4.0603683205008885,61.0,46.0,144.0,25.0,0.9031620571426918,0.6694384508313288,0.852308659132781,1.0343243327854594,0.6891804962151773,0.5626505016778737,0.7354624762121481,0.6564624139671041,1.3104869654650018,1.1897944618106693,1.1588744316670316,1.5756032802165734,-0.10247333530884717,0.15161253379797013,0.1454016990944037,0.41672884854954173,-0.058308787006253304,0.030920030143637645
1082,DOC,0.6195314013059634,0.27135109052793777,0.2011203189087765,0.4050419689987992,1.032922858529179,1.0931771855384642,1.0338519497526604,0.9168659912754227,72.0,69.0,163.0,12.0,0.5897652961021775,0.30331535025057427,0.3932337849431551,0.34952827575465395,0.28645105583525066,0.5347039671064835,0.4021048780330562,0.4188944311867211,2.058869339414741,0.5672584624571723,0.977938359929143,0.8344065944358487,0.41841108239718694,1.080930979485598,0.2039216500900227,-0.14353176549329427,0.07023077161916128,-0.41067989747197076
1082,NO3N,0.551345007429038,0.27557452799400667,0.42141817360072886,0.39715543113643137,1.699180177728707,1.6189116892019029,1.6136731969989084,1.5633490791973335,72.0,69.0,163.0,12.0,0.178098942011209,0.22384820079064752,0.18457914911303777,0.2053150376344658,0.28645105583525066,0.5347039671064835,0.4021048780330562,0.4188944311867211,0.6217430111817802,0.4186394987903079,0.4590323549814382,0.490135514699519,0.12992683382830916,0.16271065620034203,-0.024262742464297493,0.03110315971808081,-0.1458436456067222,-0.04039285619113031
1082,PO4P,-0.4232466161864157,-0.17956166049482247,-0.6174462702446907,-0.03417612357256006,-3.2815779843043287,-3.408886605149821,-3.2746691700202457,-3.5957584865071115,47.0,67.0,133.0,9.0,0.8043312360500519,0.3784882923928684,0.649211143213327,0.6599947819830834,0.22438601757017557,0.5342508863958219,0.4062631766851396,0.47835584732215203,3.5845871536915235,0.7084467279899835,1.5980063674746379,1.3797150921803312,0.194199654058275,1.9865807862168856,0.5832701466721306,-0.2182912752943067,0.4378846097498682,-0.8895596394846543
1086,DOC,-0.07211865074352998,0.05745223327330538,-0.026995121667694244,0.10721868507823493,1.0788089797182967,1.3629391666195756,1.1998458825712814,1.3204620123783306,64.0,51.0,113.0,24.0,0.07175510639687055,0.1539204479966145,0.07958010343657398,0.09275084050428388,0.4241207359300411,0.7140343705329386,0.37006251894768,0.5208728267941717,0.16918556514224897,0.21556448029487973,0.21504502445389542,0.17806811131834172,-0.045123529075835736,-0.04585945931164645,0.13421380674592917,-0.03697691313555371,0.08444735494099961,0.000519455840984312
1086,NO3N,0.23091147081687913,0.09875744408774006,0.16002651078742378,0.19544823913135978,2.1609312637246485,2.0375012729920883,2.1011725795933627,2.082680841997808,68.0,60.0,130.0,28.0,0.13675097963869132,0.0857914554054546,0.07942718075636429,0.11326862760125365,0.4249276289029243,0.6555045663547223,0.37570885886661615,0.482495053501398,0.3218218123207338,0.13087850155269412,0.2114061962658231,0.23475603900864753,0.07088496002945535,0.11041561605491071,0.035421728343936004,0.023349842742824423,-0.06126906669968371,-0.08052769471312898
1086,PO4P,-0.9005698310069505,-0.17159938641251735,-0.8852463052222564,-0.7171993157964234,-3.34188824319197,-2.4442226914341805,-3.018157101676678,-2.8531090374888186,40.0,59.0,106.0,21.0,0.3734720586200431,0.3209544300532237,0.356076399532357,0.3609842913628123,0.3391576071899699,0.6579635054747244,0.38404300617223397,0.46396264137316157,1.1011755322676662,0.48779974479230925,0.9271784508755391,0.7780460303752676,-0.015323525784694092,0.1739970813921271,0.16804698942583307,-0.14913242050027142,0.7136469188097391,-0.4393787060832298
1113,DOC,-0.04923106742756109,-0.05386010280898497,-0.07797292370068148,-0.10159824648190512,1.4477475489276121,1.5412861863639455,1.5244241408635473,1.65533434261564,57.0,48.0,136.0,23.0,0.13323342678757594,0.13682017077752423,0.14339337223322723,0.13447770812074963,0.4129656975994522,0.4412601890173879,0.4372107225837819,0.41018483219427515,0.32262589256699725,0.310066881587935,0.3279731370397692,0.3278466134434176,0.028741856273120397,-0.0053472444727719615,-0.02362532278122363,-0.00012652359635162425,0.024112820891696515,-0.01790625545183422
1113,NO3N,-0.5040237823059672,-0.15319227127019064,-0.11368852270466011,-0.08963794321330239,1.8916105968782273,1.428502901532264,1.367682104614106,1.3250111363916683,60.0,49.0,144.0,23.0,0.2779413766899288,0.16320032518926075,0.19118145221750235,0.14448242522923796,0.40812937677557093,0.43739040653405703,0.46910731994466937,0.41018483219427515,0.68101291528144,0.3731227817328758,0.4075431017364043,0.3522373668873426,-0.3903352596013071,0.27346981354503574,0.02405057949135772,-0.055305734849061705,-0.03950374856553053,-0.034420320003528515
1113,PO4P,-0.6034142780360856,-0.6656027030124925,-0.5368970707549972,-0.6251398194197081,-1.2256853405357429,-0.9361738347684081,-1.2112594684145042,-0.9255349014421272,60.0,49.0,144.0,23.0,0.76660684572604,0.6398046688313165,0.8307312700274798,0.7101936334449507,0.40812937677557093,0.43739040653405703,0.46910731994466937,0.41018483219427515,1.878342725002113,1.4627770963273257,1.7708768009108524,1.7313990613592043,-0.06651720728108845,0.10746592409126055,-0.08824274866471093,-0.03947773955164813,-0.12870563225749532,-0.30809970458352676
1114,DOC,-0.11898206998910384,-0.007436289655558953,-0.05442075051841628,-0.01624271539032497,1.6311850886790187,1.5790732211461496,1.5943584269919866,1.5309980933185623,61.0,57.0,157.0,25.0,0.11729380235681564,0.09187541634419079,0.11664662673825289,0.0971951318701403,0.44726273974683417,0.5147860824221476,0.4963910765352703,0.45496399706910573,0.26224809699821605,0.1784729997203942,0.23498937078488102,0.2136325786134173,-0.06456131947068755,0.027258726213335027,0.03817803512809131,-0.021356792171463718,0.046984460862857326,-0.056516371064486814
1114,NO3N,-0.18202408306196172,0.032530756051475054,-0.046530185417743834,0.030977785189101333,1.5707804835451518,1.1521368320523708,1.3567831998560964,1.1585179144128024,72.0,63.0,175.0,26.0,0.23099630718401457,0.17471538387447633,0.15162706899732498,0.13533631214156655,0.45116478525084497,0.49123221287625823,0.4996105218260402,0.449804906960462,0.5119998606619575,0.35566760341607984,0.3034905438803391,0.300877802903699,-0.13549389764421788,0.20850931678161838,0.07750797060684517,-0.0026127409766401044,0.07906094146921888,0.052177059535740755
1114,PO4P,-0.8421390635352126,-0.6058920949120437,-0.6281502761879487,-0.3254669196572441,-0.9068416450383012,-0.7012633466998646,-0.955806295954482,-1.7018371354583395,46.0,60.0,149.0,21.0,0.6683718606169897,0.5538097325343233,0.7533662806367388,0.5102313751209981,0.4064935069788996,0.4956701428026634,0.5007663108926157,0.43984305737072577,1.644237482621546,1.1172949199702078,1.5044268439182018,1.1600305303692562,-0.2139887873472639,0.1398106387033442,0.3026833565307046,-0.3443963135489456,0.022258181275905065,-0.387131923947994
1115,DOC,-0.1639813793780523,-0.016801402532471324,-0.11351487793938408,-0.07291356124419313,1.7206126612008046,1.5944268779003288,1.7191382900657888,1.6830501849800978,71.0,60.0,164.0,29.0,0.09588318484063388,0.10002901939642837,0.10928977429500294,0.08250050692277039,0.44466030152352254,0.5206032852265684,0.47323319557264,0.41388662251086444,0.21563243786799272,0.1921405842702191,0.23094274729133465,0.19933117534042735,-0.05046650143866821,-0.015310309423341939,0.04060131669519096,-0.0316115719509073,0.09671347540691276,-0.038802163021115554
1115,NO3N,-0.047600526865680746,0.002147041366317369,-0.008819116596990542,0.13067259071230417,1.3680497306965704,1.1884897175928055,1.2523884198407615,0.8339328074812109,72.0,62.0,173.0,29.0,0.1439922165191776,0.19586769153047318,0.1308068122516108,0.1470013876998165,0.4413582563015116,0.5121245097376715,0.48092884234176775,0.41388662251086444,0.32624792776236194,0.38246107695724935,0.2719878716665825,0.3551730829279406,-0.038781410268690204,0.05426005609577944,0.13949170730929472,0.08318521126135808,0.010966157963307912,0.11047320529066684
1115,PO4P,-0.3517082399479839,-0.5133266447060888,-0.6867034024728407,-0.2879764329123557,-1.8959802212737928,-1.1298663612167423,-1.003762631632753,-1.8417727991309703,46.0,59.0,152.0,19.0,0.592251933896437,0.5413054367633526,0.7637303673853626,0.5294212195253423,0.3628173527558422,0.5142649324497819,0.4847542516010772,0.34788939867054286,1.6323693709738099,1.052580883135,1.5755000907426089,1.5218090046679265,0.3349951625248568,0.05686928023120097,0.398726969560485,-0.053691086074682426,0.17337675776675188,-0.5229192076076088
1117,DOC,-0.14176388668818418,0.0858114197745096,-0.0956104385362784,-0.07350707732724798,1.7675075400083944,1.2734181755729514,1.7124308301180653,1.75712573004411,55.0,45.0,124.0,28.0,0.09534228806474851,0.09469973400285371,0.10318410262817165,0.07881697188398178,0.5017640394503879,0.48619926027218374,0.433586326832046,0.3380439617558128,0.19001419107113096,0.1947755616695899,0.23797822081262504,0.23315598206399996,-0.04615344815190578,-0.04796402974149408,0.02210336120903042,-0.004822238748625085,0.181421858310788,-0.043202659143035144
1117,NO3N,0.055496802115442306,-0.08044374606770233,0.17755848059864746,0.1271869179667802,1.2102089724607923,1.5094943450664566,0.8004754627694755,0.864960060886113,60.0,45.0,131.0,28.0,0.14941757286151452,0.2496967268636846,0.17410575252124944,0.15549232937821592,0.5067389724107528,0.48619926027218374,0.4441996340866912,0.3380439617558128,0.2948610250967623,0.5135687099233749,0.39195384048261167,0.45997665087872897,-0.12206167848320515,-0.09709281538584935,-0.05037156263186726,0.0680228103961173,-0.25800222666634975,0.12161486944076322
1117,PO4P,-0.5521365032994014,-0.433440250395222,-0.4726682226010046,-0.4747394091379642,-1.509553922698788,-1.6102521146906397,-1.711262311804338,-1.4922146736966109,60.0,45.0,131.0,28.0,0.4070016768411179,0.371706788104404,0.4492142118670275,0.37472662300999127,0.5067389724107528,0.48619926027218374,0.4441996340866912,0.3380439617558128,0.803178162723214,0.7645153303941996,1.0112890182601042,1.1085144697265035,-0.07946828069839684,-0.20811085553689024,-0.0020711865369595905,0.09722545146639927,0.03922797220578261,-0.2467736878659046
1119,DOC,-0.08631103516498151,0.017417615924926567,-0.11403163998602371,-0.08020909965532254,1.5778609507519745,1.457169763960408,1.7343586740823564,1.709603395340754,67.0,59.0,166.0,22.0,0.08491924509408441,0.11091190902361037,0.09591080478212498,0.07176256258896152,0.49641427704089097,0.47317374897007336,0.41927999512497655,0.4407110397772711,0.17106527556033482,0.23439996251910664,0.22875120658579584,0.1628335941510094,0.027720604821042202,-0.05768593102546102,0.03382254033070117,-0.06591761243478644,0.13144925591095027,0.005648755933310795
1119,NO3N,0.13598124258333116,0.02308397010461836,0.21286892004343697,0.31390350945292766,0.9264403489312265,1.077269941755236,0.6173115497805268,0.2835481259470406,72.0,59.0,173.0,22.0,0.21808873890657143,0.21692481116458914,0.18929741915032952,0.21593223508326917,0.490149809876681,0.47317374897007336,0.424083311521941,0.4407110397772711,0.4449430245855678,0.45844641981250084,0.4463684705511826,0.4899632992910687,-0.0768876774601058,-0.0014254459656148355,0.1010345894094907,0.04359482873988607,-0.18978494993881861,0.012077949261318222
1119,PO4P,-0.7515587127675489,-0.456543895163417,-0.46486293312286736,-0.2137567188008655,-1.100454561192813,-1.6362382062852547,-1.7792755345769313,-2.29807452994846,49.0,55.0,143.0,19.0,0.5509310763486895,0.5231962606252647,0.5748036893785334,0.4894571768815559,0.4698131461855746,0.4784815921574093,0.43077228274408125,0.4320552234684637,1.1726599837014215,1.0934511780615068,1.3343562536497275,1.1328579086540822,-0.28669577964468157,-0.161696269948306,0.25110621432200186,-0.20149834499564534,0.008319037959450382,-0.24090507558822072
1123,DOC,-0.038514424250867575,-0.11479673516359533,-0.07179892963244211,-0.02168401267389876,1.4620127200307103,1.80349593097301,1.5871184643827314,1.6359165683412635,69.0,61.0,144.0,25.0,0.14080733430824302,0.18151451935631938,0.17206253596985366,0.1381489978116629,0.781577898275786,0.6164738722740166,0.7510968187813707,0.4844445584054365,0.1801577739325454,0.2944399227930911,0.229081699812042,0.2851698825277022,0.033284505381574535,-0.048923925879496594,0.05011491695854335,0.05608818271566021,-0.04299780553115322,0.06535822298104912
1123,NO3N,0.13861322728586825,0.13947817903399298,0.15665396462410625,0.1537285571636346,1.237002785035282,1.105408307833203,1.19077659313221,1.1139056209934681,71.0,62.0,153.0,25.0,0.20840810421687658,0.16983461942728742,0.19476033997587766,0.1513997910975465,0.7889138626492701,0.6102556381233238,0.7566408604388525,0.4844445584054365,0.2641709242084002,0.2783007789154851,0.2574012985010041,0.3125224310411977,-0.018040737338237994,0.0067696257073960875,-0.002925407460471652,0.055121132540193574,-0.017175785590113263,0.020899480414480975
1123,PO4P,-0.6111458468510349,-0.8459130136888898,-0.5700819021965294,-0.16950109717406744,-2.4645224606503993,-1.8789212014022945,-2.230824786388944,-2.3289509008589158,47.0,61.0,122.0,21.0,0.8846009249523642,0.7994940029170529,0.8518595891653745,0.4876242869755476,0.6979656865551244,0.6069071651951078,0.7861735952647985,0.5112927107987618,1.2673988736013595,1.3173250354690285,1.0835515136812142,0.9537086617443882,-0.04106394465450547,0.18384735992014534,0.40058080502246196,-0.129842851936826,-0.2758311114923604,0.2337735217878143
1129,NO3N,0.700321110177304,0.2965072532958515,0.5745110726166353,0.22182930639200266,1.982113338572273,1.5440396414861883,1.696039158559332,1.7343179937355278,73.0,67.0,179.0,17.0,0.277215884542007,0.23463993167615665,0.2646628759903303,0.1687887565871726,0.35533777393198546,0.5739722186358851,0.4399054690078536,0.48933423015685257,0.7801475240711909,0.40880015453327523,0.6016357936791308,0.34493551888464574,0.12581003756066877,0.17851173039206014,-0.3526817662246326,-0.25670027479448504,-0.2780038193207838,-0.19283563914585555
1129,PO4P,-1.179822588537695,0.056480279505316935,-0.47771963977788906,0.1955701690684459,-4.41565997271592,-3.3792199026239267,-3.5966867440703645,-3.5978853652225946,45.0,67.0,150.0,14.0,0.5146300999374174,0.3416035899110944,0.31129514603317904,0.27789877572709853,0.35098843810963665,0.5739722186358851,0.4518793872071343,0.5238381654717201,1.4662309183434263,0.595157010774767,0.6888899003717697,0.5305050186193452,-0.7021029487598058,0.7773410179716567,0.6732898088463349,-0.1583848817524245,0.534199919283206,-0.09373288959700266
1137,DOC,-0.037642249468764905,0.07648474012319814,0.023883379511412284,0.10043404097447509,1.5701612610027171,1.4942880859447771,1.5314714499761284,1.4982599108541348,56.0,36.0,112.0,12.0,0.08659107209340955,0.07836619798689054,0.06808404975587108,0.06733818799408947,0.2691824586862829,0.5651764655876426,0.3764680744998866,0.5065041246810158,0.3216817043577368,0.13865792855583475,0.18084946471574334,0.1329469686678217,-0.06152562898017719,0.14083223964199346,0.0765506614630628,-0.04790249604792163,0.05260136061178586,-0.04219153615990859
1137,NO3N,0.609664028195172,0.28840403268667847,0.6271530242679367,0.9062956697667701,1.0054988905928794,1.0039834901536258,0.7195021967607648,-0.10468839043779687,60.0,54.0,144.0,18.0,0.4174268115095393,0.2950407402983848,0.3601696850323154,0.462607988353809,0.29411578256843396,0.5559487613995011,0.4189706329998549,0.4396562559188797,1.4192601562019669,0.5306977203360841,0.8596537720400087,1.052203811786916,-0.017488996072764773,0.5596063841619582,0.2791426454988334,0.1925500397469072,-0.33874899158125826,-0.3289560517039246
1137,PO4P,1.4281845840285272,0.3703174567747891,0.7096931546437971,0.3520577206834685,-5.927216326519163,-4.622599725049297,-5.273170004782818,-4.499145511315618,40.0,50.0,108.0,18.0,0.767951599142419,0.4473983125040689,0.6977579445813602,0.3779707173730441,0.2625562224874185,0.5569761436712993,0.4266689122015264,0.4396562559188797,2.924903443030068,0.8032629720099861,1.6353615757498443,0.8596959835885581,0.7184914293847301,1.289541867280224,-0.3576354339603286,-0.7756655921612862,-0.339375697869008,-0.8320986037398582
1139,DOC,0.10336511255136922,0.1569104992694609,0.17931199841968962,0.18620031537054482,1.262622329328765,1.292706137285529,1.1830480451707672,1.1376628927471717,59.0,34.0,138.0,9.0,0.08121116926955892,0.11177369801034748,0.09701354547351318,0.1204126482357253,0.21899352853185358,0.4999641342278115,0.4112956733144048,0.6543655279622849,0.37083821523861327,0.2235634325709795,0.235873002727538,0.18401435144466446,-0.0759468858683204,0.13496521251107527,0.006888316950855206,-0.051858651282873536,-0.02240149915022871,-0.012309570156558508
1139,NO3N,1.1621233813082468,0.5756453698531252,0.9180141695947176,0.788349479093482,-0.9596426540332901,-0.3601232495067488,-0.9272462570611467,-0.6289583341163545,60.0,59.0,172.0,9.0,0.4854275481044667,0.34279740819210963,0.43479898112409815,0.48551818328966234,0.21864905334498078,0.500280120859793,0.39549871662312786,0.6543655279622849,2.2201218833477743,0.6852109326330418,1.09936887997141,0.7419678490729508,0.24410921171352917,1.1207530033763642,-0.12966469050123564,-0.3574010308984593,-0.3423687997415924,-0.4141579473383683
1139,PO4P,-0.05422391956401464,-0.09201822363113793,0.2116065484123936,0.47522493822789175,-4.8776064193801,-3.858601347973111,-4.925425421846708,-6.002223197983227,49.0,56.0,128.0,7.0,0.2578918587975114,0.5894009079196094,0.6159900111191982,0.2786803220421046,0.2263754608510928,0.49768686348160157,0.4066455671254106,0.6111269757861724,1.1392217947472218,1.1842806213457517,1.5148081300225391,0.4560105069549609,-0.26583046797640825,-0.37558633527531726,0.2636183898154981,-1.0587976230675782,-0.30362477204353155,-0.3305275086767874
1141,DOC,-0.00246756047806705,0.23905362764992105,0.28272311677552253,,1.4022594440320637,0.980310903119246,0.8324098366986191,,72.0,68.0,181.0,3.0,0.10973294708492061,0.12883972311687225,0.13547011437867637,,0.24526868869177246,0.41016378407654164,0.31532373113937007,,0.44739892266811637,0.3141177454439253,0.42962232461596706,,-0.2851906772535896,0.017776598052149317,,,-0.04366948912560148,-0.11550457917204177
1141,NO3N,0.9560479222246828,0.8259059115343949,1.0098346348103546,,-1.150410177045762,-1.4501494676165292,-1.695198197003227,,72.0,71.0,190.0,3.0,0.4951327036072456,0.39968240523880183,0.48325147232407506,,0.24526868869177246,0.4094016163971933,0.31357794630136393,,2.018735886134555,0.9762599590008406,1.5410888362016584,,-0.0537867125856718,0.47764704993289664,,,-0.18392872327595977,-0.5648288772008178
1141,PO4P,0.24545377216996225,-0.1468965281395272,0.6370123983040085,,-6.19229134070123,-4.439169700314811,-6.39561843387732,,62.0,67.0,144.0,3.0,0.43252646111429244,0.49318991951456775,0.6045925515714432,,0.22967818248929162,0.402185220017091,0.3190228137533994,,1.883184795466841,1.2262755938510357,1.895138922694054,,-0.39155862613404624,-0.011954127227213007,,,-0.7839089264435357,-0.6688633288430184
1147,DOC,0.03934731518516781,0.08349006557820117,-0.020253863703977762,-0.019820114652009713,1.5756067913424412,1.6005057215620957,1.6871770547860947,1.7795292543627537,57.0,65.0,127.0,13.0,0.1353550808908869,0.17070754449273362,0.17583452186532636,0.1992394445894153,0.4198343141466583,0.6626448763390248,0.4774765092146649,0.36166877054827506,0.322401186206052,0.2576154296036473,0.36825795295046504,0.5508892688947858,0.059601178889145574,-0.045856766744413024,0.00043374905196804855,0.1826313159443208,0.10374392928217893,-0.11064252334681773
1147,NO3N,0.46479152789852773,0.1598538277491747,0.42902851754729343,0.4759546746673081,2.0071916729431387,1.8589528205885162,1.8265504010418683,1.6920781109706926,73.0,71.0,154.0,14.0,0.23405509548968584,0.17255879754014275,0.21347476242426006,0.2315998932641386,0.42202896038865984,0.6517503543198797,0.4695825281603655,0.4019950236198791,0.5545948677885448,0.2647621077555268,0.4546054199686003,0.5761262693717727,0.0357630103512343,0.09998944781994451,0.04692615712001469,0.12152084940317237,-0.26917468979811876,-0.18984331221307355
1147,PO4P,-1.092350436724105,-0.3209026280219556,-1.123478855404356,-0.9507167640697766,-2.8373087527770124,-2.614207023838288,-2.3180608052087868,-2.031186203429466,37.0,69.0,136.0,10.0,0.5161845469833942,0.4570366318349798,0.48248472580082075,0.5853594450311641,0.37315024593780777,0.6438950113653513,0.4819726515264449,0.440711011158913,1.3833155748996229,0.709799926646199,1.00106245504336,1.3282160649716404,0.031128418680250958,0.38225311985626287,0.17276209133457943,0.32715360992828035,0.8025762273824004,-0.29126252839716105
1154,DOC,0.024687230650418494,0.13859515497607366,0.07646381612815858,0.17760844660520486,1.7087662582143532,1.9173975578370113,1.8388328568192778,1.8449514207366786,50.0,57.0,136.0,9.0,0.11705334084580436,0.12729443732382456,0.09555203913846018,0.09036031098774334,0.5409368959457334,0.5716880937523443,0.47046869101829847,0.3574388844116898,0.21639001096635702,0.22266413926571751,0.20309967690229097,0.2527993313779159,-0.05177658547774009,0.013290334064066045,0.10114463047704628,0.04969965447562491,0.06213133884791508,0.019564462363426544
1154,NO3N,0.2277471502921952,0.019037313298079582,0.18278874204265422,0.1458587327445275,2.4416828163542066,2.095016970550841,2.253362651190044,2.276006873843211,72.0,63.0,166.0,11.0,0.22054917120453923,0.18880272114909602,0.18700335229719062,0.11705595294366042,0.5667019744234751,0.5633810809019406,0.4744183801772262,0.4452699950797361,0.3891801708100828,0.3351243546319194,0.3941739192889885,0.26288758334748963,0.044958408249540976,-0.004993748478905657,-0.03693000929812673,-0.13128633594149886,-0.16375142874457463,-0.059049564657069065
1154,PO4P,-0.4819386733356577,-0.3301234605632805,-0.4510868153930668,-0.5088473702107504,-4.1298873254984345,-3.2578953391454575,-3.733266568384492,-3.371759737721612,64.0,56.0,145.0,11.0,0.5237230857178085,0.642454677699925,0.6008395387754277,0.5924791905412682,0.5796761897749704,0.5550481065972216,0.4684237119024227,0.4452699950797361,0.9034752417916582,1.1574756675390865,1.2826838682764816,1.3306065917043677,-0.030851857942590932,-0.37920862648482345,-0.05776055481768366,0.04792272342788606,0.12096335482978626,-0.12520820073739514
1168,NO3N,0.27067831119009506,0.3947502363899569,0.4346344953201691,0.724045572573686,1.3302222688240923,0.744066095897015,0.974300985315179,0.6771333269224691,60.0,58.0,155.0,8.0,0.37032840779746323,0.3799627516281926,0.38528222002723883,0.42849912976023363,0.6458109292006967,0.5345551965346993,0.5327802177891029,0.4613490722513098,0.5734316207002087,0.710801717187176,0.7231541396676818,0.9287959064688833,-0.16395618413007407,-0.14972251896747313,0.28941107725351684,0.2056417668012015,-0.039884258930212246,-0.012352422480505831
1172,NO3N,0.6188359325506831,0.08896098259016295,0.5199945278031004,0.3974158501347276,2.6210791249351395,1.715715395035789,2.22850973258263,2.151752799691527,62.0,57.0,166.0,16.0,0.3309394094822158,0.24385515002946997,0.29590337204682005,0.27339781981431144,0.43385325723111595,0.7638701008652504,0.40033397920414265,0.5632508119174249,0.7627911141990634,0.31923641173185147,0.7391412855712899,0.4853926777017994,0.09884140474758274,0.02364982862777354,-0.12257867766837283,-0.2537486078694905,-0.43103354521293746,-0.4199048738394384
1172,PO4P,-1.4071016633589026,-0.18476060032438874,-1.0728813987314383,-0.607896824856084,-5.336056296527703,-3.1172734048492177,-4.174046539475153,-3.707954574666658,50.0,46.0,132.0,13.0,0.729072480252761,0.619818795335042,0.5687815590114527,0.577692610608374,0.4208652532715815,0.7882497571212715,0.38594878198628796,0.580653499050787,1.7323180628130768,0.7863228497508861,1.4737229019980698,0.9949007653492947,-0.33422026462746435,0.258595160815007,0.4649845738753543,-0.47882213664877504,0.8881207984070496,-0.6874000522471837
1175,NO3N,0.34539704093694956,0.2508338884968521,0.4451578057792124,0.5452402408616143,1.9858462032797384,1.7200109992188866,1.8635164036732932,1.749149701077136,71.0,66.0,155.0,19.0,0.19376945716031427,0.1768573802240533,0.18834188212870234,0.19309533294633008,0.3815319980921218,0.45409188167622094,0.3572156438194414,0.2601724538230281,0.5078721001889026,0.38947487801633307,0.5272498150274232,0.7421820800355576,-0.09976076484226282,-0.019377714838520577,0.10008243508240189,0.21493226500813445,-0.19432391728236026,-0.13777493701109012
1186,DOC,-0.05300712194803716,0.11637948982163002,0.06932884529807243,-0.07399315590618159,1.7493257069248942,1.764313863399257,1.7478549935750158,1.9808693823469146,47.0,65.0,178.0,10.0,0.0891017884865114,0.10284421592857196,0.08517412777315841,0.07737975137223223,0.40788118781392685,0.5340323580651901,0.4332235842159181,0.29593949158426924,0.21845035061327503,0.1925804951242629,0.19660547319304697,0.2614715290547771,-0.1223359672461096,0.02184487742022806,-0.14332200120425403,0.06486605586173014,0.04705064452355759,-0.004024978068784074
1186,NO3N,0.594375492064633,0.0961849675731459,0.3660423929331575,0.33719000507385766,1.6646411475491416,1.7143551445799925,1.6135940046679575,1.6456795523796501,72.0,71.0,193.0,12.0,0.2664621929515568,0.2084060946277564,0.2023308593380377,0.15389276148122197,0.39015385055157376,0.5227640105887696,0.4391033447748366,0.30944453417310774,0.682966969504082,0.3986619017499624,0.46078186774411595,0.4973193722501886,0.22833309913147554,0.22218510175996603,-0.028852387859299833,0.03653750450607263,-0.26985742536001156,-0.062119965994153536
1186,PO4P,-1.0525084957788233,-0.7968902861836703,-0.9965802763154914,-0.985826522497634,-1.9729884382437977,-1.6939980840602944,-1.79399232610719,-1.4986295941553216,49.0,63.0,166.0,10.0,0.45835872714596043,0.6088475598684469,0.5585580638162585,0.39280775809646773,0.33573139056712714,0.5085757505759274,0.436546167440856,0.3206857249985361,1.3652543075334351,1.1971619944108,1.279493683544783,1.22489941857643,-0.05592821946333193,0.08576062398865214,0.01075375381785737,-0.05459426496835307,0.1996899901318211,-0.08233168913398292
1196,NO3N,0.2460801649564745,0.14719754109984473,0.2918002949499125,0.33729163227672204,2.454204877330236,1.7944258444603205,2.2798313328149726,2.1963792383633995,72.0,68.0,163.0,21.0,0.5286715746669384,0.44192285330221903,0.4815913716544272,0.53821493045859,0.550129197712025,0.763203713423741,0.5513620962042052,0.5485899220326467,0.9609953023138412,0.579036560657898,0.8734575245013989,0.9810878925088251,-0.045720129993438,0.08753777781244232,0.045491337326809544,0.1076303680074262,-0.14460275385006777,-0.2944209638435009
1218,NO3N,0.18906951122907573,0.059179187055796674,0.09721270141936263,0.10432601832881125,2.1262566546894046,1.852236922773362,1.9509207687125136,1.901871672833076,60.0,52.0,158.0,28.0,0.11420573168557996,0.0971191870195842,0.08261915932198154,0.09430299872221004,0.46020949223777663,0.5484497022255004,0.5095447590897684,0.5936555944408266,0.24816031310056777,0.17707947807336527,0.16214308527001495,0.15885136029255395,0.0918568098097131,0.08601722783055282,0.007113316909448622,-0.003291724977460997,-0.03803351436356595,0.014936392803350323
1226,DOC,-0.09426729101706449,0.04883686493449608,-0.0147375692908949,-0.02866432427937066,1.1690525946462786,1.4816335430360073,1.3611882567590208,1.466662367801172,63.0,52.0,157.0,31.0,0.12613469052029702,0.15388360364582107,0.11715024138706352,0.12198849276006933,0.7502184932598651,0.6581214732758912,0.737868672567026,0.6766177936310853,0.1681306068212394,0.23382249310274594,0.1587684173926247,0.18029158249802332,-0.0795297217261696,0.009362189428614692,-0.01392675498847576,0.021523165105398617,0.06357443422539098,0.07505407571012124
1226,NO3N,0.32213039803910964,0.10306204015232112,0.19279765194707876,0.1191364800044558,2.335073885512161,2.122971745684872,2.189706016430038,2.1713864137441923,63.0,52.0,157.0,31.0,0.2778808787557574,0.16179482491599984,0.2084404226577876,0.17766789967993507,0.7502184932598651,0.6581214732758912,0.737868672567026,0.6766177936310853,0.3703999318229328,0.2458434065532668,0.2824898662964356,0.2625823638578526,0.12933274609203088,0.08791006552649722,-0.07366117194262296,-0.01990750243858297,-0.08973561179475764,-0.03664645974316877
1226,PO4P,-0.5834741526904373,-0.4721856209555178,-0.5472938003276011,-0.4925050359754142,-2.7740668814081175,-2.3797788967900937,-2.6153916448608503,-2.4897253804445616,38.0,52.0,127.0,26.0,0.36418847680065064,0.4062314402465911,0.4534879885737566,0.43861600332834094,0.6512800253201186,0.6581214732758912,0.7486537592472645,0.7094412534917054,0.5591887707927844,0.6172590573963763,0.6057379435718282,0.6182555654461517,-0.03618035236283623,-0.0465491727790438,0.054788764352186936,0.012517621874323481,0.0751081793720833,0.011521113824548124
1235,DOC,-0.1668999829873282,-0.020848297019937945,-0.09124632099674498,-0.014605601740134673,1.274761328240105,1.334257554947671,1.319129942721987,1.1625508074755733,51.0,44.0,132.0,25.0,0.1345066236668112,0.16622230364127483,0.1299732360298827,0.09167039792055023,0.37683678056124187,0.5504142208016983,0.5041651232830564,0.5487836899553648,0.3569360280238138,0.30199492919926013,0.25779894329761294,0.16704286151070968,-0.07565366199058321,0.09913708472620086,0.07664071925661031,-0.09075608178690325,0.07039802397680704,0.044195985901647195
1235,NO3N,0.1759248789632559,0.04028982306428465,0.12515878406623218,0.07897989053414418,1.090760747601028,1.1710242024696373,1.0848853752689704,1.0739628878545184,60.0,48.0,142.0,26.0,0.2005299056833232,0.1814819573052491,0.1991713508682952,0.21215581775653045,0.3949950934129078,0.541099554367704,0.4991354841670424,0.5359016741740189,0.5076769535304061,0.3353947639400995,0.39903264181001374,0.3958857155718436,0.05076609489702372,0.10864431172039235,-0.046178893532088,-0.0031469262381701446,-0.08486896100194753,-0.06363787786991426
1235,PO4P,-0.8268009827457466,-0.6274723296497416,-0.7471334052310737,-0.7419331911888302,-1.3758954444696174,-1.5914688886289603,-1.440009066933408,-1.3827274062330899,54.0,47.0,140.0,23.0,0.3139481379335512,0.350436788063842,0.3637762605174536,0.5145880815822669,0.3711783143208383,0.5462042078330566,0.4996092790185302,0.5236063944537243,0.8458148706989961,0.6415856616230069,0.7281215057336062,0.9827765417554418,-0.0796675775146729,0.11769336496538985,0.005200214042243578,0.2546550360218356,0.1196610755813321,-0.08653584411059934
1237,DOC,-0.07782843223349468,-0.0841913043343287,-0.14531719454186934,-0.06867677928238711,1.4630542665781028,1.7697717204723677,1.7851823306845245,1.6370572782257815,61.0,57.0,155.0,27.0,0.17431026196783295,0.18460956505389822,0.18826937870569485,0.17203416756838374,0.5121511033343956,0.5599180122924119,0.5761803336648756,0.5091009423615488,0.3403492852655667,0.3297082090609502,0.3267542602646312,0.3379175979725648,0.06748876230837465,0.013595025000935457,0.07664041525948223,0.011163337707933596,0.06112589020754064,0.0029539487963189948
1237,NO3N,0.4487713449828572,0.0676835295388759,0.23549220106160174,0.2903972383181489,0.31376770633147266,1.1602860110130147,0.7356884925383013,0.4325786450278497,72.0,59.0,163.0,30.0,0.34316992851093764,0.18622961652388376,0.2465682127714659,0.2669113268428896,0.5336851323497648,0.5501628573769971,0.5741884245077828,0.5040932961959432,0.6430194654289753,0.33849907173262805,0.42942038231236374,0.5294879516492123,0.21327914392125547,0.21359908311661152,0.05490503725654716,0.10006756933684852,-0.16780867152272583,-0.09092131057973568
1237,PO4P,-0.3247904693133558,-0.4832053103174895,-0.4992974406120703,-0.608699434649404,-1.7239281872636394,-1.2828147489455182,-1.2858801620665359,-0.9083169948996499,46.0,57.0,136.0,25.0,0.18224552095431834,0.25834541476437733,0.2524468330632165,0.29576370819858716,0.46052896888991307,0.5603807500470678,0.5948143248286097,0.46836349255036125,0.3957308514024948,0.46101764691716884,0.42441283359467974,0.631483266528902,0.1745069712987145,-0.02868198219218493,-0.1094019940373337,0.20707043293422223,0.016092130294580842,0.036604813322489105
1238,DOC,-0.2414183507435116,-0.10888901158618847,-0.1544552571966266,-0.16888894871245216,1.9569604843810735,1.8899712701611837,1.8735133088101714,2.010551861060057,54.0,40.0,135.0,23.0,0.16248866022028663,0.1148063958465738,0.12939503756048862,0.13963912620882574,0.5409790889821949,0.5415763757266078,0.5812097789554371,0.5511362321309573,0.3003603346776211,0.21198560534060115,0.22263052385842544,0.25336589769994583,-0.086963093546885,0.07772981081919564,-0.014433691515825575,0.03073537384152039,0.04556624561043812,-0.010644918517824287
1238,NO3N,0.6918138690112878,0.19159333847837917,0.3455708176628971,0.3065139666400162,-0.4056146128545881,0.6690178998463482,0.2994933851629591,0.28783488312874006,60.0,48.0,153.0,27.0,0.44430397499710894,0.20349233187965043,0.2855199163839866,0.2581186412187211,0.5230057721690144,0.5457174126472769,0.5861422177165236,0.5686236128350377,0.8495202130456176,0.372889570982367,0.487117132589949,0.45393584682809046,0.34624305134839073,0.36240308045566866,-0.03905685102288092,-0.033181285761858526,-0.15397747918451793,-0.11422756160758196
1238,PO4P,-0.13108869018912966,-0.1907144598067335,-0.22024243157585818,-0.2968868895429575,-2.690885240375513,-2.475946108064571,-2.441449963174203,-2.2446590036797507,39.0,47.0,121.0,21.0,0.2881616256362293,0.24171451613897307,0.25103171104361005,0.30299327356032996,0.45656194323917865,0.5514373073514203,0.5758579945271485,0.5482883171989028,0.6311555965260783,0.4383354425182791,0.43592641489632966,0.5526166873448316,0.08915374138672852,0.19522918162974867,-0.07664445796709932,0.11669027244850194,0.029527971769124695,0.0024090276219494444
1241,DOC,-0.2430348497742352,-0.09883018241175809,-0.21628887862459528,-0.1370130069862545,0.986675577416588,1.29874426268229,1.138991734864271,1.195828019133107,52.0,45.0,120.0,25.0,0.17929755510714007,0.16756133147273142,0.21880082307535792,0.18325114454692018,0.5401555808781181,0.5409160734890424,0.5696391829137303,0.6831905972163138,0.33193687421624024,0.3097732526081531,0.38410423587117337,0.26822843477879227,-0.02674597114963992,-0.05216736165493313,0.0792758716383408,-0.1158758010923811,0.1174586962128372,-0.07433098326302029
1241,NO3N,0.3323074090520488,0.17981029821359998,0.24379405247216734,0.20210691928871893,1.5029100924390035,1.1717859154590906,1.3332804409706853,1.1538186925929246,60.0,51.0,129.0,26.0,0.2473192269681762,0.19000364710793938,0.20565170217083015,0.19726254657053865,0.5427186649644106,0.5453328952566763,0.5558541039743217,0.6640104416574798,0.4557042956766458,0.3484177256875524,0.3699742445012702,0.2970774767910859,0.08851335657988146,0.08573005117537558,-0.04168713318344841,-0.07289676771018427,-0.06398375425856737,-0.021556518813717784
1244,DOC,-0.09618177765388104,-0.16355190328514405,-0.10679602638286144,-0.0870110226117484,0.708664843687595,1.2206799223672613,0.9282433671501986,0.9441094615124153,59.0,47.0,128.0,28.0,0.1830750922119762,0.16974891523668564,0.20401160469443988,0.16637208277193077,0.5296399034367033,0.5079616348887649,0.5547336480300877,0.5922018253275974,0.34565955288498257,0.33417664559225585,0.3677649722869788,0.2809381458422493,0.010614248728980397,-0.02210541940199623,0.019785003771113044,-0.0868268264447295,-0.056755876902282607,-0.03358832669472295
1244,NO3N,0.05457666112793195,-0.010975846845324008,0.038832798168867956,0.047873702708776694,1.1136579631994423,1.0452091994517962,1.09770217519737,0.928507741846959,66.0,53.0,143.0,25.0,0.23874764567897794,0.1951945789347254,0.22070882777225387,0.20474691358138958,0.5284520787241905,0.5028850131800876,0.5401760055150677,0.5970674153353414,0.45178674716423056,0.3881495248792083,0.40858687820056716,0.34292093040514365,0.015743862959063992,0.0431998689636634,0.009040904539908738,-0.06566594779542351,-0.049808645014191966,-0.020437353321358875
1245,DOC,-0.16811900882425326,0.0005020243634785013,-0.1102792547712579,-0.018957437206773366,0.7938201711536297,1.3524155696240914,1.068797919586288,1.2054625617094399,55.0,46.0,140.0,22.0,0.11120264050993629,0.14237131549714468,0.13199535947646543,0.0856920596506696,0.22012335763225613,0.8468173276825781,0.3351650070245764,0.650568497483153,0.5051832831648623,0.16812517982687206,0.3938220181404161,0.1317187352018819,-0.057839754052995365,0.11136126502444615,0.09132181756448453,-0.26210328293853424,0.1107812791347364,-0.22569683831354406
1245,NO3N,-0.21601876569494396,-0.09648202009959898,0.5684923382827342,0.2706857092075164,-0.5664461307441394,-0.0706700009716003,0.5689309927456117,-0.0013829823041138778,61.0,52.0,151.0,22.0,0.44946515720442387,0.4594817477942901,0.5721859452863598,0.5261120632769332,0.2180246764483625,0.8131419864293136,0.3288288304437846,0.650568497483153,2.061533421474318,0.5650695148727667,1.740072318215354,0.8086958795458079,-0.7845111039776781,0.32146110325896404,-0.29780662907521777,-0.931376438669546,-0.6649743583823331,-1.1750028033425872
1245,PO4P,-0.3026771816183935,-0.18753654263963637,0.012570358885362136,-0.14823698272991118,-5.078309778133814,-4.803746086068798,-4.536415920268258,-4.836186227983013,52.0,48.0,118.0,20.0,0.17673270067136698,0.2830629026063678,0.2809995198200484,0.19369127868790686,0.19794165343787018,0.829134698292251,0.33371432715479443,0.6142183892829727,0.8928525027545036,0.3413955575485934,0.8420361277737587,0.31534594546089467,-0.31524754050375564,0.05081637498074487,-0.16080734161527332,-0.526690182312864,-0.20010690152499852,-0.5006405702251653
1247,NO3N,0.3653286522094427,0.08031573151671799,0.21094819771907597,0.19310777392225206,0.9636156838535811,0.8929923557999121,0.8948607014202686,0.7946034658195625,72.0,63.0,154.0,35.0,0.2586176195344622,0.20222301909774493,0.22626657464453928,0.23505171565753438,0.4886308380915696,0.61064717806145,0.5512094160401445,0.6839749956270784,0.5292699505920196,0.3311618007303639,0.41049112743759864,0.34365542185067083,0.15438045449036675,0.11877882315442101,-0.017840423796823907,-0.06683570558692781,-0.13063246620235797,-0.07932932670723475
1247,PO4P,-0.5738685122795774,-0.46733137767547794,-0.5675710104952506,-0.6478776426069436,-3.0993007436225044,-3.1408875560262746,-3.078376621136242,-2.933759322138402,50.0,58.0,125.0,31.0,0.27470761036952124,0.32153944762977016,0.3422606503724371,0.42963414106061665,0.46523128624357857,0.6268631685287261,0.5576032860243231,0.6657683591153835,0.5904753581548556,0.5129340241578343,0.6138067313281712,0.6453207563535733,-0.006297501784326753,-0.023331373173315573,-0.08030663211169298,0.031514025025402126,0.10023963281977266,-0.10087270717033692
1257,DOC,0.013918236398782785,0.03295922874382811,0.006868747601629043,0.020339635090238967,1.1653762120990874,1.8158724037660512,1.4721783298399622,1.5688074592748982,57.0,53.0,148.0,27.0,0.14728293572039972,0.2906895458260837,0.1803877392816311,0.13742000918184255,0.5153392566551775,0.5299030152864339,0.6156871536826571,0.6115713824313267,0.2857980132861279,0.5485712242436558,0.29298603714997784,0.22469986845284318,0.007049488797153742,-0.007188023863849924,0.013470887488609924,-0.06828616869713466,0.026090481142199067,0.25558518709367795
1257,NO3N,0.19895033927752362,0.1846613109351343,0.13352246611729177,0.2329968055903217,0.40030185285221154,0.154621437172628,0.28041062186372284,0.135240302887769,72.0,57.0,163.0,32.0,0.25806297650655513,0.32497993305967043,0.2638935695974784,0.2805787496275542,0.5327482588159035,0.5432834750597051,0.6132355020647885,0.587785993655713,0.4843994743035498,0.5981774671573734,0.43032989562564167,0.47734847828289534,0.06542787316023185,0.054069578677908126,0.09947433947302994,0.04701858265725367,0.05113884481784253,0.16784757153173174
1257,PO4P,-0.1100909468378421,-0.07398893071700997,-0.09073646770209444,-0.18566665735282714,-4.666656020571111,-4.427778627841044,-4.538865354680734,-4.478827699986766,47.0,56.0,136.0,25.0,0.13360807360142277,0.20602402207573342,0.1858538755406055,0.2160841978123902,0.518448395397599,0.540278292597145,0.6278225943129699,0.5125956642100882,0.25770756508747317,0.381329446136667,0.29602928792963645,0.42154901591954885,-0.019354479135747657,-0.038321722842163286,-0.0949301896507327,0.1255197279899124,0.016747536985084466,0.08530015820703057
1259,DOC,-0.04219726043959439,-0.03136680475003304,-0.18037041705972864,-0.1368273994019908,1.3825340345393111,1.991279791837175,1.6998954485483715,1.8739593082838117,61.0,48.0,135.0,33.0,0.1885134723295597,0.3474961334000647,0.22580810006351865,0.2664386244266109,0.5463853528265177,0.4903030493670051,0.5208581615758837,0.5353135182653944,0.34501926406767064,0.7087374509473109,0.4335308856067924,0.4977244462085817,0.13817315662013424,-0.08851162153912179,0.043543017657737854,0.06419356060178927,0.1490036123096956,0.27520656534051846
1259,NO3N,0.06158216911864885,0.030490109475137712,0.11372278405161461,0.17026300732298366,1.004385752240142,0.9003261206410976,0.9573982732332329,0.7583427115419832,72.0,57.0,151.0,36.0,0.22476033728621675,0.23351146206278572,0.24860337445932995,0.28073154187570715,0.5506043817424412,0.477657827636607,0.5143403104797205,0.5226981379119466,0.4082065903197878,0.48886765494490503,0.48334413887851774,0.5370815801968649,-0.05214061493296576,-0.07513754855872995,0.05654022327136905,0.05373744131834718,-0.0832326745764769,0.005523516066387291
1259,PO4P,-0.5823117731140969,-0.5374297434812757,-0.8379362245692502,-0.785613258007907,-2.7523657406155984,-2.806772570264177,-2.6663709457624374,-2.6095069401435866,49.0,51.0,124.0,32.0,0.3033974712892583,0.3022640610813519,0.3794523874080653,0.4613262182041746,0.49328234901110996,0.48163058740170317,0.49463456717855026,0.5153420749516994,0.6150584384328438,0.6275848523491907,0.7671368169283099,0.8951844621796359,0.25562445145515333,-0.15207837849546613,0.052322966561343165,0.12804764525132595,0.3005064810879745,-0.13955196457911923
1268,DOC,-0.003408930786252422,0.05450847006540155,-0.0026776974341092366,0.12210771425436674,1.3115798910678034,1.2217919834284916,1.3139213725815626,1.2288916385555622,60.0,56.0,151.0,16.0,0.09965154707859793,0.258649091601637,0.20860420791628573,0.1304418959538947,0.46222868981321463,0.5626819959868087,0.551675100825788,0.8598986559347075,0.21558927274476808,0.4596718811804682,0.37812873483692044,0.1516944991757252,-0.0007312333521431852,-0.16253946209215236,0.12478541168847598,-0.22643423566119525,0.05718616749951078,0.08154314634354776
1268,NO3N,-0.026036872368149493,0.07259531796734027,0.03535479540068881,-0.007487161628768799,0.3009327652191014,0.03539556637369115,0.16800706521156777,0.14517276535555212,60.0,56.0,151.0,16.0,0.14784051932647715,0.1917194121482094,0.2164893940705775,0.08073501917837053,0.46222868981321463,0.5626819959868087,0.551675100825788,0.8598986559347075,0.3198428020255928,0.3407242696862545,0.3924219051150219,0.09388899333795538,-0.0613916677688383,-0.07257910308942911,-0.04284195702945761,-0.29853291177706653,0.03724052256665146,-0.051697635428767374
1268,PO4P,-0.572768985912175,-0.39208731473018643,-0.4697462451469004,-0.6868695955443073,-2.8319263582182286,-3.0491541268037006,-2.9686078061736105,-2.4946290804654687,58.0,44.0,105.0,16.0,0.258752139505174,0.3160910784818262,0.3540621976332591,0.46012829275161665,0.41953787797944436,0.5837886383995761,0.5292241246733871,0.8598986559347075,0.6167551324599392,0.5414478078031327,0.6690212730792838,0.5350959552919157,-0.10302274076527457,-0.05226614061934465,-0.21712335039740688,-0.13392531778736816,0.07765893041671396,-0.1275734652761511
1269,DOC,-0.09582974761277838,0.0011025177055820545,-0.10209657470070141,-0.09290611602270643,1.3308303067669764,1.3314552418098342,1.4713332902169742,1.5293002119435752,72.0,60.0,158.0,34.0,0.10224935623817105,0.1290059513019296,0.09638733815808412,0.10787719074560159,0.4112495705589118,0.4490183030249479,0.48239683546733925,0.5912888629855699,0.248630913095443,0.28730666530259885,0.19980922566522524,0.18244414447602114,0.0062668270879230326,0.04882168743021775,0.009190458677994978,-0.0173650811892041,0.10319909240628346,0.08749743963737361
1269,NO3N,0.03539368200974926,-0.10371661253711721,-0.008513536593854265,-0.008255464103558612,0.7336270548794726,1.0038757418940565,0.7671976344644167,0.7417813880983856,72.0,60.0,158.0,34.0,0.25316438915976514,0.2073754547995233,0.24860051373090816,0.2444188410425381,0.4112495705589118,0.4490183030249479,0.48239683546733925,0.5912888629855699,0.6155979416968148,0.461841874601716,0.5153444124277214,0.41336621800790285,0.043907218603603526,0.10025352926909337,0.00025807249029565285,-0.10197819441981859,-0.09520307594326295,-0.05350253782600545
1269,PO4P,-0.8319123533509771,-0.6982422045637221,-0.7917485641378429,-0.8452435069087683,-1.0569073274327418,-1.265085467944377,-1.1147252548914957,-0.9493020178137237,45.0,55.0,124.0,28.0,0.3887634281576782,0.35955265225617355,0.358118706881002,0.44298807747550467,0.3855497148652245,0.46004462194510215,0.4841825685598789,0.6208798393514076,1.0083354057039755,0.7815603858946525,0.7396356873114349,0.7134843964949245,-0.04016378921313424,0.2686997183925406,-0.05349494277092537,-0.026151290816510464,0.09350635957412079,0.04192469858321757
1270,DOC,-0.10601651087053472,0.049667088279720925,-0.05813625578927914,-0.08167769941177522,1.402338973183612,1.2021948096403774,1.4057091414676677,1.5495682576511496,72.0,56.0,149.0,35.0,0.10031576918575535,0.1182625654221771,0.08098932595155084,0.09156514007709982,0.39677216719942504,0.46784605316293476,0.48311847108832157,0.5680364509891509,0.2528296525782636,0.2527809407018558,0.1676386451735246,0.16119588790059644,-0.04788025508125558,0.08519100740473903,-0.023541443622496078,-0.006442757272928146,0.10780334406900006,0.08514229552833122
1270,NO3N,0.23048430500987876,0.044397788377917045,0.1586495492917773,0.058702572925111066,0.5910248554651785,0.8492946521175113,0.6261324244428361,0.8329658887513751,72.0,56.0,149.0,35.0,0.2865040141927021,0.19905539685479615,0.24202605493518364,0.19848731858553792,0.39677216719942504,0.46784605316293476,0.48311847108832157,0.5680364509891509,0.72208697554307,0.4254720019738458,0.5009662627677457,0.34942708032187336,0.07183475571810147,0.2211207127753243,-0.09994697636666623,-0.15153918244587233,-0.11425176091386025,-0.07549426079389987
1270,PO4P,-0.6441304269909464,-0.537410345207046,-0.7062362394020433,-0.7869950393805711,-1.3432997534548092,-1.5241794372081183,-1.195040514834765,-0.9016209479281918,48.0,51.0,124.0,29.0,0.2689374394418516,0.29766131663248385,0.3157447230244472,0.39201404849218124,0.3848676365560053,0.4776709372301124,0.4834591857479617,0.592475226055297,0.6987790447865218,0.6231514070304197,0.6530948885291263,0.6616547515449932,0.06210581241109692,0.045684156257395414,-0.08075879997852786,0.008559863015866864,0.16882589419499727,-0.029943481498706626
1271,DOC,-0.07821826741871865,0.03782200339116416,-0.041616698631754954,-0.10012576783298875,1.4916939580428443,1.3333327497598217,1.4966486814203088,1.7393472719965906,72.0,57.0,164.0,31.0,0.120707314397893,0.15678633924313362,0.14174736859270268,0.1572161564330618,0.3962251333688398,0.4637376030777183,0.4848826193365537,0.5261177931649804,0.3046432551403256,0.33809278825477873,0.2923333667571961,0.2988231123819107,-0.0366015687869637,0.012309888383129464,-0.0585090692012338,0.006489745624714605,0.07943870202291911,0.04575942149758261
1271,NO3N,0.1571425823721579,0.01554777872653914,0.07064363745082232,0.04208501827445872,0.8383158961149372,1.0180869162007702,0.9441248745094192,0.9594897976937447,72.0,57.0,164.0,31.0,0.2718768357390543,0.18737078746467925,0.214339818094801,0.2012229216019006,0.3962251333688398,0.4637376030777183,0.4848826193365537,0.5261177931649804,0.6861675669775557,0.40404484394007095,0.442044753817066,0.3824674326093377,0.08649894492133557,0.24412281316048967,-0.028558619176363598,-0.059577321207728295,-0.05509585872428318,-0.03799990987699503
1271,PO4P,-0.4576874236985198,-0.49477599249213494,-0.6445260192696222,-0.9125042769786967,-1.449726866956154,-1.3781512767674462,-1.0729423168971954,-0.14222661437566586,46.0,52.0,141.0,25.0,0.34648460732714553,0.3716458313007415,0.4219589341285142,0.536092219182981,0.3603020004851969,0.47039847801834334,0.4881414393969942,0.5460565637389907,0.961650523340297,0.7900659731434103,0.8644194081325366,0.9817521751084151,0.18683859557110238,0.0972311152077604,-0.2679782577090746,0.11733276697587847,0.14975002677748722,-0.07435343498912628
1278,DOC,0.18741548077524897,0.07841192890666686,0.14232081687823195,0.1082306553061887,1.6818015155169816,1.76850597940083,1.665989216230695,1.7466401986749418,60.0,48.0,139.0,26.0,0.18235554490877007,0.21633384785507995,0.21381475581041484,0.19924467293305262,0.5541275549810829,0.4598992946613668,0.5999391779551908,0.7500631716620724,0.3290858634795655,0.47039395442946036,0.3563940540425659,0.2656371895870376,0.04509466389701702,-0.027308190563000434,-0.034090161572043254,-0.09075686445552833,-0.06390888797156509,0.11399990038689445
1278,NO3N,0.0013543462853050337,0.28212598064211863,0.20196645983494782,0.2534145295368196,-0.373664697157265,0.024140742622377254,0.1271771820966217,-0.015765331632008495,60.0,48.0,140.0,26.0,0.47690264016464456,0.3681382532906043,0.49385084277339875,0.4225573460542529,0.5541275549810829,0.4598992946613668,0.6002885813644383,0.7500631716620724,0.8606369343623876,0.8004757945142577,0.8226890500746996,0.563362343358232,-0.20061211354964278,0.03794788428768803,0.05144806970187177,-0.2593267067164676,0.08015952080717081,-0.022213255560441958
1287,DOC,-0.12839298125680676,-0.03885097384041551,-0.07506842827349366,-0.08784795152101586,1.2103842786615537,1.324522342277394,1.2541518066514639,1.3850343923287336,60.0,43.0,139.0,34.0,0.1266041771489649,0.18956910758972562,0.12696500769884236,0.14468290346507176,0.428949005883867,0.42219999252570495,0.4824219907444792,0.5829057464185414,0.2951497157292434,0.4490031050348349,0.2631824629364604,0.24820977379966622,-0.053324552983313095,0.03196725279278301,-0.012779523247522198,-0.014972689136794198,0.03621745443307815,0.1858206420983745
1287,NO3N,0.040714415658695303,-0.13103835628884788,-0.09810000296890589,-0.05900147732292851,0.7605751190326437,0.9711627675928078,0.9029155754625561,0.7399130533062169,60.0,43.0,139.0,34.0,0.25184367760263643,0.23347300433661566,0.25518826126818034,0.28798671814880844,0.428949005883867,0.42219999252570495,0.4824219907444792,0.5829057464185414,0.5871179887308567,0.5529914932966301,0.5289731110191948,0.4940536611934968,0.1388144186276012,0.05814487771166199,0.039098525645977385,-0.034919449825697946,-0.03293835331994199,0.024018382277435357
1287,PO4P,-0.7121592765184005,-0.4863737648599412,-0.6678790884187936,-0.6697143118692717,-2.1291550673907964,-2.35654828401373,-2.074601844507484,-1.9797844037431607,56.0,43.0,132.0,33.0,0.30902789468181413,0.32208315498163315,0.346872743669792,0.3651456077848806,0.4269224593537862,0.42219999252570495,0.48423862811892177,0.5740920034904308,0.723850169769883,0.762868689444668,0.7163260498594615,0.636040226243923,-0.044280188099606876,0.007524119910421567,-0.0018352234504780407,-0.08028582361553849,0.1815053235588524,0.04654263958520655
1303,DOC,0.1298172059240323,0.10348125868999339,0.08253979061511225,0.05147438234903926,1.3636904968637553,1.4982829935616735,1.3668421048229744,1.386476428845093,62.0,57.0,170.0,11.0,0.08527965559950759,0.14126324137758456,0.08191411972587187,0.08169408282003385,0.37449753364245636,0.5454636348784451,0.427113246121488,0.4069393577465847,0.22771753600098885,0.2589782935925044,0.1917854818826486,0.20075247396175327,0.04727741530892003,0.035932054118340245,-0.031065408266072993,0.008966992079104674,0.020941468074881134,0.0671928117098558
1303,NO3N,0.08644171427964085,-0.03261857172481591,0.11577809197994712,0.12013843956309303,2.3174965035555797,2.0818728329189193,2.282896377967281,2.290248354537025,63.0,57.0,170.0,12.0,0.10822571285975248,0.13043224262628467,0.09993440440827808,0.11070937590630468,0.37236415098604986,0.5454636348784451,0.427113246121488,0.4167151516711022,0.29064482328162417,0.23912179343605758,0.23397636415109627,0.26567158756368786,-0.029336377700306268,0.0566684591305279,0.004360347583145907,0.031695223412591594,-0.14839666370476304,0.0051454292849613115
1303,PO4P,-0.49710929233636597,-0.5014901269948916,-0.6924884304271732,-0.6958243854229099,-2.1176856750083606,-2.118117939697809,-2.348418669873291,-2.289025488103344,32.0,56.0,145.0,9.0,0.25812829020875305,0.34005249754457156,0.3043221317291599,0.3965635637006924,0.30521491892167396,0.5494002498110402,0.4343755334809537,0.4831617831221016,0.8457263200656172,0.6189522077238382,0.7005968528899744,0.8207676549626346,0.19537913809080726,0.1451294671756428,-0.0033359549957366896,0.12017080207266018,0.19099830343228164,-0.08164464516613623
1315,NO3N,0.20162655067790267,0.022331933122800206,0.1339193925299035,0.1323056443096652,1.9016637664396885,1.6845828651935326,1.7375622931446146,1.643350892973278,72.0,55.0,155.0,30.0,0.1963990274861466,0.12761690031314882,0.14133385105206323,0.14123376240401603,0.5442044814587612,0.5267489294599816,0.5008387593677098,0.6503622601916044,0.3608919701647649,0.24227272838310376,0.28219431585225535,0.21716168210991657,0.06770715814799916,0.07869765431250952,-0.001613748220238298,-0.06503263374233878,-0.1115874594071033,-0.03992158746915159
1317,DOC,-0.06799172433314415,-0.11740317076828723,-0.18787860687321928,-0.1313087201676162,1.0594578357118902,1.3275418013721385,1.1718816273004264,1.2246385678130263,51.0,45.0,157.0,23.0,0.10886986014314787,0.16727225662034545,0.1853670890344874,0.1421293607335889,0.5169911998316737,0.500665666382919,0.5045018879787719,0.545731386699731,0.21058358474688663,0.33409971534259814,0.36742595707052567,0.260438311223229,0.11988688254007512,-0.15684237232363904,0.05656988670560309,-0.10698764584729664,0.07047543610493205,-0.03332624172792753
1317,NO3N,0.34424909727994984,0.11045435179606802,0.1646043691106639,0.178999732229488,1.8017948403226907,1.6103359063791325,1.6821237755511411,1.6149031903932753,60.0,47.0,168.0,25.0,0.2552703459941236,0.15435738244743455,0.1617610164627418,0.17118754981220372,0.5283973966575181,0.49487867571180466,0.5000716474626354,0.5196983755636173,0.48310295926680663,0.3119095447493588,0.32347568050201914,0.3293978928191749,0.17964472816928595,0.1596272787647875,0.014395363118824112,0.005922212317155784,-0.05415001731459587,-0.011566135752660356
1317,PO4P,-0.7147779277972122,-0.6622585001508587,-0.6246024937354135,-0.834841430502547,-2.0680733746785847,-1.7764335026520588,-1.9931915094518384,-1.9385712940757431,42.0,46.0,142.0,22.0,0.38019400336342873,0.4324118534544762,0.4037003481046693,0.6058237850668182,0.47528655139825654,0.48905959470565,0.49682900971278326,0.4984296049987589,0.7999258599784218,0.8841700646211258,0.8125538972413233,1.2154650907389957,-0.09017543406179862,-0.012628037262901515,-0.21023893676713346,0.40291119349767235,-0.0376560064154452,0.07161616737980248
1318,DOC,-0.019615188428140144,-0.1776268623079354,-0.1775340162780037,-0.22611707689153182,1.2857083788208648,1.815455577269823,1.5534089232985941,1.7461073327260368,72.0,59.0,163.0,30.0,0.2750344957531836,0.28411912541573103,0.3458011914963533,0.3698329250162474,0.5355213889226436,0.5198218964574421,0.5297071327789691,0.589710615087794,0.5135826531718839,0.5465701374874498,0.652815811035427,0.627143069081753,0.15791882784986355,-0.13923315786354307,-0.04858306061352813,-0.025672741953673972,-9.284602993170354e-05,-0.1062456735479772
1318,NO3N,0.3790403854792509,0.15230645649739946,0.26015295687958045,0.2573827602111667,1.5905693594541546,1.5123661970084867,1.5025350206711932,1.407683409224467,72.0,59.0,163.0,30.0,0.24359319689875203,0.18936238993515647,0.19056969902006826,0.19718050176966612,0.5355213889226436,0.5198218964574421,0.5297071327789691,0.589710615087794,0.45487108813489285,0.3642832116647083,0.3597642682670601,0.33436824219335204,0.11888742859967044,0.09510681986783276,-0.0027701966684137713,-0.025396026073708056,-0.107846500382181,0.00451894339764819
1318,PO4P,-0.6173997290124432,-0.5332601523332963,-0.6194315795880344,-0.7033024981025621,-1.4775599040458935,-1.283544039330842,-1.3484761991772678,-1.1470655995081274,49.0,54.0,136.0,25.0,0.36211440332370903,0.38129100249593983,0.3780794553717799,0.5653388939110154,0.4474380404136604,0.5292114765728632,0.5161859999960884,0.5724228097200825,0.8093062516296805,0.7204889148760604,0.7324481008292456,0.9876246793650114,0.0020318505755911875,0.0768581508004349,-0.08387091851452766,0.2551765785357658,0.08617142725473814,-0.011959185953185236
1321,DOC,0.041893053418812026,-0.14462311973729916,-0.13372279709918966,-0.07055903166441808,1.562798515742218,2.0209906788416614,1.8537734240802173,1.7714128594667342,72.0,62.0,160.0,30.0,0.22419097209286556,0.25328837204283283,0.3404890623122442,0.23113328939103528,0.390427778023365,0.4840589990163008,0.44271611154226315,0.48934906099913916,0.5742188048911032,0.5232592980557382,0.7690911928325879,0.47232805335135175,0.1756158505180017,-0.19487238794148465,0.06316376543477158,-0.2967631394812361,-0.0109003226381095,-0.24583189477684964
1321,NO3N,0.21682774017086748,0.20896623500770575,0.26294422397814476,0.22723133764669098,1.6404470089136427,1.297932087829519,1.3682410151993298,1.4187403871901132,72.0,62.0,160.0,30.0,0.1643652948742036,0.20404291428307117,0.2157010708301794,0.1613135129966204,0.390427778023365,0.4840589990163008,0.44271611154226315,0.48934906099913916,0.42098770662872054,0.42152488580467434,0.487222093812567,0.32964917244809866,-0.046116483807277286,-0.06623438718384644,-0.03571288633145378,-0.15757292136446832,-0.05397798897043901,-0.06569720800789264
1321,PO4P,0.0752358839628693,-0.6612186733804446,-0.49790581944088047,-0.5255104742017219,-1.5969757324274692,-0.18926595145586877,-0.7459830158254038,-0.6530252914151828,46.0,60.0,132.0,26.0,0.28554589976510514,0.49116825576278356,0.5978818199927078,0.3791017232169384,0.35317866414246557,0.4860299342726256,0.4493081253727313,0.46195975395384214,0.8085026893071925,1.010572026798818,1.3306721740158265,0.820637988422726,0.5731417034037498,-0.522169484708634,-0.02760465476084145,-0.5100341855931005,-0.16331285393956413,-0.3201001472170084
1323,DOC,-0.042173070972657836,-0.06174211085463346,-0.13806000432773924,-0.058866667198614386,1.463774323056155,1.6458157450988071,1.5447961538385253,1.526421221714108,63.0,59.0,151.0,27.0,0.16875955601542897,0.19616760067833788,0.27129708156648424,0.1922889438968917,0.6337741704663566,0.569272562459037,0.6222989394735338,0.66233218163188,0.26627711238413027,0.3445934577120138,0.43595941493328294,0.29032100391547133,0.0958869333550814,-0.16968230254915267,0.07919333712912485,-0.1456384110178116,0.07631789347310577,-0.09136595722126917
1323,NO3N,0.1809325410710466,0.09744767526252043,0.17004289491703686,0.16249203434987633,2.1272070069596376,1.8847336054320205,1.9908672072774338,1.9516654667557427,72.0,62.0,160.0,30.0,0.1553402402474037,0.19265255827268546,0.16000536043959665,0.1841273434102041,0.6508956432822779,0.562602568340539,0.619047375122029,0.6447826312050278,0.2386561376629715,0.34243099678861466,0.2584702994791889,0.2855649865538257,0.010889646154009724,-0.019814161816217424,-0.007550860567160533,0.027094687074636747,-0.07259521965451643,0.08396069730942574
1323,PO4P,-0.7290134246121874,-0.49356586640117955,-0.7047097397917376,-0.7539749713289355,-1.6770288320158873,-1.5114476639183914,-1.5602362112706711,-1.5487841120209835,51.0,58.0,130.0,25.0,0.3919112741181624,0.4275068136573335,0.4700130127000691,0.5868078846121733,0.6003488978096669,0.5662135376363392,0.6213647527866875,0.6651397030599023,0.6528058526433956,0.7550275386243193,0.7564204609163325,0.8822325323727149,-0.024303684820449867,-0.10361460827293689,-0.04926523153719797,0.1258120714563824,0.211143873390558,-0.0013929222920132656
1332,DOC,0.014841642266704112,-0.08588771119992673,-0.011026254397245415,-0.036829817441236375,0.6322747405077814,1.128063943632122,0.8330903054280859,0.9471555743534082,72.0,58.0,164.0,30.0,0.1883066751027677,0.2529936075324908,0.24316102469658535,0.15505842731724753,0.52331143063463,0.46560093244649536,0.5688903484730063,0.6831287580691787,0.3598367321623464,0.5433700620038246,0.427430392076907,0.2269827254169633,0.02586789666394953,-0.06759365991456057,-0.02580356304399096,-0.20044766665994368,-0.07486145680268132,0.11593966992691768
1332,NO3N,-0.0029317318294118633,-0.030328591197813146,0.0426806437965236,0.03451566100623422,0.3178836651155831,0.35524727603075834,0.33022145151076254,0.28743398426526695,72.0,58.0,164.0,30.0,0.15880943032254066,0.1498213367872893,0.15152570185758626,0.1317116573698332,0.52331143063463,0.46560093244649536,0.5688903484730063,0.6831287580691787,0.3034702110938975,0.3217805771995657,0.26635308942102065,0.19280648898768085,-0.04561237562593547,0.03711712167287684,-0.008164982790289384,-0.0735466004333398,-0.07300923499433674,0.05542748777854506
1332,PO4P,-0.45687172622760613,-0.7229563336904017,-0.5036688882656862,-0.6011624679202192,-3.5566109380790483,-3.160848909041726,-3.4619128153249967,-3.398595374066008,51.0,53.0,133.0,27.0,0.348011092889684,0.8014319784682422,0.5862784965494289,0.7111360374570356,0.45982767672409647,0.4776322829336242,0.5697988596754437,0.680084637414311,0.7568293743625526,1.6779267380040472,1.0289218495161114,1.0456581406702294,0.0467971620380801,-0.27209247515355883,-0.09749357965453298,0.01673629115411801,-0.21928744542471545,0.6490048884879358
1336,NO3N,0.4627132741826117,0.10052742801135438,0.275646185343933,0.2836631188452481,-0.09226821251413919,1.1083253117708036,0.48196855871213606,0.34150457984850324,72.0,61.0,150.0,29.0,0.29935404925760883,0.1878962844221453,0.21645681421478752,0.2257200549632865,0.46031674976415654,0.5484841895243103,0.5071998406800605,0.5412357610668963,0.6503218694757099,0.34257374781414224,0.4267683008822701,0.41704571501029786,0.18706708883867873,0.22355356859343983,0.008016933501315104,-0.009722585871972222,-0.1751187573325786,-0.08419455306812784
1336,PO4P,-0.3859577712325097,-0.5240532504750536,-0.445541239783104,-0.8062277085263079,-0.9231052393749442,-0.26194574113749836,-0.6720885778655772,0.8666811329783228,44.0,58.0,130.0,20.0,0.6581057102991109,0.42982989318267034,0.5106887465253278,0.6272998291680261,0.41752789006248964,0.5499005485786391,0.4981561689536089,0.533444938453141,1.576195808621587,0.78165023529014,1.025157929084857,1.175941102725693,0.05958346855059432,0.5510378795367301,-0.36068646874320387,0.15078317364083604,-0.07851201069194957,-0.24350769379471693
1346,NO3N,0.7325132000770082,0.7621156883279582,0.7917441439816788,0.6143493743407269,2.7915452886629515,2.135121887463266,2.6089422569091876,2.2762036823035943,57.0,55.0,144.0,17.0,0.6087631989096226,0.6155802166543105,0.573407060379191,0.45633592376418775,0.6734320038679066,0.8425448174353897,0.6290835010548352,0.7913193046053445,0.9039712924439974,0.7306201449651859,0.9114959451610366,0.5766773552829937,-0.05923094390467065,-0.007524652717039171,-0.1773947696409519,-0.3348185898780429,-0.02962845565372063,-0.1808758001958507
1358,DOC,-0.13866953180945174,-0.16024307174135838,-0.212892200892415,-0.06240546837446942,1.060657892856424,1.3255127524958847,1.1037661273946244,1.316887132190351,72.0,64.0,169.0,19.0,0.13556945601008188,0.14714762745556992,0.1485053451191965,0.18288704014765486,0.3599696420415105,0.44332567485682944,0.3966282675270172,0.505951644680057,0.3766135811931843,0.3319176754269663,0.37441946849912994,0.36147138184184596,0.07422266908296327,0.00219411269405434,0.1504867325179456,-0.012948086657283975,0.05264912915105663,-0.04250179307216362
1358,NO3N,0.12486555529874295,-0.13023660478769702,-0.15442005049879962,0.04493182914231941,1.5531211794688078,1.1942620579867345,1.1649477247854392,1.3572149033088041,72.0,64.0,169.0,19.0,0.3674455048624587,0.23632532143761764,0.30599915214902235,0.2448722488390091,0.3599696420415105,0.44332567485682944,0.3966282675270172,0.505951644680057,1.0207680369337537,0.5330738435438871,0.771501118810647,0.4839835020080945,0.2792856057975426,0.24926691812310675,0.19935187964111903,-0.2875176168025525,0.02418344571110259,-0.23842727526675989
1358,PO4P,-0.8611628670657324,-0.5642568395912839,-0.7760444805589214,-0.6836217636789411,-2.8054223508513316,-2.758147650902885,-2.9511132540903784,-2.6757051251456008,49.0,62.0,135.0,18.0,0.6032707406868412,0.7120231072606489,0.7290662868651463,0.6994343299423934,0.32626751416015864,0.4468129793420911,0.41069100809035414,0.4912527797480547,1.8490064579052967,1.5935595879713833,1.7752185280490678,1.423776839087012,-0.08511838650681103,0.07378792985622895,0.09242271687998027,-0.35144168896205574,0.21178764096763747,-0.18165894007768446
1361,DOC,-0.20084118818995944,-0.1452817221616725,-0.19232792715152783,-0.19382474778262893,1.1229414165216784,1.4990876790227667,1.292460289449621,1.3771268242647228,60.0,54.0,161.0,25.0,0.14227550004487377,0.17717565843615524,0.15556793616325007,0.15534741348695577,0.6238798422449049,0.515850454805296,0.6353119510187228,0.5406514924419419,0.228049522377457,0.3434632203688352,0.24486858135408418,0.2873337365357182,-0.008513261038431613,-0.016819058976627194,-0.0014968206311010979,0.04246515518163402,0.04704620498985532,0.09859463901475102
1361,NO3N,0.242967891616131,0.17716497181759022,0.17035358535830641,0.21821778663017502,1.2878180566374362,1.1394352130827554,1.2363907207496658,1.1446912560237843,60.0,54.0,161.0,25.0,0.267973453633287,0.20324261338526972,0.1979559094930137,0.2001094465242299,0.6238798422449049,0.515850454805296,0.6353119510187228,0.5406514924419419,0.4295273472357096,0.39399521991694697,0.3115885183264558,0.37012650352707344,0.07261430625782458,0.11793882890925383,0.047864201271868606,0.05853798520061765,0.006811386459283808,0.08240670159049118
1365,DOC,-0.26420163672604247,-0.03843452646567891,-0.11735180367203217,-0.07788786809085817,1.5048345801619467,1.5343914731427264,1.503469410132799,1.530292978189341,50.0,40.0,111.0,26.0,0.1427860617457765,0.11727066631532367,0.12000496983367441,0.10449937929350574,0.4874703901553928,0.5357996257087643,0.6183917389040934,0.6636919792416853,0.29291227658004015,0.21887037744790538,0.19405978813097635,0.15745162298466167,-0.14684983305401028,0.0988524884490638,0.039463935581174,-0.03660816514631468,0.07891727720635326,0.024810589316929033
1365,NO3N,0.6486233475724266,0.30799512067906165,0.40463246415506987,0.32286671393346156,0.8513869994315058,0.9782042236409217,0.9908504414556024,0.9374122351756806,52.0,44.0,129.0,27.0,0.3493547351336928,0.22837723515244399,0.2698685547289682,0.29290321427802,0.501342219978641,0.49396035766456314,0.6199126643572211,0.6826692555043435,0.696838848219439,0.46233919708093174,0.43533318521374487,0.42905581570628737,0.2439908834173567,0.2615056630056941,-0.08176575022160831,-0.0062773695074574976,-0.09663734347600822,0.027006011867186874
1367,DOC,-0.26453648469134683,-0.057838698203866286,-0.17271858660620665,-0.10842645083733875,1.776185982998131,1.630008978131399,1.7441717343891128,1.696059617667988,60.0,48.0,130.0,28.0,0.11015398188258774,0.10640670495813605,0.10460776111378592,0.11257240493438325,0.3976435068299916,0.5919954730504171,0.5494964213949887,0.7107646319438911,0.2770169259413632,0.17974243014029595,0.1903702317991837,0.15838211395874563,-0.09181789808514018,0.08664669414217949,0.0642921357688679,-0.03198811784043806,0.11487988840234037,-0.010627801658887742
1367,NO3N,0.5016238385400625,0.32870060066802415,0.4809993422138696,0.3284880947517846,0.7731041801981313,0.6998487587095177,0.6116544037471917,0.8197543568708012,60.0,48.0,130.0,28.0,0.2386922802177227,0.24928300239120174,0.27567785918705545,0.2535377065944036,0.3976435068299916,0.5919954730504171,0.5494964213949887,0.7107646319438911,0.6002670133370822,0.42108937270534097,0.5016918190062113,0.35671120255519173,0.020624496326192954,0.09857519433087092,-0.152511247462085,-0.14498061645101956,-0.15229874154584544,-0.08060244630087032
1373,NO3N,0.7421899300127641,0.3680077921336347,0.6367535271434291,0.6538036418460641,-0.26306611382866296,0.41847554442309876,-0.1519833942499036,-0.37060229498404307,60.0,49.0,122.0,28.0,0.37507598576131423,0.2787615362726783,0.32649524839792937,0.3741297228276426,0.3954489399351023,0.6146720265475595,0.47867288426029747,0.6020526162026478,0.9484814545788605,0.45351264452101997,0.682084277454882,0.6214236310231603,0.10543640286933498,0.2663971771239785,0.017050114702634955,-0.06066064643172164,-0.26874573500979443,-0.228571632933862
1383,DOC,-0.10483000101498921,-0.09864537961140814,-0.14145240731971193,-0.012603988109313877,1.5009954053128325,1.68632166280666,1.593535687628641,1.5654148319235193,72.0,66.0,149.0,25.0,0.15989214335903643,0.16264750695941751,0.20687036335491887,0.17800568647358347,0.5560516714811322,0.4966571528215579,0.48385198786701106,0.4091689297648533,0.287549074231066,0.32748447502548006,0.4275488549026653,0.43504204137856256,0.036622406304722716,-0.1399997806715993,0.12884841921039805,0.007493186475897251,0.04280702770830379,-0.10006437987718525
1383,NO3N,0.32117559565439624,0.03205327840816292,0.26568800396115905,0.4009902053531807,1.63230540962943,1.6132777508496294,1.4920144547481426,1.3435845653188652,72.0,66.0,149.0,25.0,0.2619174095039123,0.19227826928051828,0.2307891298027246,0.22584694312861262,0.5560516714811322,0.4966571528215579,0.48385198786701106,0.4091689297648533,0.4710307026076435,0.38714487083930355,0.47698291128269177,0.551965036197654,0.05548759169323719,-0.005952208675048254,0.13530220139202165,0.07498212491496226,-0.23363472555299614,-0.08983804044338822
1383,PO4P,-0.4640821730764081,-0.7036140200371639,-0.6845971468966641,-0.8102582717482184,-1.8525786593445275,-1.3904358543938327,-1.6507095798673284,-1.4653048024675965,39.0,66.0,127.0,20.0,0.2722218152735558,0.40388086084405267,0.43501224638524133,0.42416966522286537,0.4944326023818278,0.4966571528215579,0.49039118828753775,0.3961671458203565,0.5505741610933077,0.813198518433825,0.8870719066227892,1.070683598319399,0.22051497382025598,-0.33649774552948153,-0.12566112485155434,0.18361169169660974,-0.019016873140499824,-0.07387338818896427
1392,DOC,-0.06415760572038084,0.10433484569544386,0.02296920818228282,0.10664576502601611,1.2844285863090814,1.657327184660958,1.4935423421373009,1.5527068749178967,61.0,54.0,154.0,23.0,0.13357828436806657,0.18534539107513634,0.1177441975899386,0.15405649640681593,0.2993474081832186,0.5258766758370106,0.4757052352579876,0.5662692218751885,0.4462316382786539,0.35245029793369653,0.24751503423350554,0.2720552176518814,-0.08712681390266366,0.19871660404514838,0.08367655684373329,0.024540183418375855,0.08136563751316105,0.10493526370019099
1392,NO3N,0.2921052453025726,0.010492157164143557,0.188143759118564,0.1407755322328997,2.2610131356660386,2.052272986796187,2.090359565578142,2.051018189867262,61.0,54.0,154.0,23.0,0.15749114325958677,0.12502205816714118,0.12844415632475784,0.14392500557015647,0.2993474081832186,0.5258766758370106,0.4757052352579876,0.5662692218751885,0.5261149385438899,0.23774026099969173,0.2700078679081578,0.25416356745215973,0.10396148618400858,0.2561070706357321,-0.047368226885664305,-0.01584430045599805,-0.17765160195442045,-0.03226760690846606
1392,PO4P,-0.6426341760223676,-0.4057720181253457,-0.6548913536548351,-0.6233109785916959,-1.6176988434363608,-1.5111109288364661,-1.5657900219344176,-1.4431727073090685,36.0,53.0,128.0,15.0,0.2571995954713734,0.2707826357729232,0.3053812140115979,0.3834508627963942,0.27731567771724347,0.5278914080260246,0.48529577551731246,0.6152228307701381,0.927461431638276,0.5129513980640008,0.629268230670398,0.623271510123233,0.012257177632467475,0.29819320096787794,0.031580375063139154,-0.005996720547165046,0.2491193355294894,-0.11631683260639725
1409,NO3N,1.028974573926289,0.46006195251876647,0.6829174628003419,0.6059721994112055,2.3017227141575303,1.4699007622543767,1.788784477770613,1.560964533394881,72.0,67.0,186.0,23.0,0.3534628601641272,0.30857498376998205,0.3191825820697366,0.3023369006256374,0.28145783616539816,0.5580146007988332,0.43056967899461973,0.43948095264290493,1.2558288125132016,0.5529872933938241,0.7413029705552606,0.6879408511506019,0.34605711112594706,0.5145258419579409,-0.07694526338913643,-0.05336211940465874,-0.22285551028157546,-0.1883156771614365
1409,PO4P,-1.4378251089683967,-0.3777985752662256,-1.017660326043666,-0.6825743545773822,-3.6195399383961755,-2.5044461700641802,-3.052384357943644,-2.5118284048602137,40.0,66.0,155.0,15.0,0.4593752064388083,0.5473486039043745,0.5825896715330984,0.4779293790384207,0.26862687548558484,0.5606983809792045,0.4396730698328612,0.49882558822608114,1.7100865488920876,0.9761908050251259,1.3250519795414488,0.958109187497836,-0.4201647829247306,0.38503456935063873,0.3350859714662838,-0.3669427920436128,0.6398617507774405,-0.3488611745163229
1411,NO3N,0.445950696872515,0.728816460669014,0.807464382260752,0.8406691124925478,0.9927909685201106,-0.009707341802898783,0.24065241778517033,-0.0023058041829877585,60.0,56.0,157.0,15.0,0.35891538145028035,0.3877878025713529,0.35522322785639243,0.33318309079931085,0.32047373923504047,0.49707114286945164,0.37545437586356484,0.357665333072964,1.1199525499561953,0.7801454744139102,0.9461155620822378,0.9315498595759664,-0.361513685388237,0.17383698787395752,0.03320473023179582,-0.014565702506271427,-0.07864792159173806,-0.16597008766832755
1423,NO3N,0.9419205191631662,0.611365703045978,0.8365399150454277,1.0518629072440393,1.6547095745320046,1.2008058999129325,1.4371104400014192,1.1751993073528002,72.0,66.0,154.0,20.0,0.4016491139856642,0.4508683739884485,0.403067770104064,0.5401162211295716,0.33472147281647746,0.6897349707128668,0.44905214066199717,0.4995721116473573,1.1999502470099435,0.6536835061769584,0.8975968124990062,1.0811576718094182,0.10538060411773853,0.3023534345109372,0.21532299219861162,0.183560859310412,-0.22517421199944965,-0.24391330632204788
1423,PO4P,-0.7236882992044205,-0.21149485807986898,-0.5894647362170462,-0.1040630517697128,-3.757026944442535,-3.005201636130855,-3.3091718786306674,-3.1410508478763357,34.0,66.0,137.0,15.0,0.36403121382167686,0.41046310087988136,0.3504675062787956,0.3183954481076344,0.2996139146629892,0.6897349707128668,0.4545110622099196,0.5219794635079786,1.2150010263413344,0.595102638417264,0.7710868566647324,0.6099769633997634,-0.13422356298737426,0.443914169676602,0.4854016844473334,-0.16110989326496905,0.3779698781371772,-0.17598421824746846
1449,DOC,0.07158733977323761,0.2348882405866832,0.14498375761662288,0.15713877281392222,1.3581085949577303,1.5600749557930713,1.464483256084179,1.505677402281616,57.0,55.0,152.0,12.0,0.062063503462210734,0.12659237148195596,0.09290643221797995,0.12478802849138759,0.42819864759332216,0.3838673380674571,0.3474282304663354,0.35848934807918936,0.14494091424864797,0.3297815649522905,0.2674118683253699,0.3480941042181879,-0.07339641784338527,-0.12247095407672193,0.012155015197299335,0.08068223589281803,0.08990448297006032,0.0623696966269206
1449,NO3N,0.7950728186596038,1.4113276710042386,1.1400733819354567,1.5330446087937828,0.4437992160488526,0.07375325887612516,0.3559670066461139,0.18942578173421865,72.0,70.0,178.0,16.0,0.4653168279264568,0.5925939233692304,0.4747745897095052,0.5702663777146352,0.44581419923111687,0.3659217498817485,0.3487985810017975,0.3319658402972372,1.0437460913738852,1.6194553167739645,1.3611712190625527,1.7178465627789512,-0.34500056327585293,-0.3174251276886675,0.3929712268583261,0.35667534371639853,0.2712542890687819,0.2582840977114118
1449,PO4P,-0.240035498089681,0.054514013980449014,-0.7039020706458032,-0.02715259135722247,-3.986842433448195,-3.5998533871154486,-3.5836932110616972,-3.716108686474215,72.0,70.0,178.0,16.0,0.5993325317980641,0.5906905347025827,0.8259068572744975,0.6055644460797625,0.44581419923111687,0.3659217498817485,0.3487985810017975,0.3319658402972372,1.3443549640897845,1.6142536891930326,2.367861861428391,1.8241769862150552,0.46386657255612224,-1.0235068973386063,0.6767494792885808,-0.5436848752133356,0.7584160846262522,-0.7536081722353583
1467,NO3N,0.4147146962147467,0.5106887524614139,0.4950951576133733,0.39435287010212017,1.7573201018490399,1.4759992978231105,1.6681642108493946,1.566689143102102,72.0,71.0,183.0,10.0,0.2818595400492865,0.31597700295121867,0.285925851600897,0.3031430701780269,0.5077567761661181,0.5381175347389799,0.43362549811548523,0.37811741135123234,0.5551073925147837,0.5871895683616534,0.6593843139841096,0.801716771239709,-0.08038046139862659,-0.10427692146932588,-0.10074228751125314,0.1423324572555994,0.01559359484804057,-0.0721947456224562
1467,PO4P,-0.21668274308217156,-0.474505163116069,-0.7948996449588125,-0.6270226885304175,-1.7325725757865003,-1.4097652486582768,-1.7069271832459438,-1.3462440652775072,72.0,71.0,183.0,10.0,0.5293281139113936,0.4212547729733058,0.47070787491929744,0.3372377210293869,0.5077567761661181,0.5381175347389799,0.43362549811548523,0.37811741135123234,1.0424836038785195,0.7828304148788615,1.0855170578413178,0.8918862525379124,0.578216901876641,-0.04303345396279834,0.16787695642839495,-0.19363080530340537,0.3203944818427435,-0.3026866429624563
1472,DOC,-0.22290341195279792,-0.021185465509519316,-0.03206077383544816,0.001071315055399511,2.078131302242234,1.6809155308233854,1.6160067156937452,1.4848737854332434,76.0,49.0,168.0,31.0,0.17438551754553008,0.21721926648029863,0.23008986041937177,0.18915477303919578,0.37504148385635216,0.44060990892341495,0.4927028068325617,0.4798613000330266,0.464976609393757,0.49299678032900257,0.46699522963660456,0.39418634723445534,-0.19084263811734975,-0.0020186202428475464,0.03313208889084767,-0.07280888240214922,0.010875308325928847,0.026001550692398012
1472,PO4P,-0.13816825373815766,-0.8748184263244524,-0.15738512669291008,-0.26782036641881296,-1.8658191294709323,1.5732581604831424,-1.503818847693325,-1.5014949787682679,84.0,74.0,230.0,32.0,0.5466610772403488,0.934556201785544,0.8727496965106075,0.3220182904541661,0.3663809775565485,0.4894116664117543,0.4707091372235333,0.4732889081281872,1.4920563859131448,1.9095503150496589,1.8541167517131725,0.6803841901296989,0.019216872954752412,-0.36206036580002765,-0.11043523972590288,-1.1737325615834737,-0.7174332996315423,0.05543356333648641
1473,DOC,-0.11624528762124682,0.009638090491267993,-0.03282612698392072,0.04550843225403029,1.6944338275980955,1.4124590911723764,1.4860952524479412,1.1674792736339135,63.0,55.0,182.0,24.0,0.1789795081478402,0.23139405482902314,0.23946999045243722,0.21159493390212702,0.33465807800080366,0.5050544773430139,0.47320553857641345,0.4546693853768819,0.534813052226429,0.4581566250958489,0.5060591454040377,0.4653819692010558,-0.0834191606373261,0.028753906822391317,0.07833455923795102,-0.040677176202981946,0.04246421747518871,-0.04790252030818881
1473,PO4P,-0.4336581077081439,-0.3404992533726707,-0.2520205213012451,-0.21149035262244514,-0.48097471960003824,-0.48989481192323514,-0.966374567921431,-1.3982526310114367,84.0,74.0,235.0,27.0,0.6960300406752399,0.9546701442022698,0.9771087221633427,0.42409671401289883,0.3278340907484077,0.507784449561655,0.46301062276866467,0.4400218975296873,2.1231167237253543,1.8800696733158901,2.110337590789009,0.9638082022594932,-0.1816375864068988,0.012779132936345139,0.04053016867879994,-1.146529388529516,-0.08847873207142559,-0.23026791747311903
1474,DOC,-0.13937025483453397,-0.05311907084299439,-0.04421402790555781,-0.013739956389292533,1.7619172241376049,1.678591733821463,1.481498050427402,1.402367053475439,62.0,54.0,163.0,21.0,0.10886786058994963,0.18042915186397515,0.13953463567808796,0.14291222722761487,0.3318566041910274,0.4788349219608094,0.47790541089285515,0.4746736377799293,0.3280569354807288,0.37680867369724236,0.2919712405377456,0.3010747087114886,-0.09515622692897616,0.03608569494298319,0.03047407151626528,0.009103468173743023,-0.008905042937436575,0.08483743315949677
1474,PO4P,-0.40110155195847075,-0.24073701378600437,-0.3021814823220038,-0.4500265192970521,-0.8209712216111056,-1.2665162060438482,-1.071500581809057,-0.40574094586941123,62.0,54.0,165.0,21.0,0.20599316034358106,0.1796042999603823,0.2119766776578771,0.23013859479748147,0.3318566041910274,0.4788349219608094,0.4752947283685739,0.4746736377799293,0.6207294287414715,0.3750860510025251,0.4459899616086144,0.4848354247643715,-0.09892006963646693,0.1747394671328571,-0.1478450369750483,0.0388454631557571,0.06144446853599944,-0.0709039106060893
1482,DOC,-0.12853172902722493,-0.08978219578880865,-0.09377662881594401,-0.03144624374036939,1.8639575381120246,1.9092077412943615,1.8195556754282207,1.6974652467360993,54.0,61.0,171.0,26.0,0.14687646539089896,0.13704573159330677,0.13546371957582296,0.14281264911324634,0.3443927963392305,0.553879584132553,0.5094733558890309,0.49561093100987086,0.42647949362513415,0.2474287471850729,0.26588970357328856,0.2881547604735982,-0.03475510021128092,0.1605897900518456,0.06233038507557462,0.022265056900309665,0.003994433027135355,-0.018460956388215655
1482,PO4P,-0.2704112209637385,-0.4660102111515172,-0.6432567558988986,-0.7188148804444638,-1.3498072775158487,-0.7968511984124325,-0.4603422743429113,-0.06467101564549749,84.0,75.0,225.0,36.0,0.7016611593808424,0.5425524202935091,0.712171966713452,0.783435808113096,0.33251721137693496,0.5484752160863997,0.4936959900222086,0.4808184409865376,2.1101498971295447,0.9892013428881031,1.442531398080457,1.6293797020464766,0.37284553493516015,0.6676184990490877,-0.07555812454556521,0.1868483039660196,0.17724654474738144,-0.4533300551923539
1485,DOC,-0.11311275999937312,0.0977047357956337,-0.010908922829491517,-0.14539603768753204,1.3122336260499237,0.9222540487136222,1.1784765535175634,1.6081709023516901,59.0,56.0,192.0,17.0,0.14975055241004573,0.30637202307984035,0.2795113697016885,0.1908713484754272,0.32627709172047964,0.5239894175820085,0.45976203941299587,0.3618845967299739,0.45896741208646197,0.5846912414636517,0.6079479072664555,0.5274370619809744,-0.1022038371698816,-0.14898049517999357,-0.13448711485804052,-0.08051084528548114,0.10861365862512522,-0.023256665802803833
1485,PO4P,-0.48162130653672164,-0.3079757108131279,-0.17899115890308084,-0.2914191129862199,-0.4798651171804893,-0.7003348530919478,-1.3116016696951187,-1.054929657895059,84.0,79.0,236.0,21.0,0.9090577610879106,0.9833546878724089,1.0839954444972268,0.787353632231096,0.32980083553974426,0.5062173753946142,0.45050457902265384,0.35443278574813264,2.7563840449347805,1.9425541983932286,2.4061807470390164,2.2214469538114514,-0.3026301476336408,0.3502032978957641,-0.11242795408313908,-0.184733793227565,-0.12898455191004707,-0.4636265486457878
1487,DOC,-0.002623312717196419,0.10428116424964184,0.0851028134716701,0.08900348915280258,0.430149494112097,0.7038203148057158,0.5082100907592999,0.550570640599737,36.0,37.0,123.0,18.0,0.10041729016127018,0.14775135392271357,0.14015518326245427,0.1375728432593709,0.3706603901949791,0.5276053973565462,0.6078155073202799,0.576860606107878,0.2709145428472881,0.2800413996198486,0.23058836369668576,0.23848541883902466,-0.08772612618886652,0.040326179150602354,0.003900675681132476,0.007897055142338905,0.01917835077797174,0.04945303592316283
1487,PO4P,-0.025417127784448875,0.17933163095910784,0.14436632192994406,0.15463899803011613,-2.57739910044198,-3.3089081311443547,-3.0680010840380008,-3.10517227369604,72.0,67.0,191.0,29.0,0.5996822801697608,0.5597403041168426,0.6716138866706329,0.710731827443048,0.4402359944277041,0.5940562008961481,0.5907057316278401,0.5114960959653009,1.3621836645804777,0.9422345954346759,1.1369686304208184,1.3895156444972416,-0.16978344971439294,0.22521503415965927,0.010272676100172073,0.2525470140764232,0.03496530902916378,-0.1947340349861425
1494,PO4P,-0.24715982095296038,-0.18568656324229685,-0.1527062073649676,-0.12874263313650244,-3.9071116260591374,-3.4134397537425443,-3.545895935029247,-3.5427920703224345,74.0,65.0,173.0,24.0,0.46418567339614203,0.3429998979941262,0.417505254900129,0.3844045877338599,0.8012344002206293,0.7584138875204456,0.8657810888962543,0.7257396710712974,0.5793381727847968,0.45225951639088297,0.48222958465446253,0.5296728331888247,-0.09445361358799279,0.0971085881303343,0.02396357422846515,0.047443248534362215,-0.032980355877329254,-0.029970068263579563
1495,PO4P,-0.4712016401319152,-0.2736625974658969,-0.3821223607589237,-0.2637445672191568,-3.472574362479925,-3.0743648577930673,-3.154571406467398,-3.1535591213925107,73.0,68.0,173.0,22.0,0.5501943816882205,0.33701694747655975,0.3888758445889767,0.3635244211719458,0.814324232884818,0.7192559371578063,0.8319721185246453,0.6620758167119527,0.6756453504264593,0.4685633167079683,0.46741451537892753,0.5490676626391615,-0.08907927937299148,0.20823083504753181,0.1183777935397669,0.08165314726023398,0.10845976329302681,0.0011488013290407717
1496,PO4P,-0.4820548271249307,-0.3505751863581875,-0.4573428348324038,-0.3074151163896126,-3.2610428423368396,-2.749418377051783,-2.9131220472708224,-2.9703585238542622,73.0,69.0,172.0,22.0,0.6153235788231063,0.3923535637147225,0.4328413967536077,0.29961401847637786,0.7659826498524347,0.7224937990330356,0.8014246106833732,0.549534892188668,0.8033126846171351,0.5430545760252018,0.5400899735092047,0.5452138212426981,-0.024711992292526908,0.2632227111079304,0.14992771844279118,0.005123847733493392,0.10676764847421627,0.0029646025159970613
1499,PO4P,-0.6101038601660637,-0.5721810172928522,-0.6547531645361298,-0.7016741562257057,-1.7005325451813056,-1.4579089812144965,-1.5369523961131502,-1.3651612141970242,71.0,66.0,150.0,24.0,0.7342094277537691,0.6554254914734263,0.6518854693826848,0.6271538485862276,0.5556397465137756,0.6232897479006734,0.5685226271454367,0.46231810478019647,1.3213767236062304,1.051558273950423,1.1466306497875285,1.3565418314828925,0.04464930437006609,0.17474607381870189,-0.046920991689575975,0.20991118169536405,0.08257214724327755,-0.09507237583710548
1506,PO4P,0.4806376512672068,-0.41573214943945647,-0.5157756438169646,-0.058190311962601896,-0.35273178451601606,-1.891483560585193,-1.8989679937340194,-1.3776421995116344,60.0,59.0,172.0,8.0,0.6926398689688552,0.6656333693237116,0.5948161300496011,0.5623067056452125,0.26470840745685303,0.41568881451766343,0.22451253801504864,0.2406793765708228,2.616614544370882,1.6012780379863398,2.6493670924059116,2.3363310710577103,0.9964132950841714,-0.032752548035029694,0.45758533185436273,-0.3130360213482013,0.10004349437750815,-1.0480890544195718
1510,PO4P,0.014047645939852749,-0.4091319212552378,-0.41378382791830737,-0.834212878128548,-1.9853286515641764,-2.3515751155401916,-2.7040672914679384,-3.3702828269620007,75.0,68.0,165.0,16.0,0.9957831745188268,0.7569862508921033,0.8750201701811802,1.0254259438464575,0.5861608239678434,0.6596853005671279,0.49768271100054373,0.6333375066182597,1.6988224627128188,1.1474960109636008,1.7581888035090376,1.6190829267664495,0.4278314738581601,-0.05936634079621883,-0.4204290502102407,-0.13910587674258812,0.004651906663069583,-0.6106927925454368
1525,PO4P,-0.003711410112867414,0.16179229895776998,-1.4030978601706863,0.3947047565415946,-1.4869634837265329,-1.499643676540684,-4.108195709031023,-0.5573170880094475,75.0,68.0,141.0,28.0,0.6258982162147779,0.5050000855614597,0.4762963492366268,0.3668009202137001,0.2434037410883404,0.2314475985437754,0.21105220560691418,0.30934020107789234,2.571440411787327,2.1819197465811913,2.2567702994003827,1.185752511104559,1.3993864500578188,0.3146701123869442,1.797802616712281,-1.0710177882958236,1.5648901591284563,-0.0748505528191914
1562,NO3N,0.30572622430988655,0.1022716672169252,0.13013259431806015,0.10925540723375578,0.18804870351637942,0.012732913666513829,0.10213249170878405,0.13837437173714248,60.0,56.0,163.0,19.0,0.23475783580948137,0.12061918030968356,0.15472493543439703,0.16657490342087244,0.23466883147774925,0.6333859910183295,0.6381088152529676,0.684451623334223,1.0003792763238801,0.1904355038161761,0.24247421714909065,0.2433698712107994,0.1755936299918264,0.7579050591747895,-0.020877187084304374,0.000895654061708745,-0.027860927101134955,-0.052038713332914543
1562,PO4P,-0.6283766407096358,0.03920542146113886,-0.2389153409215003,-0.14331520075695767,-3.686383641080411,-4.2812397077935,-3.7831416408680343,-3.9163371963505744,60.0,56.0,163.0,19.0,0.34149349174951965,0.20960383016422124,0.3161437183491438,0.31244835649681313,0.23466883147774925,0.6333859910183295,0.6381088152529676,0.684451623334223,1.4552145233735452,0.3309259016405299,0.49543856908451245,0.4564944341497195,-0.38946129978813554,0.9597759542890327,0.09560014016454263,-0.03894413493479293,0.27812076238263916,-0.16451266744398257
1570,NO3N,0.31705233984403874,-0.040291488272612946,0.017959099298364936,0.04339730039950552,0.4602691994115581,0.6778236107096202,0.6851100671212367,0.5754720468658407,72.0,67.0,177.0,20.0,0.17865256630410795,0.1094670710289189,0.12426637258039437,0.14927001812381316,0.2939713683097232,0.5877459076000403,0.5297320474811172,0.3933458387833217,0.6077209740912002,0.18624897189996426,0.2345834524667378,0.3794879808199521,0.2990932405456738,0.37313752162446234,0.025438201101140583,0.1449045283532143,-0.05825058757097788,-0.04833448056677356
1570,PO4P,-0.3364556724009185,-0.31377735585800354,-0.673660394390538,-0.3346117051663212,-2.9757716825611116,-2.802780907711668,-2.3204394113185582,-2.878810005632784,72.0,67.0,177.0,20.0,0.6255203301248359,0.4088783983360226,0.6608948214972236,0.3283226373876025,0.2939713683097232,0.5877459076000403,0.5297320474811172,0.3933458387833217,2.1278273925840234,0.6956720464555975,1.2476021125015695,0.8346920318342611,0.33720472198961954,0.8802252800824539,0.3390486892242168,-0.4129100806673084,0.3598830385325345,-0.551930066045972
1571,NO3N,0.17730741941764305,0.048199508003556206,0.0837182165328015,0.02323800258658184,0.6233311859515454,0.6078568318815053,0.6647714565170959,0.7388844562850622,71.0,65.0,150.0,24.0,0.20273411534446462,0.13527359852378965,0.14215801884463822,0.1286208451333809,0.38125193867877555,0.5942945615365938,0.548931533623615,0.48771706909430246,0.5317589099927924,0.22762045503837267,0.25897222173815115,0.2637202043640417,0.09358920288484156,0.27278668825464125,-0.060480213946219656,0.0047479826258905455,-0.03551870852924529,-0.03135176669977849
1571,PO4P,-0.5351127120522021,-0.41163564784751583,-0.5471486674474643,-0.568066068033172,-2.3019863692283753,-2.340867266391343,-2.168277715771033,-2.053434280931513,71.0,65.0,150.0,24.0,0.6228081345383251,0.4072810942768506,0.5336559771127097,0.45026606780196143,0.38125193867877555,0.5942945615365938,0.548931533623615,0.48771706909430246,1.6335868001003744,0.6853185619329821,0.9721722007659716,0.9232116248014693,0.012035955395262143,0.6614145993344028,-0.02091740058570768,-0.048960575964502207,0.13551301959994844,-0.2868536388329894
1573,NO3N,0.6008027039989137,0.39363146400589916,0.3830698607445366,0.4732376317690962,-0.038436764753895236,0.15307745012450624,0.33042010642027986,0.02445681574662406,72.0,68.0,172.0,24.0,0.3636923054458533,0.2785429482962512,0.25751746112362384,0.3154673392443691,0.4729569821665792,0.5585644249446127,0.5237169599647218,0.46710547166451477,0.768975444193269,0.49867649255297913,0.4917111356122027,0.6753663966303194,0.21773284325437708,0.2772643085810663,0.09016777102455964,0.1836552610181167,0.010561603261362573,0.006965356940776435
1573,PO4P,-0.2623795118194423,-0.4134892003230049,-0.48513038601701103,-0.4495694941710738,-2.3617895188227216,-1.5297496148900234,-1.6429339789770834,-1.6772593002759257,72.0,68.0,172.0,24.0,0.608150755705666,0.4026983635927586,0.4384374240420981,0.508302870980385,0.4729569821665792,0.5585644249446127,0.5237169599647218,0.46710547166451477,1.2858479283248438,0.7209524015652988,0.83716483818212,1.0881972098701063,0.22275087419756873,0.4486830901427239,0.03556089184593725,0.2510323716879863,0.07164118569400613,-0.11621243661682112
1604,NO3N,0.3990102127764552,0.4726259328833778,0.5426016351425998,0.5518253983768171,2.666301776970986,2.5216363896317198,2.831141130157955,2.784233409820838,60.0,56.0,152.0,22.0,0.32537383396483727,0.32269885753250194,0.3335033552208581,0.33180118840767764,0.667338841731903,0.6787728687260933,0.6202356022311107,0.5928713050173869,0.48756915320621047,0.475415079772025,0.5377043078810378,0.5596512862061135,-0.14359142236614464,-0.050135154674827376,0.009223763234217253,0.02194697832507564,-0.06997570225922206,-0.06228922810901283
1604,PO4P,-0.4176880727362743,-0.5927803668752827,-0.7260509583554352,-0.7862936353848415,-2.862810892482817,-2.4181612003965984,-3.1702253049186213,-3.156093490558937,60.0,56.0,152.0,22.0,0.44019723873128047,0.48204925471615384,0.46977970670435676,0.4866489727343164,0.667338841731903,0.6787728687260933,0.6202356022311107,0.5928713050173869,0.6596307770560214,0.7101775526485815,0.7574213815112608,0.8208340808804107,0.3083628856191609,-0.09779060445523946,-0.06024267702940633,0.06341269936914984,0.13327059148015252,-0.047243828862679305
1606,NO3N,0.45843704929040385,0.5202650895567,0.5345008073263553,0.5806377492294816,2.4039855542281563,2.1349640694832717,2.3351104425096625,2.3198455209759534,61.0,58.0,168.0,13.0,0.32062362949194767,0.3749263924901082,0.3674725271852796,0.35540458734323316,0.6456768357846523,0.6795399652904893,0.6961212892296836,0.6495285122845618,0.49656981902148156,0.5517356029675677,0.5278857763306143,0.5471731888923278,-0.07606375803595145,-0.031315957309132725,0.04613694190312634,0.019287412561713513,-0.014235717769655265,0.023849826636953453
1606,PO4P,0.09566352619867416,-0.3040099358542086,-0.39676700434398904,-0.4784396114869235,-2.3924472803071057,-2.4866926945207584,-2.910354918885572,-2.7709999407061745,61.0,58.0,168.0,13.0,0.7385389901265038,0.4851757269912032,0.59846255486352,0.5618212291520123,0.6456768357846523,0.6795399652904893,0.6961212892296836,0.6495285122845618,1.1438214121914436,0.71397673687051,0.8597101742510544,0.8649677705077795,0.49243053054266317,0.28411123794038917,-0.08167260714293445,0.005257596256725061,0.09275706848978044,-0.14573343738054445
1607,NO3N,0.27921004147984807,0.4667834867772235,0.40148221874293233,0.4464099206147975,2.098085090724369,1.9702172416144186,2.1125026599510774,2.0585700821180373,60.0,55.0,164.0,21.0,0.19234121932442846,0.3095568862176834,0.22642722852120245,0.2532857638629458,0.5301733146031495,0.6080455862648406,0.5118938664172171,0.5085160816331424,0.36278932572908085,0.5091014443822517,0.4423323727357456,0.49808801139483566,-0.12227217726308426,-0.07954304700666476,0.04492770187186518,0.05575563865909006,0.06530126803429115,0.06676907164650608
1607,PO4P,0.02103224189789419,-0.44258894834435963,-0.41627690598928796,-0.45625586052805206,-2.3087251007508005,-2.325291808645654,-2.635462045464503,-2.5649321848414344,60.0,55.0,164.0,21.0,0.43688086970222184,0.3802109376536773,0.4066518058453838,0.3808321317625149,0.5301733146031495,0.6080455862648406,0.5118938664172171,0.5085160816331424,0.8240340614450581,0.625300053552354,0.7944064825225778,0.7489087278015678,0.43730914788718217,0.029627578922480247,-0.0399789545387641,-0.04549775472101003,-0.026312042355071674,-0.16910642897022388
1614,NO3N,0.08809246370031659,0.263373771388107,0.18088751557892296,0.27776055073969086,-0.3256254884771153,-0.3500676942771799,-0.2602567041060739,-0.26758252470169097,60.0,51.0,146.0,31.0,0.14686067528399716,0.28276039731831015,0.24528289062174913,0.22924020458652597,0.655865382186905,0.5600556578146159,0.6927338135238919,0.5113453988176196,0.22391893103781102,0.5048791015194185,0.3540795697181447,0.44830794432999,-0.09279505187860637,-0.13016063868033367,0.0968730351607679,0.0942283746118453,0.08248625580918406,0.1507995318012738
1614,PO4P,-0.2852162830479452,-0.21162737412106017,-0.19317604624119533,-0.18889946305687919,-5.6244817203847575,-5.203258064566204,-5.321046850824055,-5.265198256813487,60.0,51.0,146.0,31.0,0.2745142015314679,0.29625951309179,0.2847333914372651,0.21831043263272193,0.655865382186905,0.5600556578146159,0.6927338135238919,0.5113453988176196,0.418552661852853,0.5289822698119316,0.41102857385991437,0.4269334057518061,-0.09204023680674989,0.007524087992938633,0.004276583184316146,0.015904831891891735,-0.018451327879864837,0.11795369595201727
1616,NO3N,0.25510136649737275,-0.08376135753615983,-0.09618252270016577,0.08571081599039544,1.4054483602741465,1.4674499951910134,1.4872351228806702,1.3019143961555866,72.0,68.0,169.0,27.0,0.19703695622115935,0.20570074286871162,0.2673669780467115,0.21268602317949614,0.5484489131564887,0.4797802801342736,0.506065948647932,0.5621947957044271,0.3592621874062113,0.4287394696821287,0.5283243789886318,0.3783137531769601,0.3512838891975385,-0.16906219158242053,0.1818933386905612,-0.15001062581167174,0.012421165164005932,-0.0995849093065031
1616,PO4P,0.33568113879229794,-0.5348867013829037,-0.6101764993771371,-0.30374417780311647,-1.9149126591729773,-1.6386556290204684,-1.8592815875245323,-1.914075456023909,72.0,68.0,169.0,27.0,0.8461578441738162,0.6640356717670323,0.8125094440676534,0.9230758087448018,0.5484489131564887,0.4797802801342736,0.506065948647932,0.5621947957044271,1.5428198030404017,1.3840411939840296,1.6055406340585718,1.6419145388711625,0.945857638169435,-0.06272083101817016,0.30643232157402067,0.03637390481259062,0.07528979799423341,-0.22149944007454225
1618,NO3N,0.8910292020616328,0.6599644368284657,0.7581343402833733,0.6889912985390612,0.986126474493448,0.22708197913237982,0.5159541995405935,0.41712535387403443,61.0,52.0,135.0,26.0,0.6284024695886736,0.5591319019527075,0.647334338841828,0.5747216250006526,0.7017540368165124,0.7415223428266015,0.7785139262082732,0.724170967016539,0.8954739646948152,0.7540324406427974,0.8315000118169354,0.7936269902788394,0.1328948617782595,0.06397395287787977,-0.06914304174431218,-0.03787302153809602,-0.09816990345490761,-0.07746757117413805
1618,PO4P,-0.43889792148940987,-0.2729174260871619,-0.3159669055881102,-0.34324770706563007,-4.553826729529053,-3.976462865596066,-4.276712367214452,-4.168837389005742,61.0,52.0,135.0,26.0,0.3684065592196787,0.3104938719166701,0.32724962202501995,0.3426334050047421,0.7017540368165124,0.7415223428266015,0.7785139262082732,0.724170967016539,0.524979608084543,0.41872490413856134,0.4203516610407711,0.47313883131262957,-0.12293101590129968,0.10462794704377193,-0.027280801477519878,0.052787170271858475,0.043049479500948284,-0.0016267569022097583
1638,NO3N,1.3859964197197139,1.321907694123011,1.5503139458155617,1.636462678125887,1.9490244207703498,1.3101728932759173,1.685720810468823,1.6611543211407571,73.0,69.0,199.0,19.0,0.887689361340584,0.7123123232903977,0.8316606947902019,0.9562093631838615,0.6499521259788575,0.5864656732515127,0.6102573829274032,0.6242168579287549,1.3657765331618592,1.214584852581669,1.3628031680677546,1.5318544365442284,-0.16431752609584782,0.0029733650941046186,0.08614873231032538,0.16905126847647378,-0.2284062516925507,-0.14821831548608566
1638,PO4P,-0.15352837789759177,-0.4979813770642531,-0.5969009608793613,-0.15153277710112972,-2.6634381890022,-2.25859606916458,-2.592299144293776,-2.286001317311361,73.0,69.0,199.0,19.0,1.3259923196961856,0.763772023458425,1.0464999569765974,0.7423721998484631,0.6499521259788575,0.5864656732515127,0.6102573829274032,0.6242168579287549,2.040138445118832,1.302330312401545,1.714850137423229,1.1892857272579362,0.4433725829817695,0.3252883076956028,0.44536818377823156,-0.5255644101652928,0.09891958381510818,-0.41251982502168394
1644,NO3N,1.162651823485653,1.2640191673673271,1.2937441266728404,1.4090151502488544,-1.1548667081226645,-1.3745472357072026,-1.3321171756457788,-1.5878939249797472,72.0,68.0,171.0,25.0,0.9162192388916441,0.6839606466994879,0.879490121041213,0.7815416960351218,0.7578377156278957,0.5689803871817865,0.6683833587261292,0.569138269942139,1.2089913447135892,1.2020812353255435,1.3158468258656708,1.373201798773041,-0.13109230318718734,-0.10685548115208165,0.11527102357601393,0.05735497290737013,-0.029724959305513332,-0.11376559054012736
1644,PO4P,-0.5507781496384211,-0.4155824402584038,-0.5631229119969171,-0.5169851484078999,-2.007315816139228,-1.3636400322281823,-1.635656443005074,-1.4822844451709363,72.0,68.0,171.0,25.0,0.8022703354451921,0.39545572852880684,0.5323627223081351,0.4015408609965692,0.7578377156278957,0.5689803871817865,0.6683833587261292,0.569138269942139,1.0586307845347633,0.6950252371396075,0.7964930834345791,0.705524267481418,0.01234476235849602,0.2621377011001842,0.04613776358901722,-0.09096881595316109,0.1475404717385133,-0.10146784629497163
1649,NO3N,1.3491346973555598,1.0166474468090878,1.199496269884669,1.3344592599329412,1.3130210307651513,1.060346169953527,1.1092527680514168,1.0927842336196252,60.0,53.0,130.0,20.0,0.9210589977015831,0.6357332309871293,0.8024945228040238,0.735910502015234,0.7058859633661838,0.6447063103964406,0.6899456551971601,0.5565645211798279,1.3048269061893452,0.9860819116167895,1.1631271488689954,1.322237537626763,0.14963842747089084,0.14169975732034978,0.13496299004827228,0.15911038875776762,-0.18284882307558115,-0.1770452372522059
1649,PO4P,-0.410374280765371,-0.2836498680934578,-0.4708386898576357,-0.4455148073665946,-2.1168508968768807,-1.5681610961939447,-1.9071595168257047,-1.602044800131981,60.0,53.0,130.0,20.0,0.8198888807415748,0.4304520472822576,0.5615784558688807,0.4488349240142574,0.7058859633661838,0.6447063103964406,0.6899456551971601,0.5565645211798279,1.1615033068964018,0.667671527858267,0.8139459269562369,0.8064382599573523,0.06046440909226469,0.3475573799401649,0.025323882491041116,-0.00750766699888461,0.1871888217641779,-0.1462743990979699
1665,NO3N,1.8312203480266398,1.6707327935855412,1.8479810163504704,1.948054921608469,2.1654898948416643,1.3666241933581222,1.8897552944303717,1.8041426201299195,62.0,60.0,160.0,20.0,0.5974729635402755,0.6342948453093259,0.6249276997765615,0.666425318996455,0.3465937336174098,0.35651408362390413,0.33744801548100134,0.3075145322187881,1.7238423710216315,1.7791578914970996,1.851922877323146,2.1671343926026614,-0.016760668323830608,-0.12808050630151446,0.10007390525799864,0.3152115152795154,-0.17724822276492924,-0.0727649858260464
1665,PO4P,-0.5276394139602426,-0.420007672879443,-0.5974215254860994,-0.5831802995700941,-4.166699248256348,-3.536829806297754,-3.944018271577148,-3.753160265383846,62.0,60.0,160.0,20.0,0.3407445015713856,0.32045241013556797,0.3377976638137355,0.31630364734983984,0.3465937336174098,0.35651408362390413,0.33744801548100134,0.3075145322187881,0.9831236647443807,0.8988492316438793,1.0010361546569944,1.0285811375079943,0.06978211152585678,-0.017912489912613627,0.014241225916005296,0.027544982850999933,0.17741385260665637,-0.10218692301311505
1668,NO3N,0.17315609285001776,-0.10442955432143165,-0.009239167813859833,0.04104042858514059,1.484809934477479,1.9384120339624187,1.7665879927399,1.6209530579253546,60.0,50.0,129.0,25.0,0.17701379477903204,0.13951417480068976,0.13436390140122437,0.10703279842044623,0.4624280016439542,0.5255650546818723,0.5095610682647003,0.5226527603542106,0.38279211931314566,0.26545557692213484,0.26368557130708176,0.20478758850887593,0.1823952606638776,0.1191065480060639,0.050279596399000426,-0.05889798279820582,-0.09519038650757182,0.001770005615053083
1668,PO4P,-0.4581617798709035,-0.5703264555797269,-0.5305185640007388,-0.41326625193812266,-1.4579064486601023,-0.8361864501477103,-1.1163068382888843,-1.3046436375154489,60.0,50.0,129.0,25.0,0.31707200706672584,0.4180550735723623,0.33112710520369576,0.3134504400062127,0.4624280016439542,0.5255650546818723,0.5095610682647003,0.5226527603542106,0.6856678357269008,0.7954392512367733,0.6498281085942109,0.5997298087429636,0.07235678412983532,0.0358397271326899,0.11725231206261616,-0.05009829985124736,-0.03980789157898812,0.14561114264256236
1669,NO3N,-0.21901413665049063,0.03925852361970878,-0.06654995157673682,0.04304622018533491,1.3315421762878539,1.1963998741503719,1.3730957205967045,1.24025850690162,60.0,48.0,115.0,29.0,0.25018543326904746,0.16167658437146298,0.2062883096983041,0.15895012883680296,0.6417633780499238,0.5900585790820807,0.6399461878446082,0.5293568984177774,0.3898406201196247,0.2740009044915061,0.32235258779038944,0.3002702511517226,-0.1524641850737538,0.06748803232923528,0.10959617176207173,-0.022082336638666822,0.1058084751964456,-0.04835168329888334
1669,PO4P,-0.5951110430840812,-0.4534995108178574,-0.4616196743820731,-0.4341203269362066,-1.9962462808436505,-1.6944111882265158,-1.8612905749007127,-1.7341257454020647,55.0,41.0,106.0,26.0,0.4196305268092905,0.3819233244828197,0.4026811405632116,0.39121571296305513,0.6575047653875212,0.5994144786415948,0.6468078278597851,0.5423531297133821,0.638216707922973,0.6371606594294186,0.6225668942437487,0.7213302395245719,-0.13349136870200817,0.015649813679224356,0.027499347445866462,0.0987633452808232,0.008120163564215688,0.014593765185669905
1670,NO3N,0.0025763720117169277,-0.034062968912088126,-0.07424041355648944,0.011289954053369222,1.670393085342783,1.5843026738932338,1.6968194183959167,1.5683615828026707,60.0,48.0,142.0,26.0,0.13197567347865544,0.12313267420298128,0.15423332993244052,0.08624316286304819,0.6336310047876608,0.5680565483730213,0.6252164557074323,0.5703766067062319,0.20828474692914128,0.21676129701461463,0.24668789268818192,0.15120389204087234,0.07681678556820637,-0.038403145759040636,0.08553036760985866,-0.09548400064730958,0.04017744464440132,-0.029926595673567286
1670,PO4P,-0.07161171876408867,-0.4856323754752654,-0.45957026475157386,-0.3089513802507623,-2.1207989968493695,-1.4864702362346915,-1.710179610830116,-1.8341380847777986,60.0,48.0,142.0,26.0,0.34787667876522693,0.4485135818190544,0.372999765544061,0.2960943335711212,0.6336310047876608,0.5680565483730213,0.6252164557074323,0.5703766067062319,0.5490209224875378,0.7895579816897602,0.5965930073321756,0.5191207530073587,0.3879585459874852,-0.04757208484463782,0.15061888450081157,-0.07747225432481686,-0.026062110723691523,0.19296497435758464
1671,NO3N,0.36582816928621337,0.23437752029408257,0.29388352377741217,0.5461837111323904,2.264486748436997,2.028629916571988,2.1345443042835828,2.2342021878259684,61.0,57.0,157.0,13.0,0.1931202269058821,0.18730315051125712,0.17667927059209274,0.21577146143866613,0.2845978588653222,0.6230880865986219,0.416482443636325,0.3300714651822205,0.6785723113864702,0.30060460878609807,0.42421781107865897,0.6537113449644807,0.0719446455088012,0.25435450030781126,0.2523001873549782,0.22949353388582172,-0.0595060034833296,-0.1236132022925609
1671,PO4P,-0.07327510349963541,-0.4912468031554182,-0.5768947268664071,-0.21838384469353367,-1.82263831830764,-2.2558051053524513,-2.491284692607241,-2.103520350455866,61.0,57.0,157.0,13.0,0.3613800896396355,0.38816669749441357,0.35121912249654674,0.36274075523146104,0.2845978588653222,0.6230880865986219,0.416482443636325,0.3300714651822205,1.2697920183955016,0.6229724269218151,0.8432987461128936,1.098976414187167,0.5036196233667717,0.426493272282608,0.3585108821728734,0.2556776680742734,0.0856479237109889,-0.22032631919107848
1672,NO3N,0.5243900841843687,0.20831678543907475,0.44793938937984823,0.29963813961731495,1.3267333870106164,1.6521428174014559,1.3288257871341338,1.357500971743606,96.0,89.0,224.0,23.0,0.41459737859059603,0.24983100546033665,0.3690040022730984,0.21673067777361768,0.38009426091472787,0.5435683809216226,0.48093130031827613,0.38440513032474943,1.090775160858345,0.45961283663473407,0.7672696745437337,0.5638079741301094,0.07645069480452049,0.3235054863146112,-0.14830124976253328,-0.20346170041362432,-0.23962260394077348,-0.30765683790899967
1672,PO4P,-0.20745890655365934,-0.7037514625443478,-0.6239195867941904,-0.5683682065820034,-1.3772596370059127,-0.07215816526351704,-0.7301736695377686,-0.9021211342531482,96.0,89.0,224.0,23.0,0.9875529220568641,0.7395284479327726,0.8538166402388573,0.7123781165832004,0.38009426091472787,0.5435683809216226,0.48093130031827613,0.38440513032474943,2.598178987707516,1.3605067437493308,1.7753401362602286,1.8531961734781635,0.416460680240531,0.8228388514472875,0.055551380212186974,0.07785603721793488,-0.07983187575015749,-0.4148333925108978
1673,NO3N,0.04786368766024672,0.11589283831430028,0.07819383233729506,0.053409842042782756,2.0972212706176543,2.016842208626052,2.0967372882567332,2.0594943026120873,48.0,42.0,129.0,20.0,0.06723068553569737,0.09195266038537805,0.07441276789205087,0.11995778165997105,0.40901900838735966,0.47383866685725795,0.5176489562181498,0.5641727903550082,0.16437056507659137,0.19405900534723233,0.143751411063778,0.21262596089486535,-0.030330144677048337,0.020619154012813362,-0.024783990294512302,0.06887454983108734,0.03769900597700522,0.05030759428345433
1673,PO4P,-0.4692445993659575,-0.34512294373441926,-0.3913133993064561,-0.21127184163952725,-2.2855958720630745,-2.0282915499620193,-2.0399625853763097,-2.362413625758255,48.0,42.0,129.0,20.0,0.8436584712241466,0.5609718176537298,0.5999757399685491,0.7050070286236106,0.40901900838735966,0.47383866685725795,0.5176489562181498,0.5641727903550082,2.0626387867655374,1.1838878016738985,1.1590397947517639,1.2496296182238456,-0.07793120005950144,0.9035989920137735,0.18004155766692884,0.09058982347208167,0.046190455572036826,0.024848006922134624
1674,NO3N,0.9826205706980008,0.4630088627471736,0.5289351319480989,0.7164932537884493,-0.9200068834104342,0.18665719585375218,0.1485469639884731,-0.6124831662367802,60.0,55.0,156.0,17.0,0.3274477540401585,0.2569287677834861,0.2572283940921979,0.31854125581531323,0.26833354607603255,0.5037080675126778,0.3989905470513214,0.3486530636297929,1.2203012214781968,0.5100747523306631,0.6446979658871744,0.9136338929565436,0.45368543874990186,0.5756032555910223,0.18755812184035037,0.2689359270693692,-0.06592626920092531,-0.1346232135565113
1674,PO4P,0.1853137954877326,-0.10557696053320836,-0.2713937522017236,-0.1792341993934368,-2.69285446323848,-1.8947454829858421,-1.3684467502824023,-1.804511019113174,60.0,55.0,156.0,17.0,0.5199813848445505,0.3995418921808689,0.3810480142163828,0.38037191690531297,0.26833354607603255,0.5037080675126778,0.3989905470513214,0.3486530636297929,1.9378172891480863,0.7932012964450144,0.9550301806207185,1.0909754038736907,0.4567075476894562,0.9827871085273677,0.09215955280828683,0.1359452232529722,0.16581679166851526,-0.16182888417570418
1676,NO3N,0.2590345514064527,0.16049050319516156,0.1623457829947615,,2.1065728312382497,2.0123986598570083,2.0344014633555147,,59.0,59.0,131.0,2.0,0.17928241509878845,0.146875820267288,0.13944429190007124,,0.592531661435725,0.6907256680843938,0.7171671257183931,,0.30257018614732056,0.21263987579124174,0.1944376518379709,,0.09668876841169122,0.10813253430934966,,,-0.0018552797995999293,0.01820222395327084
1676,PO4P,0.06227332712750132,-0.3931658444456067,-0.36102910078689143,,-2.2431353814068418,-2.2483784136463725,-2.5447882318148296,,59.0,59.0,131.0,2.0,0.7124175069028151,0.47960645892472553,0.5183011709069353,,0.592531661435725,0.6907256680843938,0.7171671257183931,,1.2023281678764683,0.6943515799185944,0.722706259559441,,0.42330242791439276,0.47962190831702733,,,-0.03213674365871527,-0.028354679640846592
1677,NO3N,0.11243695570962005,0.05054661213553469,0.02536218242643123,0.10270243125529312,1.3717402529524627,1.5112916201873987,1.6255839359596551,1.3227640382119963,72.0,61.0,185.0,30.0,0.10499585683112218,0.15830891085486085,0.14979576831771463,0.11800045540263192,0.3106808984847236,0.5181645470440353,0.5123710533344655,0.4558994752083182,0.33795401437042294,0.30551860747317255,0.29235798420472237,0.25882998735349044,0.08707477328318881,0.045596030165700574,0.07734024882886188,-0.03352799685123192,0.02518442970910346,0.013160623268450189
1677,PO4P,-0.022213724261393144,-0.2244502176311416,-0.3461527692683149,-0.1758394766564236,-2.3905194298103596,-1.8049006694762262,-1.3706394446869392,-1.9984529941270517,72.0,61.0,185.0,30.0,0.564565574579029,0.2370146913386502,0.5939705702041591,0.26194797765830324,0.3106808984847236,0.5181645470440353,0.5123710533344655,0.4558994752083182,1.8171879163880722,0.45741201842299706,1.1592586394931,0.5745739837463271,0.3239390450069218,0.6579292768949723,0.1703132926118913,-0.5846846557467729,0.1217025516371733,-0.7018466210701029
1678,NO3N,0.5167355497589772,0.43459184421691693,0.5040609343370268,0.39625921604491043,0.5834022568969615,0.332762678548141,0.40688252089578714,0.6210938240507409,96.0,88.0,248.0,36.0,0.24576555280038428,0.280982345482008,0.29595818886652825,0.24331446460525288,0.3183316032792437,0.4889450437641938,0.5172776979455416,0.5818616523214271,0.772042581599403,0.5746706078025384,0.5721456580130513,0.41816549283581794,0.012674615421950364,0.1998969235863517,-0.10780171829211638,-0.15398016517723334,-0.06946909012010988,0.002524949789487141
1678,PO4P,-0.29209756769811424,-0.5376551277304166,-0.5654098739534342,-0.6008592098315232,-1.172300655347963,-0.4367900133389524,-0.6335024507600573,-0.31398132430668046,93.0,73.0,230.0,36.0,0.7509560983602551,0.6919528214598265,0.8022238754202883,0.6721818263624812,0.32079699278333196,0.5016523333945339,0.5256694405117008,0.5818616523214271,2.340907537332979,1.3793473595100918,1.526099509683085,1.155226201418684,0.27331230625532,0.8148080276498941,-0.03544933587808896,-0.3708733082644009,0.027754746223017657,-0.14675215017299315
1679,NO3N,1.3735763262269123,0.42518473237151677,0.6438004432461799,0.37221544369155085,1.806355257630381,1.483614414580881,1.6124802510648182,1.6444013921937217,83.0,77.0,186.0,25.0,0.4752804272689833,0.27393455769716835,0.3412538896214633,0.25585415565286423,0.23814530437782644,0.5448547052140817,0.41933323125541155,0.49991980583859597,1.9957581297296254,0.5027662513982242,0.8138012067391078,0.5117903965090538,0.7297758829807324,1.1819569229905176,-0.27158499955462906,-0.30201081023005405,-0.21861571087466314,-0.31103495534088366
1679,PO4P,-0.4941220226301904,-0.5908724534215337,-0.619699538023088,0.0952409897880793,-0.5147293158883054,-0.3444514193009732,-0.5548591964206471,-0.8715637076704368,83.0,77.0,186.0,25.0,0.7495114674785658,0.83381053878086,0.9513156876311988,0.7089968619028033,0.23814530437782644,0.5448547052140817,0.41933323125541155,0.49991980583859597,3.1472863571117817,1.5303355753406647,2.2686389170329364,1.4182211899236294,0.12557751539289758,0.8786474400788453,0.7149405278111672,-0.850417727109307,0.028827084601554254,-0.7383033416922717
1680,NO3N,-0.033367609140623214,0.016583525555971933,-0.006477462180712072,0.026418155777282182,1.654662264613748,1.5992648877269795,1.6560888795790845,1.5353200253366852,72.0,61.0,182.0,33.0,0.11975500943057536,0.16204663567295374,0.1716985391148773,0.13710925421047085,0.43731361270888786,0.5371224474593636,0.5616144406433875,0.5665587844565617,0.2738424003972047,0.3016940298053984,0.30572315576176934,0.24200358016156234,-0.02689014695991114,-0.03188075536456464,0.032895617957994255,-0.063719575600207,0.023060987736684004,-0.004029125956370949
1680,PO4P,0.15672937337374035,-0.12433817161228392,-0.14621143385329446,-0.15764834860214083,-3.1216089135430196,-2.516363509339655,-2.3632780158001747,-2.4312604838565166,72.0,61.0,182.0,33.0,0.42207680662285574,0.2866395450680946,0.4403253264175174,0.2808931035407995,0.43731361270888786,0.5371224474593636,0.5616144406433875,0.5665587844565617,0.9651581710625253,0.5336577281845599,0.7840349082069171,0.495788100453212,0.3029408072270348,0.1811232628556082,-0.011436914748846366,-0.28824680775370515,0.02187326224101055,-0.2503771800223572
1683,NO3N,0.29984772215936284,0.2224054835142388,0.3175455972568689,0.2180442583479756,1.1227882974179266,0.950015824323785,0.9098151562502541,1.0664820377558413,72.0,56.0,156.0,28.0,0.1892915929586856,0.19631571219216257,0.22741436214115515,0.2203983834427865,0.46709222495308184,0.5413288264421207,0.6244198052982778,0.7186991344110146,0.40525528545823997,0.36265519699448856,0.36420107147710035,0.30666293152475615,-0.017697875097506033,0.04105421398113962,-0.09950133890889326,-0.05753813995234419,-0.09514011374263007,-0.0015458744826117865
1683,PO4P,-0.7577365633684248,-0.38478022700921743,-0.46796838643082056,-0.47803900267402855,-1.0557538288993087,-1.6090213480335238,-1.5178527193058409,-1.3041231731084806,72.0,56.0,156.0,28.0,0.4241539029754391,0.3476778144381231,0.4447541005439282,0.5007550774489453,0.46709222495308184,0.5413288264421207,0.6244198052982778,0.7186991344110146,0.908073139128026,0.6422673197051647,0.7122677672459069,0.6967520252536857,-0.2897681769376042,0.1958053718821191,-0.010070616243207986,-0.015515741992221166,0.08318815942160313,-0.0700004475407422
1684,NO3N,0.24073627156240376,0.10022552603459266,0.11020879653189461,0.1933897804779673,0.5585616904164432,0.8665507284684332,0.9117417804080754,0.5068684788893975,72.0,55.0,153.0,32.0,0.18727257400685116,0.15443167187903392,0.14993841786214343,0.2017474346711573,0.4641378797665521,0.5463685469806917,0.538959581927057,0.6003848870903741,0.4034847879708587,0.28265110195754267,0.2781997442666047,0.3360301683289854,0.13052747503050915,0.12528504370425397,0.08318098394607268,0.0578304240623807,-0.009983270497301952,0.004451357690937963
1684,PO4P,-0.3807027006325627,-0.37557197174547585,-0.4778285954019376,-0.40486133342838315,-0.9199966546145515,-0.6678870118396742,-0.4550479203200537,-0.6432929628573871,72.0,55.0,153.0,32.0,0.28768520118241747,0.2745986089791135,0.2863428952526954,0.32153086940044384,0.4641378797665521,0.5463685469806917,0.538959581927057,0.6003848870903741,0.6198270249502471,0.5025886107401011,0.5312882539890518,0.5355412441486802,0.09712589476937494,0.08853877096119533,0.07296726197355446,0.004252990159628434,0.10225662365646176,-0.02869964324895069
1685,NO3N,0.10721508787510378,0.00032607132104634553,0.03933261027994246,0.0981483036048808,0.9432281434030271,1.0770879722251705,1.0271204007284696,0.761982534885361,60.0,48.0,150.0,30.0,0.13781576727540806,0.13027063733535413,0.12107489868521591,0.1221397201203928,0.49236855352815717,0.5253748586027317,0.5665694751881347,0.53645479998611,0.27990367436722735,0.24795750158623367,0.21369823823461695,0.22767942448004055,0.06788247759516132,0.0662054361326104,0.05881569332493834,0.013981186245423605,-0.039006538958896116,0.03425926335161672
1685,PO4P,-0.47590621923523485,-0.3996636799344583,-0.5606013754154446,-0.4900198766231728,-1.1466994938355448,-1.1715075952782985,-0.8120942820359145,-1.01334284525703,60.0,48.0,150.0,30.0,0.30958815870450485,0.3396890506929095,0.34090354539103185,0.3466400114324745,0.49236855352815717,0.5253748586027317,0.5665694751881347,0.53645479998611,0.6287732156858803,0.6465651051447997,0.6016976916693785,0.6461681607498895,0.08469515618020979,0.027075524016501817,0.07058149879227182,0.044470469080511,0.16093769548098635,0.044867413475421225
1686,NO3N,0.15358986234533037,0.05121321557861385,0.08421725898705114,0.07551011755383959,1.2138136716496004,1.2465060939845132,1.238171435128349,1.1504166908312279,59.0,42.0,120.0,30.0,0.16973540483154761,0.1340064350840066,0.13564636388969264,0.10963608073143571,0.6177258121074266,0.5661729872987185,0.6239836666813217,0.6018635794350472,0.2747746678295345,0.23668814671531382,0.2173876835769315,0.1821610153489402,0.06937260335827923,0.057386984252603024,-0.008707141433211552,-0.03522666822799131,-0.03300404340843729,0.019300463138382323
1686,PO4P,-0.5884992291621978,-0.4398454510321998,-0.5551132518287791,-0.5183491650662914,-1.6527933599880489,-1.4622983022941027,-1.4589002822130497,-1.4493848047482931,59.0,42.0,120.0,30.0,0.3610507815761212,0.3733554163341335,0.374776863300206,0.40451194289711423,0.6177258121074266,0.5661729872987185,0.6239836666813217,0.6018635794350472,0.5844838834633838,0.6594370001922177,0.6006196689305499,0.672099054866916,-0.03338597733341864,-0.016135785467166097,0.03676408676248777,0.07147938593636616,0.11526780079657933,0.05881733126166788
1687,NO3N,0.08244664907577284,0.2544155882311664,0.1361914560377414,0.02154782510641661,1.3020254334148793,0.998628665912763,1.2419051984975278,1.385686504915573,48.0,41.0,129.0,21.0,0.18832366919371235,0.1860084250565173,0.1736831053813063,0.17227659155347874,0.5382605821769263,0.5023882806923466,0.708459167729134,0.4355874400017843,0.3498745318337473,0.37024833620755865,0.24515612655281604,0.3955040383000324,-0.053744806961968566,0.10471840528093124,-0.11464363093132479,0.15034791174721635,0.11822413219342498,0.1250922096547426
1687,PO4P,-0.5183213043746245,-0.3983504460281737,-0.40821388335580494,-0.4582738183238626,-1.6518824132985357,-1.4332253909478048,-1.5583527701165645,-1.4011604323812041,48.0,41.0,129.0,21.0,0.323000005231589,0.33127937041373334,0.357985622806443,0.3406860985305243,0.5382605821769263,0.5023882806923466,0.708459167729134,0.4355874400017843,0.6000811055590523,0.6594090331032278,0.5053017013724524,0.782130215988617,-0.1101074210188196,0.0947794041865998,-0.05005993496805766,0.27682851461616453,0.00986343732763123,0.1541073317307754
1688,NO3N,0.11966149505740525,0.36523726697297115,0.24944629257600776,0.10168698228076416,0.828841789301251,0.08323944805756023,0.5240514260314032,0.8355313429981622,96.0,82.0,251.0,39.0,0.3143823146099513,0.3220113487529615,0.33689367719667945,0.20261129594111044,0.4924187199684199,0.4760793065012558,0.5316314401952722,0.49603725973537627,0.6384450912632108,0.6763817379911935,0.6336978058952568,0.4084598323303346,-0.1297847975186025,0.004747285367953991,-0.14775931029524358,-0.2252379735649222,0.1157909743969634,0.04268393209593668
1688,PO4P,-0.49229092835390204,-0.5004803653254497,-0.5272263643528288,-0.4748402922834636,-1.5528048969353085,-0.8772094943130202,-1.2464626443524018,-1.2477863022588234,96.0,82.0,251.0,39.0,0.4174587755210866,0.4891079584547123,0.4883773654573673,0.3523438261175951,0.4924187199684199,0.4760793065012558,0.5316314401952722,0.49603725973537627,0.8477719440639043,1.0273665579989288,0.9186389828223528,0.7103172578317241,0.034935435998926734,-0.07086703875844846,0.052386072069365186,-0.20832172499062873,0.026745999027379064,0.10872757517657605
1689,NO3N,0.05681620083106055,0.03301116036448884,0.05075403760403536,0.041402798280514935,1.3388596336118928,1.3076264388568248,1.3188293127832624,1.2745056839136621,48.0,38.0,133.0,21.0,0.09962798501517721,0.11049948185357958,0.10034964652988491,0.12197458461029871,0.48291755760055277,0.5959602704442659,0.606115885710439,0.5278348442671883,0.20630433382913962,0.18541417496036502,0.16556181564563904,0.2310847529962527,0.006062163227025193,0.04074251818350058,-0.009351239323520423,0.06552293735061365,-0.01774287723954652,0.01985235931472598
1689,PO4P,-0.7766635512480192,-0.5364356483041544,-0.6576747763940263,-0.6867173275475581,-1.9289869138762503,-1.4615410080594877,-1.650018378729226,-1.4492169309704652,48.0,38.0,133.0,21.0,0.38796255331081003,0.4407830035410364,0.43177030885322765,0.5176976872598422,0.48291755760055277,0.5959602704442659,0.606115885710439,0.5278348442671883,0.8033722261796802,0.7396181010731626,0.7123560346007797,0.9807948317216157,-0.11898877485399295,0.09101619157890051,-0.029042551153531826,0.26843879712083607,0.12123912808987192,0.02726206647238294
1690,NO3N,-0.10244802916931703,0.003986380613948291,-0.08187109503336265,-0.00881708177677506,1.1653454550214715,1.00071324274695,1.1575517100705888,0.9814945724144151,96.0,71.0,213.0,52.0,0.11343315377852008,0.12092839896997669,0.12177008284269056,0.13623302100228332,0.4234564269524586,0.47655715198220033,0.5082659918181675,0.5504442003165296,0.2678744412852074,0.2537542422078547,0.2395794422662335,0.24749651449491764,-0.020576934135954378,0.028294999018973865,0.07305401325658759,0.007917072228684124,0.08585747564731094,0.014174799941621186
1690,PO4P,-0.8440402670137453,-0.8939512579370316,-0.677709755813091,-0.5727233535992159,-0.5658350338832161,0.0592237753220346,-0.583161331479524,-0.8612095919751588,96.0,71.0,213.0,52.0,0.9032641634906878,0.7690961054826726,0.7950272801303949,0.9601155497268709,0.4234564269524586,0.47655715198220033,0.5082659918181675,0.5504442003165296,2.1330746353085748,1.6138591190661613,1.564195309008234,1.7442559103625075,-0.16633051120065434,0.5688793263003409,0.10498640221387512,0.1800606013542736,-0.21624150212394055,0.049663810057927416
1691,NO3N,0.11251699509677207,0.10192072599204476,0.11195859340326816,0.0670738841168736,0.6762370800621599,0.46230837486309917,0.5733169712778279,0.522941213055558,96.0,82.0,224.0,42.0,0.21861259244442494,0.2585636298662781,0.22108122075457068,0.21737826388259823,0.5459560127527412,0.5649258621426982,0.6173242275527921,0.5714160541764152,0.4004216225079523,0.4576948006691998,0.3581282102453436,0.38042029497387264,0.0005584016935039071,0.04229341226260874,-0.04488470928639457,0.02229208472852906,-0.010037867411223408,0.09956659042385624
1691,PO4P,-0.4759806917195266,-0.565045138821113,-0.47492797638648626,-0.4667589720709383,-2.122626708488089,-1.6362832123840274,-1.961927347629532,-2.044671788998656,96.0,82.0,224.0,42.0,0.7145397550058605,0.5478571232954551,0.585550144784745,0.4917280215507641,0.5459560127527412,0.5649258621426982,0.6173242275527921,0.5714160541764152,1.3087863093642116,0.9697858781283204,0.9485293443058171,0.8605428880703994,-0.001052715333040355,0.36025696505839444,0.008169004315547956,-0.08798645623541779,-0.0901171624346267,0.021256533822503254
1692,NO3N,1.1235984024642414,0.9529066859036393,0.8867247802680942,0.6240536372627815,0.15047648699051408,0.06991417743494299,0.34366766520084335,0.5281850236275518,59.0,46.0,124.0,22.0,0.3022745004810234,0.35718383504870066,0.27963673312821363,0.28793703976930435,0.19569814853659875,0.341179234901167,0.26768033162724714,0.2552179512873122,1.544595606761671,1.0469096548392516,1.0446667165580776,1.1282005764757457,0.23687362219614716,0.49992889020359343,-0.2626711430053127,0.08353385991766804,0.06618190563554505,0.002242938281173945
1692,PO4P,0.1388332920289572,-0.19304363579536982,-0.3839230918472224,-0.3985591477592926,-2.440894896654969,-2.0511615221210855,-1.8105745982018282,-1.6917536007399754,59.0,46.0,124.0,22.0,0.2801827502959363,0.27497226795601354,0.2027946253832237,0.24356598187022066,0.19569814853659875,0.341179234901167,0.26768033162724714,0.2552179512873122,1.4317087432410611,0.805946669162523,0.7576000229468532,0.9543450240928614,0.5227563838761796,0.6741087202942079,-0.014636055912070178,0.19674500114600812,0.19087945605185258,0.04834664621566975
